Acc_x,Acc_y,Acc_z,Gyro_x,Gyro_y,Gyro_z
1717.408,1.0375,-0.0901,8.6045,5.063,634.3655
1717.408,1.0375,-0.0901,8.6045,5.063,634.3655
1717.408,1.0375,-0.0901,8.6045,5.063,634.3655
1717.408,1.0375,-0.0901,8.6045,5.063,634.3655
1717.408,1.0375,-0.0901,8.6045,5.063,634.3655
1717.408,1.0375,-0.0901,8.6045,5.063,634.3655
1717.408,0.813,-0.0901,8.6045,5.063,634.3655
1717.408,0.813,-0.20750000000000002,8.6045,5.063,634.3655
1717.408,0.813,-0.20750000000000002,-20.1165,5.063,634.3655
1717.408,1.0375,-0.20750000000000002,-20.1165,-24.6315,634.3655
1717.408,1.4865,-0.0901,8.6045,5.063,634.3655
1717.408,1.0375,-0.0901,37.3255,5.063,634.3655
1717.408,0.813,-0.20750000000000002,8.6045,5.063,634.3655
1717.408,1.0375,-0.20750000000000002,8.6045,5.063,634.3655
1717.408,1.0375,-0.20750000000000002,-20.1165,-24.6315,634.3655
,0.813,,,,634.3655
1717.408,0.813,-0.0901,8.6045,5.063,634.3655
1717.408,1.0375,-0.0901,-20.1165,5.063,634.3655
1717.408,1.0375,0.027649999999999997,8.6045,5.063,634.3655
1717.408,1.0375,-0.0901,8.6045,5.063,634.3655
1717.408,1.0375,-0.0901,8.6045,5.063,634.3655
1717.408,1.0375,-0.0901,8.6045,5.063,634.3655
1717.408,1.0375,-0.0901,8.6045,5.063,634.3655
1717.408,0.813,-0.0901,37.3255,5.063,634.3655
1717.408,0.813,-0.20750000000000002,37.3255,5.063,634.3655
1717.408,0.813,-0.20750000000000002,8.6045,5.063,634.3655
1717.408,1.0375,-0.20750000000000002,-20.1165,5.063,634.3655
1717.408,1.4865,-0.20750000000000002,8.6045,5.063,634.3655
1717.408,1.0375,-0.20750000000000002,8.6045,5.063,634.3655
1717.408,0.813,-0.20750000000000002,8.6045,5.063,634.3655
1717.408,1.0375,-0.20750000000000002,-20.1165,5.063,634.3655
1717.408,1.0375,-0.20750000000000002,-20.1165,-24.6315,634.3655
1717.408,0.813,-0.0901,-48.8375,5.063,634.3655
1717.408,0.5885,-0.0901,8.6045,5.063,634.3655
1717.408,1.0375,0.027649999999999997,8.6045,5.063,634.3655
1717.408,0.813,0.027649999999999997,8.6045,5.063,634.3655
1717.408,1.0375,0.027649999999999997,8.6045,5.063,634.3655
1717.408,1.0375,-0.0901,8.6045,5.063,634.3655
1717.408,1.0375,-0.0901,8.6045,5.063,634.3655
1717.408,1.0375,-0.0901,8.6045,5.063,634.3655
1717.408,1.0375,-0.0901,8.6045,5.063,634.3655
1717.408,0.813,-0.0901,8.6045,5.063,634.3655
1717.408,0.813,-0.0901,37.3255,5.063,634.3655
1717.408,0.813,-0.20750000000000002,8.6045,5.063,634.3655
1717.408,0.813,-0.20750000000000002,-20.1165,5.063,634.3655
1717.408,1.262,-0.0901,-20.1165,-24.6315,634.3655
1717.408,1.262,-0.0901,37.3255,5.063,634.3655
1717.408,0.813,-0.0901,8.6045,5.063,634.3655
1717.408,1.0375,-0.20750000000000002,8.6045,5.063,634.3655
1717.408,1.0375,-0.20750000000000002,8.6045,5.063,634.3655
1717.408,1.0375,-0.20750000000000002,-20.1165,5.063,634.3655
1717.408,1.0375,-0.20750000000000002,-20.1165,5.063,634.3655
1717.408,0.813,-0.0901,-48.8375,5.063,634.3655
1717.408,0.813,0.027649999999999997,8.6045,5.063,634.3655
1717.408,1.0375,-0.0901,8.6045,5.063,634.3655
1717.408,1.0375,0.027649999999999997,8.6045,5.063,634.3655
1717.408,1.0375,0.027649999999999997,8.6045,5.063,634.3655
1717.408,1.0375,0.027649999999999997,8.6045,5.063,634.3655
1717.408,1.0375,-0.0901,8.6045,5.063,634.3655
1717.408,1.0375,-0.0901,8.6045,5.063,634.3655
1717.408,1.0375,-0.0901,8.6045,5.063,634.3655
1717.408,1.0375,-0.0901,8.6045,5.063,634.3655
1717.408,0.813,-0.0901,37.3255,5.063,634.3655
1717.408,0.813,-0.20750000000000002,8.6045,,634.3655
1717.408,1.0375,-0.20750000000000002,-20.1165,5.063,634.3655
1717.408,1.0375,-0.0901,-48.8375,-24.6315,634.3655
1717.408,1.4865,-0.0901,37.3255,5.063,634.3655
1717.408,0.813,-0.0901,8.6045,-24.6315,634.3655
1717.408,0.813,-0.20750000000000002,8.6045,5.063,634.3655
1717.408,0.813,-0.20750000000000002,8.6045,5.063,634.3655
1717.408,1.0375,-0.20750000000000002,-20.1165,5.063,634.3655
1717.408,1.0375,-0.20750000000000002,-20.1165,-24.6315,634.3655
1717.408,0.813,-0.0901,-20.1165,5.063,634.3655
1717.408,0.813,0.027649999999999997,8.6045,5.063,
1717.408,1.0375,-0.0901,8.6045,5.063,634.3655
1717.408,1.0375,-0.0901,8.6045,5.063,634.3655
1717.408,1.0375,-0.0901,8.6045,5.063,634.3655
1717.408,1.0375,-0.0901,8.6045,5.063,634.3655
1717.408,1.0375,-0.0901,8.6045,5.063,634.3655
1717.408,1.0375,-0.0901,8.6045,5.063,634.3655
1717.408,1.0375,-0.0901,8.6045,5.063,634.3655
1717.408,1.0375,-0.0901,8.6045,5.063,634.3655
1717.408,1.0375,-0.0901,8.6045,5.063,634.3655
1717.408,1.0375,-0.0901,8.6045,5.063,634.3655
1717.408,1.0375,-0.0901,8.6045,5.063,634.3655
1717.408,1.0375,-0.0901,8.6045,5.063,634.3655
1717.408,1.0375,-0.0901,8.6045,5.063,634.3655
1717.408,0.813,-0.0901,8.6045,5.063,634.3655
1717.408,0.813,-0.20750000000000002,8.6045,5.063,634.3655
1717.408,0.813,-0.20750000000000002,8.6045,-24.6315,634.3655
1717.408,1.0375,-0.20750000000000002,8.6045,-24.6315,634.3655
1717.408,1.0375,-0.0901,-20.1165,-24.6315,634.3655
1717.408,1.262,-0.0901,8.6045,5.063,634.3655
1717.408,1.0375,-0.0901,8.6045,5.063,634.3655
1717.408,1.0375,-0.0901,8.6045,5.063,634.3655
1717.408,1.0375,-0.20750000000000002,8.6045,5.063,634.3655
1717.408,1.0375,-0.0901,-20.1165,5.063,634.3655
1717.408,0.813,-0.0901,-20.1165,5.063,634.3655
1717.408,0.813,-0.0901,8.6045,5.063,634.3655
1717.408,1.0375,-0.0901,8.6045,5.063,634.3655
1717.408,0.813,-0.20750000000000002,8.6045,5.063,634.3655
1717.408,0.813,-0.20750000000000002,8.6045,5.063,634.3655
1717.408,0.813,-0.20750000000000002,8.6045,5.063,634.3655
1717.408,0.813,-0.20750000000000002,-20.1165,-24.6315,634.3655
1717.408,1.262,-0.20750000000000002,8.6045,5.063,634.3655
1717.408,1.0375,-0.20750000000000002,8.6045,5.063,634.3655
1717.408,0.813,-0.20750000000000002,8.6045,5.063,634.3655
1717.408,0.813,-0.20750000000000002,8.6045,5.063,634.3655
1717.408,1.0375,-0.20750000000000002,-20.1165,5.063,634.3655
1717.408,1.0375,-0.20750000000000002,-20.1165,5.063,634.3655
1717.408,0.813,-0.0901,-20.1165,5.063,634.3655
1717.408,1.0375,-0.0901,8.6045,5.063,634.3655
1717.408,1.0375,-0.0901,8.6045,5.063,634.3655
1717.408,1.0375,-0.0901,8.6045,5.063,634.3655
1717.408,0.813,-0.20750000000000002,8.6045,5.063,634.3655
1717.408,0.813,-0.20750000000000002,8.6045,5.063,634.3655
1717.408,0.813,-0.20750000000000002,8.6045,5.063,634.3655
1717.408,1.0375,-0.20750000000000002,8.6045,-24.6315,634.3655
1717.408,1.4865,-0.0901,-20.1165,5.063,634.3655
1717.408,1.0375,-0.0901,8.6045,5.063,634.3655
1717.408,0.813,-0.20750000000000002,8.6045,5.063,634.3655
1717.408,0.813,-0.20750000000000002,8.6045,5.063,634.3655
1717.408,1.0375,-0.20750000000000002,8.6045,5.063,634.3655
1717.408,1.0375,-0.20750000000000002,-20.1165,5.063,634.3655
1717.408,1.0375,-0.0901,-20.1165,34.757,634.3655
1717.408,0.813,-0.0901,8.6045,5.063,634.3655
1717.408,1.0375,-0.0901,8.6045,-24.6315,634.3655
1717.408,1.0375,-0.0901,8.6045,5.063,634.3655
1717.408,1.0375,-0.0901,8.6045,5.063,634.3655
1717.408,1.0375,-0.0901,8.6045,5.063,634.3655
1717.408,0.813,-0.0901,8.6045,5.063,634.3655
1717.408,0.813,-0.20750000000000002,8.6045,5.063,634.3655
1717.408,0.813,-0.20750000000000002,8.6045,5.063,634.3655
1717.408,0.813,-0.20750000000000002,8.6045,-24.6315,634.3655
1717.408,1.0375,-0.20750000000000002,-20.1165,-24.6315,634.3655
1717.408,1.262,-0.0901,8.6045,5.063,634.3655
1717.408,0.813,-0.20750000000000002,-20.1165,5.063,634.3655
1717.408,0.813,-0.20750000000000002,8.6045,5.063,634.3655
1717.408,1.0375,-0.20750000000000002,8.6045,5.063,634.3655
1717.408,1.0375,-0.0901,8.6045,5.063,634.3655
1717.408,1.0375,-0.0901,8.6045,5.063,634.3655
1717.408,1.0375,-0.0901,-20.1165,5.063,634.3655
1717.408,0.813,-0.0901,8.6045,5.063,634.3655
1717.408,1.0375,-0.0901,8.6045,-24.6315,634.3655
1717.408,1.0375,-0.0901,8.6045,5.063,634.3655
1717.408,1.0375,-0.0901,8.6045,5.063,634.3655
1717.408,1.0375,-0.0901,8.6045,5.063,634.3655
1717.408,0.813,-0.0901,8.6045,5.063,634.3655
1717.408,0.813,-0.20750000000000002,8.6045,5.063,634.3655
1717.408,0.813,-0.20750000000000002,8.6045,-24.6315,634.3655
1717.408,0.813,-0.20750000000000002,-20.1165,-24.6315,634.3655
1717.408,1.0375,-0.20750000000000002,8.6045,-24.6315,634.3655
1717.408,1.4865,-0.0901,-20.1165,5.063,634.3655
1717.408,0.813,-0.20750000000000002,8.6045,5.063,634.3655
1717.408,0.813,-0.20750000000000002,8.6045,5.063,634.3655
1717.408,0.813,-0.20750000000000002,8.6045,5.063,634.3655
1717.408,1.0375,-0.20750000000000002,8.6045,5.063,634.3655
1717.408,1.0375,-0.20750000000000002,-20.1165,5.063,634.3655
1717.408,1.0375,-0.0901,-20.1165,5.063,634.3655
1717.408,0.813,-0.0901,-20.1165,5.063,634.3655
1717.408,0.813,-0.0901,8.6045,5.063,634.3655
1717.408,1.0375,-0.0901,8.6045,5.063,634.3655
1717.408,1.0375,-0.0901,8.6045,5.063,634.3655
1717.408,1.0375,-0.0901,8.6045,5.063,634.3655
1717.408,1.0375,-0.0901,8.6045,5.063,634.3655
1717.408,1.0375,-0.0901,8.6045,5.063,634.3655
1717.408,1.0375,-0.0901,8.6045,5.063,634.3655
1717.408,1.0375,-0.0901,8.6045,5.063,634.3655
1717.408,1.0375,0.027649999999999997,8.6045,5.063,634.3655
1717.408,0.813,0.027649999999999997,8.6045,5.063,634.3655
1717.408,0.813,-0.0901,37.3255,5.063,634.3655
1717.408,0.813,-0.20750000000000002,8.6045,5.063,634.3655
1717.408,0.813,-0.0901,-20.1165,-24.6315,634.3655
1717.408,1.262,0.027649999999999997,-20.1165,-24.6315,634.3655
1717.408,1.262,0.027649999999999997,37.3255,5.063,634.3655
1717.408,0.813,-0.0901,8.6045,5.063,634.3655
1717.408,0.813,-0.0901,8.6045,5.063,634.3655
1717.408,1.0375,-0.0901,8.6045,5.063,634.3655
1717.408,1.0375,-0.0901,-20.1165,5.063,634.3655
1717.408,0.813,0.027649999999999997,-20.1165,5.063,634.3655
1717.408,0.813,0.027649999999999997,8.6045,5.063,634.3655
1717.408,1.0375,0.027649999999999997,8.6045,5.063,634.3655
1717.408,0.5885,-0.0901,37.3255,5.063,634.3655
1717.408,1.0375,-0.20750000000000002,8.6045,,634.3655
1717.408,1.0375,-0.0901,-20.1165,5.063,634.3655
1717.408,1.262,0.027649999999999997,-20.1165,-24.6315,634.3655
1717.408,1.262,0.027649999999999997,37.3255,5.063,634.3655
1717.408,0.813,-0.0901,8.6045,5.063,634.3655
1717.408,1.0375,-0.20750000000000002,-20.1165,5.063,634.3655
1717.408,1.0375,-0.0901,8.6045,5.063,634.3655
1717.408,1.0375,-0.0901,-20.1165,-24.6315,634.3655
1717.408,0.5885,0.027649999999999997,-20.1165,5.063,634.3655
1717.408,1.0375,0.027649999999999997,8.6045,5.063,634.3655
1717.408,0.813,0.027649999999999997,8.6045,5.063,634.3655
1717.408,0.813,-0.0901,37.3255,5.063,634.3655
1717.408,1.0375,-0.0901,-20.1165,-24.6315,634.3655
1717.408,1.262,0.027649999999999997,-48.8375,-24.6315,634.3655
1717.408,1.4865,0.027649999999999997,37.3255,5.063,634.3655
1717.408,0.813,-0.0901,8.6045,5.063,634.3655
1717.408,0.813,-0.0901,8.6045,5.063,634.3655
1717.408,1.0375,-0.0901,8.6045,5.063,634.3655
1717.408,1.0375,-0.0901,8.6045,5.063,634.3655
1717.408,1.0375,-0.0901,-20.1165,-24.6315,634.3655
1717.408,0.813,0.027649999999999997,-20.1165,5.063,634.3655
1717.408,0.813,-0.0901,8.6045,5.063,634.3655
1717.408,0.813,0.027649999999999997,37.3255,5.063,634.3655
1717.408,0.813,-0.0901,37.3255,5.063,634.3655
1717.408,1.0375,-0.20750000000000002,-20.1165,-24.6315,634.3655
1717.408,1.262,-0.0901,-20.1165,5.063,634.3655
1717.408,1.4865,0.027649999999999997,37.3255,5.063,634.3655
1717.408,0.813,-0.0901,8.6045,5.063,634.3655
1717.408,0.813,-0.0901,8.6045,5.063,634.3655
1717.408,1.0375,-0.0901,-20.1165,5.063,634.3655
1717.408,1.0375,-0.0901,8.6045,-24.6315,634.3655
1717.408,1.0375,-0.0901,-20.1165,5.063,634.3655
1717.408,0.813,0.027649999999999997,-20.1165,5.063,634.3655
1717.408,0.813,0.027649999999999997,8.6045,5.063,634.3655
1717.408,1.0375,0.027649999999999997,8.6045,5.063,634.3655
1717.408,1.0375,0.027649999999999997,8.6045,5.063,634.3655
1717.408,1.0375,0.027649999999999997,8.6045,5.063,634.3655
1717.408,1.0375,0.027649999999999997,8.6045,5.063,634.3655
1717.408,1.0375,0.027649999999999997,8.6045,5.063,634.3655
1717.408,1.0375,0.027649999999999997,8.6045,5.063,634.3655
1717.408,0.5885,-0.0901,37.3255,5.063,634.3655
1717.408,0.813,-0.0901,8.6045,5.063,634.3655
1717.408,0.813,-0.0901,-20.1165,5.063,634.3655
1717.408,1.4865,0.027649999999999997,-20.1165,-24.6315,634.3655
1717.408,1.0375,0.027649999999999997,37.3255,5.063,634.3655
1717.408,0.813,-0.0901,8.6045,5.063,634.3655
1717.408,0.813,-0.0901,8.6045,5.063,634.3655
1717.408,1.0375,-0.20750000000000002,8.6045,5.063,634.3655
1717.408,1.0375,-0.0901,8.6045,5.063,634.3655
1717.408,1.0375,-0.0901,-20.1165,5.063,634.3655
1717.408,1.0375,-0.0901,-20.1165,-24.6315,634.3655
1717.408,0.813,0.027649999999999997,-20.1165,5.063,634.3655
1717.408,0.813,0.027649999999999997,8.6045,5.063,634.3655
1717.408,1.0375,0.027649999999999997,8.6045,5.063,634.3655
1717.408,1.0375,0.027649999999999997,8.6045,5.063,634.3655
1717.408,1.0375,0.027649999999999997,8.6045,5.063,634.3655
1717.408,1.0375,-0.0901,8.6045,5.063,634.3655
1717.408,1.0375,-0.0901,8.6045,5.063,634.3655
1717.408,1.0375,-0.0901,8.6045,5.063,634.3655
1717.408,0.813,-0.20750000000000002,8.6045,5.063,634.3655
1717.408,0.813,-0.20750000000000002,8.6045,-24.6315,634.3655
1717.408,0.813,-0.20750000000000002,8.6045,-24.6315,634.3655
1717.408,1.0375,-0.20750000000000002,-20.1165,-24.6315,634.3655
1717.408,1.262,-0.0901,8.6045,5.063,634.3655
1717.408,1.0375,-0.0901,8.6045,5.063,634.3655
1717.408,1.0375,-0.20750000000000002,8.6045,5.063,634.3655
1717.408,1.0375,-0.20750000000000002,8.6045,5.063,634.3655
1717.408,1.0375,-0.20750000000000002,-20.1165,5.063,634.3655
1717.408,1.0375,-0.0901,-20.1165,5.063,634.3655
1717.408,0.813,-0.0901,8.6045,-24.6315,634.3655
1717.408,1.0375,-0.0901,8.6045,5.063,634.3655
1717.408,1.0375,-0.0901,8.6045,5.063,634.3655
1717.408,0.813,-0.20750000000000002,8.6045,5.063,634.3655
1717.408,0.813,-0.20750000000000002,8.6045,5.063,634.3655
1717.408,0.813,-0.20750000000000002,8.6045,-24.6315,634.3655
1717.408,1.0375,-0.20750000000000002,-20.1165,-24.6315,634.3655
1717.408,1.4865,-0.0901,8.6045,5.063,634.3655
1717.408,0.813,-0.0901,8.6045,5.063,634.3655
1717.408,0.813,-0.20750000000000002,8.6045,5.063,634.3655
1717.408,1.0375,-0.20750000000000002,8.6045,5.063,634.3655
1717.408,1.0375,-0.20750000000000002,-20.1165,5.063,634.3655
1717.408,0.813,-0.0901,-20.1165,5.063,634.3655
1717.408,0.813,-0.0901,8.6045,5.063,634.3655
1717.408,1.0375,-0.20750000000000002,8.6045,5.063,634.3655
1717.408,0.813,-0.20750000000000002,8.6045,5.063,634.3655
1717.408,0.813,-0.20750000000000002,8.6045,5.063,634.3655
1717.408,0.813,-0.20750000000000002,8.6045,-24.6315,634.3655
1717.408,1.0375,-0.20750000000000002,-20.1165,-24.6315,634.3655
1717.408,1.4865,-0.20750000000000002,-20.1165,5.063,634.3655
1717.408,0.813,-0.20750000000000002,8.6045,5.063,634.3655
1717.408,0.813,-0.20750000000000002,8.6045,5.063,634.3655
1717.408,1.0375,-0.20750000000000002,8.6045,5.063,634.3655
1717.408,1.0375,-0.20750000000000002,-20.1165,5.063,634.3655
1717.408,1.0375,-0.20750000000000002,-20.1165,5.063,634.3655
1717.408,0.813,-0.0901,8.6045,5.063,634.3655
1717.408,1.0375,-0.0901,8.6045,5.063,634.3655
1717.408,0.813,-0.0901,8.6045,5.063,634.3655
1717.408,0.813,-0.20750000000000002,8.6045,5.063,634.3655
1717.408,0.813,-0.20750000000000002,8.6045,-24.6315,634.3655
1717.408,1.0375,-0.20750000000000002,-20.1165,-24.6315,634.3655
1717.408,1.4865,-0.20750000000000002,-20.1165,5.063,634.3655
1717.408,1.0375,-0.20750000000000002,8.6045,5.063,634.3655
1717.408,0.813,-0.20750000000000002,8.6045,5.063,634.3655
1717.408,0.813,-0.20750000000000002,8.6045,5.063,634.3655
1717.408,1.0375,-0.20750000000000002,8.6045,5.063,634.3655
1717.408,1.0375,-0.20750000000000002,8.6045,5.063,634.3655
1717.408,1.0375,-0.20750000000000002,-20.1165,5.063,634.3655
1717.408,1.0375,-0.0901,-20.1165,5.063,634.3655
1717.408,0.813,0.027649999999999997,8.6045,5.063,634.3655
1717.408,0.813,-0.0901,8.6045,-24.6315,634.3655
1717.408,1.0375,-0.0901,8.6045,5.063,634.3655
1717.408,1.0375,-0.0901,8.6045,5.063,634.3655
1717.408,1.0375,-0.0901,8.6045,5.063,634.3655
1717.408,0.813,-0.0901,8.6045,5.063,634.3655
1717.408,0.813,-0.20750000000000002,37.3255,5.063,634.3655
1717.408,0.813,-0.20750000000000002,8.6045,-24.6315,634.3655
1717.408,0.813,-0.20750000000000002,-20.1165,-24.6315,634.3655
1717.408,1.262,-0.20750000000000002,-20.1165,5.063,634.3655
1717.408,1.262,-0.0901,-20.1165,34.757,634.3655
1717.408,0.813,-0.20750000000000002,8.6045,5.063,634.3655
1717.408,0.813,-0.20750000000000002,8.6045,5.063,634.3655
1717.408,0.813,-0.20750000000000002,8.6045,5.063,634.3655
1717.408,1.0375,-0.20750000000000002,8.6045,5.063,634.3655
1717.408,1.0375,-0.20750000000000002,8.6045,5.063,634.3655
1717.408,1.0375,-0.20750000000000002,-20.1165,5.063,634.3655
1717.408,1.0375,-0.0901,-20.1165,5.063,634.3655
1717.408,0.813,-0.0901,8.6045,5.063,634.3655
1717.408,1.0375,-0.0901,8.6045,5.063,634.3655
1717.408,1.0375,-0.0901,8.6045,5.063,634.3655
1717.408,0.813,0.027649999999999997,8.6045,5.063,634.3655
1717.408,1.0375,0.027649999999999997,8.6045,5.063,634.3655
1717.408,1.262,0.027649999999999997,8.6045,5.063,634.3655
1717.408,0.813,0.027649999999999997,8.6045,5.063,634.3655
1717.408,0.813,-0.0901,8.6045,5.063,634.3655
1717.408,0.813,-0.0901,-20.1165,5.063,634.3655
1717.408,0.813,-0.0901,-20.1165,5.063,634.3655
1717.408,0.813,-0.0901,8.6045,-24.6315,634.3655
1717.408,1.0375,-0.0901,8.6045,5.063,634.3655
1717.408,0.813,-0.0901,8.6045,5.063,634.3655
1717.408,0.813,-0.20750000000000002,8.6045,5.063,634.3655
1717.408,1.0375,-0.0901,-20.1165,-24.6315,634.3655
1717.408,1.0375,-0.0901,-48.8375,5.063,634.3655
1717.408,1.262,0.027649999999999997,-20.1165,5.063,634.3655
1717.408,0.813,0.027649999999999997,8.6045,5.063,634.3655
1717.408,1.262,0.027649999999999997,8.6045,5.063,634.3655
1717.408,1.262,0.027649999999999997,37.3255,5.063,634.3655
1717.408,0.813,-0.0901,8.6045,5.063,634.3655
1717.408,0.813,-0.0901,-20.1165,5.063,634.3655
1717.408,0.813,0.027649999999999997,-20.1165,5.063,634.3655
1717.408,0.813,0.027649999999999997,8.6045,5.063,634.3655
1717.408,0.813,-0.0901,8.6045,5.063,634.3655
1717.408,0.813,-0.0901,8.6045,5.063,634.3655
1717.408,0.813,-0.20750000000000002,8.6045,5.063,634.3655
1717.408,0.813,-0.20750000000000002,8.6045,-24.6315,634.3655
1717.408,1.0375,-0.20750000000000002,-20.1165,5.063,634.3655
1717.408,1.0375,-0.0901,-20.1165,5.063,634.3655
1717.408,1.0375,0.027649999999999997,8.6045,5.063,634.3655
1717.408,1.0375,0.027649999999999997,8.6045,5.063,634.3655
1717.408,0.813,0.027649999999999997,-20.1165,5.063,634.3655
1717.408,1.4865,0.027649999999999997,8.6045,5.063,634.3655
1717.408,1.0375,-0.0901,8.6045,5.063,634.3655
1717.408,0.813,-0.0901,-20.1165,5.063,634.3655
1717.408,0.813,-0.0901,8.6045,5.063,634.3655
1717.408,0.813,-0.0901,-20.1165,5.063,634.3655
1717.408,0.813,0.027649999999999997,8.6045,5.063,634.3655
1717.408,1.0375,-0.0901,8.6045,5.063,634.3655
1717.408,0.813,-0.0901,37.3255,5.063,634.3655
1717.408,0.813,-0.20750000000000002,8.6045,5.063,634.3655
1717.408,0.813,-0.20750000000000002,-48.8375,-24.6315,634.3655
1717.408,1.0375,0.027649999999999997,-48.8375,5.063,634.3655
1717.408,1.262,0.027649999999999997,8.6045,5.063,634.3655
1717.408,1.0375,0.027649999999999997,8.6045,5.063,634.3655
1717.408,0.813,0.027649999999999997,8.6045,5.063,634.3655
1717.408,1.4865,0.027649999999999997,8.6045,5.063,634.3655
1717.408,1.0375,0.027649999999999997,8.6045,5.063,634.3655
1717.408,0.813,-0.0901,8.6045,5.063,634.3655
1717.408,0.813,-0.0901,-20.1165,5.063,634.3655
1717.408,0.813,-0.0901,-20.1165,5.063,634.3655
1717.408,0.813,-0.0901,-20.1165,5.063,634.3655
1717.408,0.813,-0.0901,8.6045,5.063,634.3655
1717.408,0.813,-0.0901,8.6045,-24.6315,634.3655
1717.408,0.813,-0.0901,37.3255,5.063,634.3655
1717.408,0.813,-0.20750000000000002,8.6045,5.063,634.3655
1717.408,0.813,-0.20750000000000002,-20.1165,-24.6315,634.3655
1717.408,1.0375,-0.0901,-20.1165,5.063,634.3655
1717.408,1.262,-0.0901,-20.1165,5.063,634.3655
1717.408,1.0375,0.027649999999999997,8.6045,5.063,634.3655
1717.408,0.813,0.027649999999999997,-20.1165,5.063,634.3655
1717.408,1.262,-0.0901,37.3255,5.063,634.3655
1717.408,1.0375,-0.0901,8.6045,5.063,634.3655
1717.408,0.813,-0.0901,8.6045,5.063,634.3655
1717.408,0.813,-0.0901,-20.1165,5.063,634.3655
1717.408,0.813,-0.0901,-20.1165,5.063,634.3655
1717.408,0.813,0.027649999999999997,8.6045,5.063,634.3655
1717.408,0.813,-0.0901,8.6045,5.063,634.3655
1717.408,1.0375,-0.0901,8.6045,5.063,634.3655
1717.408,0.813,-0.0901,37.3255,-24.6315,634.3655
1717.408,0.813,-0.20750000000000002,8.6045,5.063,634.3655
1717.408,0.813,-0.0901,-20.1165,-24.6315,634.3655
1717.408,1.0375,-0.0901,-20.1165,-24.6315,634.3655
1717.408,1.262,0.027649999999999997,-20.1165,5.063,634.3655
1717.408,1.0375,0.027649999999999997,8.6045,5.063,634.3655
1717.408,1.0375,0.027649999999999997,8.6045,5.063,634.3655
1717.408,1.0375,0.027649999999999997,8.6045,5.063,634.3655
1717.408,1.0375,0.027649999999999997,-20.1165,5.063,634.3655
1717.408,1.0375,-0.0901,-20.1165,5.063,634.3655
1717.408,1.0375,-0.0901,8.6045,5.063,634.3655
1717.408,1.262,-0.0901,8.6045,34.757,634.3655
1717.408,0.813,-0.20750000000000002,37.3255,34.757,634.3655
1717.408,0.813,-0.20750000000000002,8.6045,5.063,634.3655
1717.408,0.813,-0.325,8.6045,5.063,634.3655
1717.408,0.813,-0.443,-20.1165,5.063,634.3655
1717.408,1.0375,-0.325,-77.5585,-24.6315,634.3655
1717.408,0.5885,-0.20750000000000002,-20.1165,5.063,634.3655
1717.408,1.262,0.027649999999999997,8.6045,5.063,634.3655
1717.408,0.813,-0.0901,8.6045,5.063,634.3655
1717.408,1.0375,-0.0901,8.6045,5.063,634.3655
1717.408,1.0375,-0.0901,8.6045,5.063,634.3655
1717.408,1.0375,-0.0901,8.6045,5.063,634.3655
1717.408,1.0375,-0.0901,-20.1165,5.063,634.3655
1717.408,1.0375,-0.0901,8.6045,-24.6315,634.3655
1717.408,1.0375,-0.0901,8.6045,5.063,634.3655
1717.408,0.5885,-0.20750000000000002,37.3255,5.063,634.3655
1717.408,0.813,-0.325,37.3255,5.063,634.3655
1717.408,0.813,-0.443,8.6045,-24.6315,634.3655
1717.408,0.813,-0.325,-20.1165,5.063,634.3655
1717.408,1.0375,-0.325,-48.8375,-24.6315,634.3655
1717.408,1.0375,-0.20750000000000002,-48.8375,-24.6315,634.3655
1717.408,1.4865,-0.0901,37.3255,34.757,634.3655
1717.408,1.0375,-0.20750000000000002,66.0465,34.757,634.3655
1717.408,0.813,-0.443,8.6045,-24.6315,634.3655
1717.408,0.5885,-0.325,-20.1165,5.063,634.3655
1717.408,0.813,-0.325,-20.1165,5.063,634.3655
1717.408,0.813,-0.20750000000000002,-48.8375,-24.6315,634.3655
1717.408,0.5885,-0.0901,8.6045,5.063,634.3655
1717.408,1.0375,-0.0901,-20.1165,5.063,634.3655
1717.408,0.3635,-0.0901,66.0465,5.063,634.3655
1717.408,0.813,-0.325,37.3255,5.063,634.3655
1717.408,0.813,-0.325,-20.1165,-24.6315,634.3655
1717.408,0.813,-0.325,-20.1165,-24.6315,634.3655
1717.408,1.0375,-0.325,-48.8375,5.063,634.3655
1717.408,0.813,-0.20750000000000002,-20.1165,-24.6315,634.3655
1717.408,1.0375,-0.0901,-20.1165,-24.6315,634.3655
1717.408,1.262,-0.0901,66.0465,34.757,634.3655
1717.408,0.813,-0.325,37.3255,5.063,634.3655
1717.408,0.813,-0.443,8.6045,-24.6315,634.3655
1717.408,0.813,-0.443,-20.1165,5.063,634.3655
1717.408,0.813,-0.20750000000000002,-77.5585,5.063,634.3655
1717.408,0.5885,-0.0901,8.6045,5.063,634.3655
1717.408,1.0375,-0.0901,8.6045,5.063,634.3655
1717.408,1.0375,-0.20750000000000002,8.6045,5.063,634.3655
1717.408,0.5885,-0.0901,37.3255,5.063,634.3655
1717.408,1.0375,-0.325,37.3255,5.063,634.3655
1717.408,0.813,-0.443,8.6045,5.063,634.3655
1717.408,0.813,-0.443,-20.1165,-24.6315,634.3655
1717.408,1.0375,-0.325,-48.8375,5.063,634.3655
1717.408,1.0375,-0.20750000000000002,-48.8375,-24.6315,634.3655
1717.408,1.0375,-0.0901,-20.1165,-24.6315,634.3655
1717.408,1.262,-0.0901,8.6045,5.063,634.3655
1717.408,1.0375,-0.0901,66.0465,34.757,634.3655
1717.408,0.813,-0.325,37.3255,-24.6315,634.3655
1717.408,0.813,-0.443,8.6045,5.063,634.3655
1717.408,0.813,-0.325,-20.1165,5.063,634.3655
1717.408,0.813,-0.443,-20.1165,-24.6315,634.3655
1717.408,0.813,-0.20750000000000002,-77.5585,34.757,634.3655
1717.408,0.813,-0.0901,37.3255,5.063,634.3655
1717.408,0.813,-0.20750000000000002,8.6045,5.063,634.3655
1717.408,1.0375,-0.20750000000000002,-20.1165,5.063,634.3655
1717.408,1.0375,-0.0901,8.6045,-24.6315,634.3655
1717.408,0.813,-0.0901,37.3255,5.063,634.3655
1717.408,0.813,-0.0901,8.6045,5.063,634.3655
1717.408,0.813,-0.325,37.3255,5.063,634.3655
1717.408,0.813,-0.325,-20.1165,-24.6315,634.3655
1717.408,1.0375,-0.20750000000000002,-48.8375,-24.6315,634.3655
1717.408,1.0375,-0.0901,-48.8375,-24.6315,634.3655
1717.408,1.0375,0.027649999999999997,-20.1165,-24.6315,634.3655
1717.408,1.262,0.14525,37.3255,34.757,634.3655
1717.408,1.0375,0.027649999999999997,66.0465,-24.6315,634.3655
1717.408,0.813,-0.20750000000000002,37.3255,5.063,634.3655
1717.408,0.813,-0.325,8.6045,5.063,634.3655
1717.408,0.813,-0.325,-20.1165,5.063,634.3655
1717.408,0.813,-0.325,-20.1165,5.063,634.3655
1717.408,0.813,-0.20750000000000002,8.6045,-24.6315,634.3655
1717.408,0.813,-0.0901,-20.1165,5.063,634.3655
1717.408,0.813,-0.20750000000000002,8.6045,5.063,634.3655
1717.408,0.813,-0.20750000000000002,8.6045,5.063,634.3655
1717.408,0.5885,-0.20750000000000002,37.3255,5.063,634.3655
1717.408,0.813,-0.325,8.6045,5.063,634.3655
1717.408,0.813,-0.325,-20.1165,5.063,634.3655
1717.408,1.0375,-0.325,-20.1165,5.063,634.3655
1717.408,1.0375,-0.325,-48.8375,-24.6315,634.3655
1717.408,1.0375,-0.20750000000000002,-20.1165,-24.6315,634.3655
1717.408,1.0375,-0.0901,-20.1165,5.063,634.3655
1717.408,1.262,-0.0901,8.6045,5.063,634.3655
1717.408,1.0375,0.027649999999999997,8.6045,5.063,634.3655
1717.408,0.813,-0.0901,8.6045,5.063,634.3655
1717.408,0.813,-0.0901,-20.1165,5.063,634.3655
1717.408,0.813,-0.0901,-20.1165,5.063,634.3655
1717.408,0.813,0.027649999999999997,8.6045,5.063,634.3655
1717.408,0.813,-0.0901,8.6045,5.063,634.3655
1717.408,0.813,-0.0901,37.3255,5.063,634.3655
1717.408,0.813,-0.20750000000000002,8.6045,5.063,634.3655
1717.408,1.0375,-0.0901,-20.1165,-24.6315,634.3655
1717.408,1.0375,0.027649999999999997,-48.8375,-24.6315,634.3655
1717.408,1.262,0.14525,8.6045,5.063,634.3655
1717.408,0.813,0.027649999999999997,8.6045,5.063,634.3655
1717.408,1.262,0.14525,8.6045,5.063,634.3655
1717.408,1.262,0.027649999999999997,66.0465,5.063,634.3655
1717.408,0.813,-0.0901,-20.1165,5.063,634.3655
1717.408,0.813,-0.0901,-20.1165,5.063,634.3655
1717.408,0.813,0.027649999999999997,-20.1165,5.063,634.3655
1717.408,0.813,0.027649999999999997,8.6045,-24.6315,634.3655
1717.408,0.813,0.027649999999999997,8.6045,5.063,634.3655
1717.408,0.813,-0.0901,37.3255,5.063,634.3655
1717.408,0.813,-0.20750000000000002,8.6045,5.063,634.3655
1717.408,0.813,-0.20750000000000002,-20.1165,5.063,634.3655
1717.408,1.0375,-0.0901,-48.8375,-24.6315,634.3655
1717.408,1.262,0.027649999999999997,-20.1165,5.063,634.3655
1717.408,1.0375,0.027649999999999997,8.6045,5.063,634.3655
1717.408,1.0375,0.027649999999999997,-48.8375,5.063,634.3655
1717.408,1.0375,0.14525,37.3255,5.063,634.3655
1717.408,0.813,0.027649999999999997,37.3255,5.063,634.3655
1717.408,0.813,-0.0901,-20.1165,5.063,634.3655
1717.408,0.813,-0.0901,-20.1165,5.063,634.3655
1717.408,0.813,0.027649999999999997,-20.1165,5.063,634.3655
1717.408,0.813,0.027649999999999997,8.6045,5.063,634.3655
1717.408,0.813,0.027649999999999997,37.3255,5.063,634.3655
1717.408,0.813,-0.0901,37.3255,5.063,634.3655
1717.408,0.813,-0.0901,8.6045,-24.6315,634.3655
1717.408,1.0375,-0.0901,-20.1165,-24.6315,634.3655
1717.408,1.262,-0.0901,-20.1165,-24.6315,634.3655
1717.408,1.262,0.027649999999999997,8.6045,5.063,634.3655
1717.408,0.813,0.027649999999999997,-20.1165,5.063,634.3655
1717.408,1.262,0.027649999999999997,-20.1165,5.063,634.3655
1717.408,1.262,0.027649999999999997,37.3255,5.063,634.3655
1717.408,0.813,-0.0901,8.6045,5.063,634.3655
1717.408,0.813,-0.0901,-20.1165,5.063,634.3655
1717.408,0.813,-0.0901,-20.1165,5.063,634.3655
1717.408,0.813,0.027649999999999997,-20.1165,5.063,634.3655
1717.408,0.813,-0.0901,8.6045,5.063,634.3655
1717.408,0.813,0.027649999999999997,37.3255,-24.6315,634.3655
1717.408,0.813,-0.0901,37.3255,5.063,634.3655
1717.408,0.813,-0.20750000000000002,8.6045,5.063,634.3655
1717.408,1.0375,-0.20750000000000002,-20.1165,-24.6315,634.3655
1717.408,1.0375,-0.0901,-20.1165,-24.6315,634.3655
1717.408,1.262,-0.0901,8.6045,5.063,634.3655
1717.408,0.813,0.027649999999999997,8.6045,5.063,634.3655
1717.408,1.0375,0.027649999999999997,8.6045,5.063,634.3655
1717.408,1.262,0.027649999999999997,8.6045,5.063,634.3655
1717.408,0.813,-0.0901,8.6045,5.063,634.3655
1717.408,0.813,-0.0901,8.6045,5.063,634.3655
1717.408,0.813,-0.0901,8.6045,5.063,634.3655
1717.408,0.813,-0.0901,-20.1165,5.063,634.3655
1717.408,0.813,-0.0901,-20.1165,5.063,634.3655
1717.408,0.813,-0.0901,8.6045,5.063,634.3655
1717.408,0.813,-0.0901,8.6045,5.063,634.3655
1717.408,1.0375,-0.0901,8.6045,5.063,634.3655
1717.408,1.0375,0.027649999999999997,-20.1165,5.063,634.3655
1717.408,1.0375,0.027649999999999997,8.6045,5.063,634.3655
1717.408,0.813,0.027649999999999997,8.6045,5.063,634.3655
1717.408,1.4865,0.027649999999999997,8.6045,5.063,634.3655
1717.408,1.0375,-0.0901,66.0465,34.757,-749.4069999999999
1717.408,0.813,-0.20750000000000002,8.6045,5.063,634.3655
1717.408,0.813,-0.325,-48.8375,5.063,634.3655
1717.408,0.813,-0.0901,-77.5585,5.063,634.3655
1717.408,0.5885,0.027649999999999997,8.6045,-24.6315,634.3655
1717.408,1.0375,0.027649999999999997,-20.1165,5.063,634.3655
1717.408,1.0375,0.027649999999999997,8.6045,5.063,634.3655
1717.408,1.0375,0.027649999999999997,8.6045,5.063,634.3655
1717.408,1.0375,0.027649999999999997,8.6045,5.063,634.3655
1717.408,0.813,0.027649999999999997,8.6045,-24.6315,634.3655
1717.408,0.5885,-0.0901,37.3255,5.063,634.3655
1717.408,0.813,-0.20750000000000002,37.3255,5.063,634.3655
1717.408,0.813,-0.325,8.6045,5.063,634.3655
1717.408,0.813,-0.325,8.6045,5.063,634.3655
1717.408,1.0375,-0.325,-48.8375,-24.6315,634.3655
1717.408,1.0375,-0.20750000000000002,-48.8375,-24.6315,634.3655
1717.408,1.0375,0.027649999999999997,-20.1165,-24.6315,634.3655
1717.408,1.262,-0.0901,66.0465,34.757,634.3655
1717.408,1.0375,-0.325,37.3255,5.063,634.3655
1717.408,0.813,-0.325,-20.1165,-24.6315,634.3655
1717.408,0.813,-0.20750000000000002,-20.1165,5.063,634.3655
1717.408,0.813,-0.0901,-20.1165,-24.6315,634.3655
1717.408,0.813,0.027649999999999997,-20.1165,-24.6315,634.3655
1717.408,0.813,0.027649999999999997,8.6045,5.063,634.3655
1717.408,1.0375,-0.0901,8.6045,5.063,634.3655
1717.408,1.0375,0.027649999999999997,8.6045,5.063,634.3655
1717.408,1.0375,0.027649999999999997,8.6045,5.063,634.3655
1717.408,1.0375,0.027649999999999997,8.6045,5.063,634.3655
1717.408,1.0375,0.027649999999999997,8.6045,5.063,634.3655
1717.408,1.0375,-0.0901,-20.1165,-24.6315,634.3655
1717.408,0.813,0.027649999999999997,37.3255,5.063,634.3655
1717.408,0.813,-0.20750000000000002,37.3255,5.063,634.3655
1717.408,0.813,-0.325,8.6045,-24.6315,634.3655
1717.408,0.813,-0.325,8.6045,5.063,634.3655
1717.408,1.0375,-0.325,-20.1165,5.063,634.3655
1717.408,0.813,-0.20750000000000002,-48.8375,5.063,634.3655
1717.408,1.0375,-0.20750000000000002,-20.1165,-24.6315,634.3655
1717.408,1.0375,-0.0901,-20.1165,-24.6315,634.3655
1717.408,1.0375,0.027649999999999997,-20.1165,-24.6315,634.3655
1717.408,1.262,0.027649999999999997,66.0465,34.757,634.3655
1717.408,1.0375,-0.20750000000000002,66.0465,5.063,634.3655
1717.408,0.813,-0.325,8.6045,-24.6315,634.3655
1717.408,0.813,-0.325,-20.1165,5.063,634.3655
1717.408,0.813,-0.20750000000000002,-48.8375,-24.6315,634.3655
1717.408,0.813,-0.0901,-20.1165,-24.6315,634.3655
1717.408,0.813,-0.0901,8.6045,5.063,634.3655
1717.408,0.813,-0.0901,8.6045,5.063,634.3655
1717.408,0.5885,-0.0901,66.0465,5.063,634.3655
1717.408,1.0375,-0.20750000000000002,37.3255,5.063,634.3655
1717.408,0.813,-0.325,8.6045,-24.6315,634.3655
1717.408,0.813,-0.20750000000000002,-20.1165,5.063,634.3655
1717.408,1.0375,-0.20750000000000002,-48.8375,-24.6315,634.3655
1717.408,1.0375,-0.0901,-20.1165,-24.6315,634.3655
1717.408,1.262,-0.0901,8.6045,5.063,634.3655
1717.408,1.0375,-0.20750000000000002,37.3255,5.063,634.3655
1717.408,0.813,-0.20750000000000002,8.6045,5.063,634.3655
1717.408,0.813,-0.325,8.6045,5.063,634.3655
1717.408,0.813,-0.325,-20.1165,5.063,634.3655
1717.408,0.813,-0.20750000000000002,-48.8375,-24.6315,634.3655
1717.408,0.813,-0.0901,-20.1165,-24.6315,634.3655
1717.408,0.813,-0.0901,8.6045,5.063,634.3655
1717.408,1.0375,-0.0901,8.6045,5.063,634.3655
1717.408,1.0375,-0.0901,8.6045,5.063,634.3655
1717.408,1.0375,-0.0901,8.6045,5.063,634.3655
1717.408,1.0375,-0.0901,8.6045,5.063,634.3655
1717.408,0.813,-0.0901,37.3255,5.063,634.3655
1717.408,0.813,-0.20750000000000002,8.6045,5.063,634.3655
1717.408,0.813,-0.325,37.3255,-24.6315,634.3655
1717.408,0.813,-0.325,8.6045,5.063,634.3655
1717.408,0.813,-0.325,-20.1165,-24.6315,634.3655
1717.408,1.0375,-0.20750000000000002,-48.8375,-24.6315,634.3655
1717.408,1.0375,-0.0901,-20.1165,-24.6315,634.3655
1717.408,1.262,0.027649999999999997,37.3255,34.757,634.3655
1717.408,1.0375,-0.0901,66.0465,5.063,634.3655
1717.408,0.813,-0.325,37.3255,5.063,634.3655
1717.408,0.813,-0.325,8.6045,5.063,634.3655
1717.408,0.813,-0.443,-20.1165,5.063,634.3655
1717.408,0.813,-0.325,-48.8375,-24.6315,634.3655
1717.408,0.813,-0.0901,-48.8375,5.063,634.3655
1717.408,0.813,-0.0901,8.6045,5.063,634.3655
1717.408,1.0375,0.027649999999999997,8.6045,-24.6315,634.3655
1717.408,0.813,-0.0901,37.3255,5.063,634.3655
1717.408,0.813,-0.20750000000000002,37.3255,5.063,634.3655
1717.408,0.813,-0.20750000000000002,8.6045,5.063,634.3655
1717.408,1.0375,-0.325,-20.1165,-24.6315,634.3655
1717.408,1.0375,-0.20750000000000002,-48.8375,-24.6315,634.3655
1717.408,1.0375,-0.0901,-20.1165,5.063,634.3655
1717.408,1.0375,0.027649999999999997,8.6045,5.063,634.3655
1717.408,1.0375,0.027649999999999997,8.6045,5.063,634.3655
1717.408,1.0375,0.027649999999999997,8.6045,5.063,634.3655
1717.408,1.0375,0.027649999999999997,8.6045,5.063,634.3655
1717.408,1.0375,0.027649999999999997,8.6045,5.063,634.3655
1717.408,0.813,0.027649999999999997,8.6045,-24.6315,634.3655
1717.408,1.262,-0.0901,37.3255,5.063,634.3655
1717.408,1.0375,-0.0901,8.6045,5.063,634.3655
1717.408,0.813,-0.0901,-20.1165,5.063,634.3655
1717.408,0.813,0.027649999999999997,-20.1165,5.063,634.3655
1717.408,0.813,0.027649999999999997,-20.1165,5.063,634.3655
1717.408,0.813,0.027649999999999997,8.6045,5.063,634.3655
1717.408,0.813,0.027649999999999997,8.6045,5.063,634.3655
1717.408,0.813,-0.0901,37.3255,5.063,634.3655
1717.408,0.813,-0.0901,8.6045,5.063,634.3655
1717.408,0.813,-0.20750000000000002,-20.1165,-24.6315,634.3655
1717.408,1.0375,-0.0901,-20.1165,-24.6315,634.3655
1717.408,1.262,-0.0901,-20.1165,5.063,634.3655
1717.408,1.0375,0.027649999999999997,-20.1165,5.063,634.3655
1717.408,1.0375,0.027649999999999997,8.6045,5.063,634.3655
1717.408,1.262,0.027649999999999997,37.3255,5.063,-749.4069999999999
1717.408,0.813,-0.0901,8.6045,5.063,634.3655
1717.408,0.813,-0.0901,-20.1165,5.063,634.3655
1717.408,0.813,-0.0901,-20.1165,5.063,634.3655
1717.408,0.813,0.027649999999999997,-20.1165,5.063,634.3655
1717.408,0.813,-0.0901,8.6045,-24.6315,634.3655
1717.408,0.813,-0.0901,8.6045,-24.6315,634.3655
1717.408,0.813,-0.0901,8.6045,5.063,634.3655
1717.408,0.813,-0.20750000000000002,8.6045,5.063,634.3655
1717.408,0.813,-0.0901,-48.8375,-24.6315,634.3655
1717.408,1.0375,0.027649999999999997,-20.1165,-24.6315,634.3655
1717.408,1.262,0.027649999999999997,8.6045,5.063,634.3655
1717.408,1.0375,0.027649999999999997,8.6045,5.063,634.3655
1717.408,1.262,0.027649999999999997,8.6045,5.063,634.3655
1717.408,1.0375,0.027649999999999997,37.3255,5.063,634.3655
1717.408,0.813,-0.0901,8.6045,5.063,634.3655
1717.408,0.813,-0.0901,-20.1165,5.063,634.3655
1717.408,0.813,-0.0901,-20.1165,5.063,634.3655
1717.408,0.813,-0.0901,-20.1165,5.063,634.3655
1717.408,1.0375,0.027649999999999997,8.6045,5.063,634.3655
1717.408,0.813,-0.0901,37.3255,-24.6315,634.3655
1717.408,0.813,-0.0901,37.3255,5.063,634.3655
1717.408,0.813,-0.20750000000000002,-20.1165,-24.6315,634.3655
1717.408,1.0375,-0.0901,-20.1165,-24.6315,634.3655
1717.408,1.262,-0.0901,-20.1165,5.063,634.3655
1717.408,1.262,0.027649999999999997,8.6045,5.063,634.3655
1717.408,0.813,0.027649999999999997,8.6045,5.063,634.3655
1717.408,1.4865,-0.0901,8.6045,5.063,634.3655
1717.408,1.0375,-0.0901,8.6045,5.063,634.3655
1717.408,0.813,-0.0901,8.6045,5.063,634.3655
1717.408,0.813,-0.20750000000000002,-20.1165,5.063,634.3655
1717.408,0.813,-0.0901,-20.1165,5.063,634.3655
1717.408,0.813,0.027649999999999997,-20.1165,34.757,634.3655
1717.408,0.813,0.027649999999999997,8.6045,-24.6315,634.3655
1717.408,0.813,0.027649999999999997,8.6045,-24.6315,634.3655
1717.408,0.813,-0.0901,37.3255,5.063,634.3655
1717.408,0.813,-0.20750000000000002,8.6045,5.063,634.3655
1717.408,0.813,-0.20750000000000002,-20.1165,-24.6315,634.3655
1717.408,1.0375,-0.0901,-48.8375,-24.6315,634.3655
1717.408,1.262,0.027649999999999997,8.6045,5.063,634.3655
1717.408,1.0375,0.027649999999999997,8.6045,5.063,634.3655
1717.408,1.0375,-0.0901,-20.1165,5.063,634.3655
1717.408,1.262,-0.0901,37.3255,5.063,634.3655
1717.408,0.813,-0.0901,-20.1165,5.063,634.3655
1717.408,0.813,-0.0901,8.6045,5.063,634.3655
1717.408,0.813,-0.0901,8.6045,5.063,634.3655
1717.408,1.0375,-0.20750000000000002,-20.1165,5.063,634.3655
1717.408,1.0375,-0.0901,-20.1165,5.063,634.3655
1717.408,0.813,0.027649999999999997,-20.1165,5.063,634.3655
1717.408,0.813,-0.0901,37.3255,5.063,634.3655
1717.408,0.813,-0.0901,8.6045,5.063,634.3655
1717.408,0.813,-0.20750000000000002,8.6045,5.063,634.3655
1717.408,0.813,-0.20750000000000002,8.6045,5.063,634.3655
1717.408,0.813,-0.20750000000000002,-20.1165,-24.6315,634.3655
1717.408,1.0375,-0.0901,-20.1165,-24.6315,634.3655
1717.408,1.0375,-0.0901,-20.1165,5.063,634.3655
1717.408,1.0375,0.027649999999999997,8.6045,5.063,634.3655
1717.408,1.0375,0.027649999999999997,8.6045,5.063,634.3655
1717.408,1.0375,0.14525,8.6045,5.063,634.3655
1717.408,1.262,0.027649999999999997,37.3255,5.063,634.3655
1717.408,1.0375,-0.0901,66.0465,34.757,634.3655
1717.408,0.813,-0.20750000000000002,8.6045,5.063,634.3655
1717.408,0.813,-0.20750000000000002,8.6045,5.063,634.3655
1717.408,0.813,-0.20750000000000002,-20.1165,5.063,634.3655
1717.408,0.813,-0.20750000000000002,-20.1165,-24.6315,634.3655
1717.408,0.813,-0.0901,-20.1165,34.757,634.3655
1717.408,1.0375,-0.0901,8.6045,-24.6315,634.3655
1717.408,0.813,-0.0901,8.6045,-24.6315,634.3655
1717.408,0.813,-0.0901,37.3255,5.063,634.3655
1717.408,1.0375,-0.325,37.3255,-24.6315,634.3655
1717.408,0.813,-0.325,8.6045,5.063,634.3655
1717.408,0.813,-0.325,-20.1165,-24.6315,634.3655
1717.408,1.0375,-0.20750000000000002,-20.1165,-24.6315,634.3655
1717.408,1.0375,-0.20750000000000002,-48.8375,5.063,634.3655
1717.408,1.262,-0.20750000000000002,8.6045,5.063,634.3655
1717.408,1.262,-0.325,94.7675,34.757,634.3655
1717.408,0.813,-0.443,8.6045,5.063,634.3655
1717.408,0.813,-0.325,-48.8375,-24.6315,634.3655
1717.408,0.5885,-0.20750000000000002,-48.8375,5.063,634.3655
1717.408,0.813,-0.20750000000000002,8.6045,5.063,634.3655
1717.408,0.813,-0.0901,37.3255,-24.6315,634.3655
1717.408,0.813,-0.325,37.3255,5.063,634.3655
1717.408,0.813,-0.325,-20.1165,5.063,634.3655
1717.408,1.0375,-0.20750000000000002,-48.8375,-24.6315,634.3655
1717.408,1.0375,-0.0901,-48.8375,-24.6315,634.3655
1717.408,1.4865,0.027649999999999997,66.0465,34.757,634.3655
1717.408,1.0375,-0.325,66.0465,5.063,634.3655
1717.408,0.813,-0.325,-20.1165,5.063,634.3655
1717.408,0.813,-0.325,-48.8375,5.063,634.3655
1717.408,0.813,-0.0901,-48.8375,5.063,634.3655
1717.408,0.5885,-0.0901,8.6045,-24.6315,634.3655
1717.408,0.5885,-0.0901,66.0465,5.063,634.3655
1717.408,0.813,-0.325,8.6045,5.063,634.3655
1717.408,0.813,-0.325,-20.1165,5.063,634.3655
1717.408,1.0375,-0.325,-48.8375,-24.6315,634.3655
1717.408,1.0375,-0.0901,-48.8375,-24.6315,634.3655
1717.408,1.262,-0.0901,37.3255,34.757,634.3655
1717.408,1.0375,-0.20750000000000002,66.0465,34.757,634.3655
1717.408,0.813,-0.325,8.6045,-24.6315,634.3655
1717.408,0.813,-0.325,-20.1165,5.063,634.3655
1717.408,0.813,-0.325,-77.5585,5.063,634.3655
1717.408,0.5885,-0.20750000000000002,-20.1165,5.063,634.3655
1717.408,0.813,-0.0901,8.6045,-24.6315,634.3655
1717.408,0.5885,-0.0901,66.0465,34.757,634.3655
1717.408,0.813,-0.325,8.6045,5.063,634.3655
1717.408,0.813,-0.20750000000000002,-20.1165,5.063,634.3655
1717.408,1.0375,-0.20750000000000002,-48.8375,-24.6315,634.3655
1717.408,1.0375,-0.0901,-20.1165,-24.6315,634.3655
1717.408,1.262,-0.0901,66.0465,34.757,634.3655
1717.408,0.813,-0.20750000000000002,37.3255,5.063,634.3655
1717.408,0.813,-0.325,8.6045,5.063,634.3655
1717.408,0.813,-0.325,-20.1165,-24.6315,634.3655
1717.408,0.813,-0.325,-48.8375,5.063,634.3655
1717.408,0.813,-0.0901,-20.1165,5.063,634.3655
1717.408,0.813,-0.0901,8.6045,5.063,634.3655
1717.408,1.0375,-0.0901,8.6045,5.063,634.3655
1717.408,1.0375,-0.0901,8.6045,5.063,634.3655
1717.408,1.0375,-0.0901,8.6045,5.063,634.3655
1717.408,0.5885,-0.0901,66.0465,5.063,634.3655
1717.408,0.813,-0.20750000000000002,37.3255,5.063,634.3655
1717.408,1.0375,-0.443,8.6045,5.063,634.3655
1717.408,1.0375,-0.325,-20.1165,-24.6315,634.3655
1717.408,1.0375,-0.325,-20.1165,-24.6315,634.3655
1717.408,1.0375,-0.20750000000000002,8.6045,5.063,634.3655
1717.408,1.0375,-0.20750000000000002,-20.1165,5.063,634.3655
1717.408,1.0375,0.027649999999999997,8.6045,5.063,634.3655
1717.408,1.0375,0.027649999999999997,8.6045,5.063,634.3655
1717.408,1.0375,0.027649999999999997,8.6045,5.063,634.3655
1717.408,1.4865,-0.0901,94.7675,34.757,634.3655
1717.408,0.813,-0.325,8.6045,-24.6315,634.3655
1717.408,0.5885,-0.20750000000000002,-20.1165,5.063,634.3655
1717.408,0.813,-0.0901,-48.8375,5.063,634.3655
1717.408,0.5885,-0.0901,-20.1165,34.757,634.3655
1717.408,1.0375,-0.0901,8.6045,-24.6315,634.3655
1717.408,0.5885,-0.0901,37.3255,5.063,634.3655
1717.408,0.813,-0.20750000000000002,37.3255,5.063,634.3655
1717.408,0.813,-0.325,8.6045,-24.6315,634.3655
1717.408,1.0375,-0.20750000000000002,-77.5585,-24.6315,634.3655
1717.408,1.262,0.027649999999999997,-48.8375,-24.6315,634.3655
1717.408,1.4865,-0.0901,94.7675,34.757,634.3655
1717.408,0.813,-0.20750000000000002,8.6045,5.063,634.3655
1717.408,0.813,-0.20750000000000002,-48.8375,5.063,634.3655
1717.408,-0.08560000000000001,-0.0901,37.3255,5.063,634.3655
1717.408,0.813,-0.20750000000000002,8.6045,5.063,634.3655
1717.408,1.0375,-0.20750000000000002,-48.8375,-24.6315,634.3655
1717.408,1.0375,-0.0901,-20.1165,-24.6315,634.3655
1717.408,,-0.20750000000000002,66.0465,34.757,634.3655
1717.408,1.0375,-0.325,37.3255,-24.6315,634.3655
1717.408,0.813,-0.325,-48.8375,-24.6315,634.3655
1717.408,0.5885,-0.0901,-77.5585,5.063,634.3655
1717.408,0.3635,-0.0901,66.0465,5.063,634.3655
1717.408,0.813,-0.20750000000000002,37.3255,5.063,634.3655
1717.408,0.813,-0.325,-20.1165,-24.6315,634.3655
1717.408,1.0375,-0.20750000000000002,-77.5585,-24.6315,634.3655
1717.408,1.4865,-0.0901,37.3255,5.063,634.3655
1717.408,1.262,-0.20750000000000002,66.0465,34.757,634.3655
1717.408,0.813,-0.325,8.6045,5.063,634.3655
1717.408,0.813,-0.325,-48.8375,-24.6315,634.3655
1717.408,0.5885,-0.0901,-20.1165,-24.6315,634.3655
1717.408,0.5885,-0.0901,37.3255,5.063,634.3655
1717.408,0.813,-0.20750000000000002,8.6045,-24.6315,634.3655
1717.408,1.0375,-0.20750000000000002,-48.8375,-24.6315,634.3655
1717.408,1.262,0.027649999999999997,-48.8375,-24.6315,634.3655
1717.408,1.4865,0.14525,66.0465,5.063,634.3655
1717.408,1.0375,-0.0901,66.0465,34.757,634.3655
1717.408,0.813,-0.325,-20.1165,5.063,634.3655
1717.408,0.813,-0.20750000000000002,-48.8375,-24.6315,634.3655
1717.408,0.5885,-0.0901,-20.1165,5.063,634.3655
1717.408,1.0375,0.027649999999999997,8.6045,5.063,634.3655
1717.408,0.813,-0.0901,37.3255,5.063,634.3655
1717.408,0.5885,-0.20750000000000002,66.0465,34.757,634.3655
1717.408,0.813,-0.325,-20.1165,-24.6315,634.3655
1717.408,0.813,-0.20750000000000002,-48.8375,5.063,634.3655
1717.408,1.0375,-0.20750000000000002,-77.5585,-24.6315,634.3655
1717.408,1.4865,0.027649999999999997,37.3255,5.063,634.3655
1717.408,1.0375,-0.0901,66.0465,34.757,634.3655
1717.408,0.813,-0.20750000000000002,8.6045,5.063,634.3655
1717.408,0.813,-0.325,-20.1165,5.063,634.3655
1717.408,0.813,-0.0901,-48.8375,-24.6315,634.3655
1717.408,0.5885,-0.0901,37.3255,5.063,634.3655
1717.408,0.5885,-0.0901,66.0465,5.063,634.3655
1717.408,0.813,-0.325,8.6045,5.063,634.3655
1717.408,0.813,-0.325,-20.1165,-24.6315,634.3655
1717.408,1.0375,-0.0901,-48.8375,-24.6315,634.3655
1717.408,1.262,0.027649999999999997,8.6045,-24.6315,634.3655
1717.408,1.4865,-0.0901,94.7675,34.757,634.3655
1717.408,0.813,-0.20750000000000002,-20.1165,5.063,634.3655
1717.408,0.813,-0.20750000000000002,-20.1165,5.063,634.3655
1717.408,1.0375,-0.20750000000000002,-48.8375,-24.6315,634.3655
1717.408,0.5885,-0.0901,-20.1165,5.063,634.3655
1717.408,1.0375,-0.0901,8.6045,5.063,634.3655
1717.408,1.0375,-0.0901,8.6045,5.063,634.3655
1717.408,0.813,-0.0901,8.6045,-24.6315,634.3655
1717.408,0.5885,-0.20750000000000002,37.3255,34.757,634.3655
1717.408,0.813,-0.20750000000000002,8.6045,5.063,634.3655
1717.408,1.0375,-0.20750000000000002,-20.1165,-24.6315,634.3655
1717.408,1.0375,-0.0901,-20.1165,-24.6315,634.3655
1717.408,1.0375,-0.0901,-20.1165,-24.6315,634.3655
1717.408,1.4865,-0.20750000000000002,66.0465,34.757,634.3655
1717.408,1.0375,-0.325,8.6045,5.063,634.3655
1717.408,0.813,-0.325,-20.1165,-54.326,634.3655
1717.408,0.813,-0.20750000000000002,-20.1165,-24.6315,634.3655
1717.408,0.5885,-0.0901,8.6045,5.063,634.3655
1717.408,1.0375,-0.0901,8.6045,5.063,634.3655
1717.408,0.5885,-0.0901,8.6045,5.063,634.3655
1717.408,0.813,-0.20750000000000002,37.3255,5.063,634.3655
1717.408,0.813,-0.20750000000000002,8.6045,5.063,634.3655
1717.408,1.0375,-0.20750000000000002,-48.8375,-24.6315,634.3655
1717.408,1.262,-0.0901,-48.8375,-24.6315,634.3655
1717.408,1.4865,-0.20750000000000002,94.7675,34.757,634.3655
1717.408,0.813,-0.325,37.3255,-24.6315,634.3655
1717.408,0.813,-0.325,-48.8375,-24.6315,634.3655
1717.408,0.813,-0.20750000000000002,-77.5585,5.063,634.3655
1717.408,0.5885,-0.0901,8.6045,5.063,634.3655
1717.408,1.0375,-0.0901,8.6045,5.063,634.3655
1717.408,1.0375,-0.0901,8.6045,5.063,634.3655
1717.408,0.813,-0.0901,8.6045,-24.6315,634.3655
1717.408,0.5885,-0.0901,37.3255,34.757,634.3655
1717.408,1.0375,-0.20750000000000002,8.6045,5.063,634.3655
1717.408,1.0375,-0.20750000000000002,-48.8375,-24.6315,634.3655
1717.408,1.0375,-0.0901,-48.8375,-24.6315,634.3655
1717.408,1.4865,0.027649999999999997,37.3255,5.063,634.3655
1717.408,1.262,-0.20750000000000002,94.7675,34.757,634.3655
1717.408,0.813,-0.325,-20.1165,5.063,634.3655
1717.408,0.813,-0.325,8.6045,5.063,634.3655
1717.408,0.813,-0.325,-20.1165,-24.6315,634.3655
1717.408,1.0375,-0.20750000000000002,-77.5585,5.063,634.3655
1717.408,0.3635,-0.20750000000000002,37.3255,5.063,-749.4069999999999
1717.408,0.5885,-0.20750000000000002,37.3255,5.063,634.3655
1717.408,0.813,-0.20750000000000002,-20.1165,-24.6315,634.3655
1717.408,1.262,-0.20750000000000002,-77.5585,-24.6315,634.3655
1717.408,1.262,0.027649999999999997,8.6045,5.063,634.3655
1717.408,0.813,0.027649999999999997,-20.1165,-24.6315,634.3655
1717.408,1.0375,0.027649999999999997,8.6045,5.063,634.3655
1717.408,1.0375,0.027649999999999997,8.6045,5.063,634.3655
1717.408,1.0375,0.027649999999999997,8.6045,5.063,634.3655
1717.408,0.813,0.027649999999999997,8.6045,5.063,634.3655
1717.408,1.0375,0.027649999999999997,8.6045,5.063,634.3655
1717.408,1.262,-0.0901,37.3255,5.063,634.3655
1717.408,0.813,-0.0901,-20.1165,5.063,634.3655
1717.408,0.813,-0.0901,-20.1165,5.063,634.3655
1717.408,0.813,0.027649999999999997,8.6045,5.063,634.3655
1717.408,0.813,-0.0901,37.3255,5.063,634.3655
1717.408,0.813,-0.0901,37.3255,5.063,634.3655
1717.408,0.813,-0.20750000000000002,8.6045,5.063,634.3655
1717.408,0.813,-0.20750000000000002,-20.1165,-24.6315,634.3655
1717.408,1.0375,-0.0901,-20.1165,-24.6315,634.3655
1717.408,1.262,-0.0901,-20.1165,5.063,634.3655
1717.408,1.4865,0.027649999999999997,37.3255,5.063,634.3655
1717.408,1.0375,-0.0901,8.6045,5.063,634.3655
1717.408,0.813,-0.0901,-20.1165,5.063,634.3655
1717.408,0.813,-0.0901,-20.1165,5.063,634.3655
1717.408,0.5885,-0.0901,8.6045,5.063,634.3655
1717.408,0.813,-0.0901,8.6045,5.063,634.3655
1717.408,0.813,-0.20750000000000002,8.6045,5.063,634.3655
1717.408,0.813,-0.0901,-20.1165,5.063,634.3655
1717.408,1.0375,-0.0901,-20.1165,-24.6315,634.3655
1717.408,1.262,-0.0901,-20.1165,5.063,634.3655
1717.408,1.262,0.027649999999999997,37.3255,5.063,-749.4069999999999
1717.408,1.0375,-0.0901,8.6045,5.063,634.3655
1717.408,0.813,-0.0901,-20.1165,5.063,634.3655
1717.408,0.813,-0.0901,-20.1165,5.063,634.3655
1717.408,0.813,-0.0901,8.6045,5.063,634.3655
1717.408,0.813,-0.0901,37.3255,5.063,634.3655
1717.408,0.813,-0.20750000000000002,8.6045,5.063,634.3655
1717.408,0.813,-0.20750000000000002,-20.1165,5.063,634.3655
1717.408,1.0375,-0.0901,-20.1165,-24.6315,634.3655
1717.408,1.262,-0.0901,-20.1165,5.063,634.3655
1717.408,1.4865,-0.20750000000000002,8.6045,5.063,634.3655
1717.408,1.0375,-0.0901,37.3255,5.063,634.3655
1717.408,0.813,-0.20750000000000002,-20.1165,5.063,634.3655
1717.408,0.813,-0.0901,-20.1165,5.063,634.3655
1717.408,0.813,-0.0901,8.6045,5.063,634.3655
1717.408,0.5885,-0.0901,37.3255,-24.6315,634.3655
1717.408,0.813,-0.0901,37.3255,5.063,634.3655
1717.408,0.813,-0.20750000000000002,8.6045,5.063,634.3655
1717.408,0.813,-0.20750000000000002,-20.1165,-24.6315,634.3655
1717.408,1.262,-0.0901,-48.8375,-24.6315,634.3655
1717.408,1.4865,0.027649999999999997,37.3255,5.063,634.3655
1717.408,1.0375,-0.0901,37.3255,34.757,634.3655
1717.408,0.813,-0.0901,8.6045,5.063,634.3655
1717.408,0.813,-0.0901,-20.1165,5.063,634.3655
1717.408,0.813,-0.0901,-20.1165,5.063,634.3655
1717.408,0.5885,-0.0901,8.6045,-24.6315,634.3655
1717.408,0.813,-0.20750000000000002,8.6045,5.063,634.3655
1717.408,0.813,-0.20750000000000002,8.6045,5.063,634.3655
1717.408,0.813,-0.20750000000000002,-20.1165,-24.6315,634.3655
1717.408,1.0375,-0.20750000000000002,-20.1165,-24.6315,634.3655
1717.408,1.262,-0.0901,-20.1165,5.063,634.3655
1717.408,1.4865,-0.20750000000000002,37.3255,5.063,634.3655
1717.408,1.0375,-0.20750000000000002,8.6045,5.063,634.3655
1717.408,0.813,-0.0901,-20.1165,,634.3655
1717.408,0.813,-0.0901,-20.1165,5.063,634.3655
1717.408,0.813,-0.0901,8.6045,5.063,634.3655
1717.408,0.5885,-0.20750000000000002,37.3255,-24.6315,634.3655
1717.408,0.813,-0.20750000000000002,8.6045,5.063,634.3655
1717.408,0.813,-0.20750000000000002,-20.1165,5.063,634.3655
1717.408,1.0375,-0.0901,-20.1165,-24.6315,634.3655
1717.408,1.262,-0.0901,-20.1165,5.063,634.3655
1717.408,1.4865,0.027649999999999997,37.3255,5.063,-749.4069999999999
1717.408,1.0375,-0.0901,37.3255,34.757,634.3655
1717.408,0.813,-0.20750000000000002,8.6045,5.063,634.3655
1717.408,0.813,-0.20750000000000002,-20.1165,5.063,634.3655
1717.408,0.813,-0.20750000000000002,-20.1165,5.063,634.3655
1717.408,0.5885,-0.20750000000000002,8.6045,-24.6315,634.3655
1717.408,0.813,-0.20750000000000002,37.3255,5.063,634.3655
1717.408,0.813,-0.20750000000000002,8.6045,5.063,634.3655
1717.408,0.813,-0.20750000000000002,-48.8375,-24.6315,634.3655
1717.408,1.262,-0.0901,-48.8375,5.063,634.3655
1717.408,1.4865,0.027649999999999997,8.6045,5.063,634.3655
1717.408,1.0375,0.027649999999999997,37.3255,5.063,634.3655
1717.408,0.813,-0.0901,8.6045,5.063,634.3655
1717.408,0.813,-0.20750000000000002,-20.1165,5.063,634.3655
1717.408,0.813,-0.0901,8.6045,5.063,634.3655
1717.408,0.5885,-0.20750000000000002,8.6045,5.063,634.3655
1717.408,0.813,-0.0901,37.3255,-24.6315,634.3655
1717.408,0.813,-0.20750000000000002,8.6045,5.063,634.3655
1717.408,0.813,-0.20750000000000002,-20.1165,-24.6315,634.3655
1717.408,1.0375,-0.20750000000000002,-20.1165,-24.6315,634.3655
1717.408,1.262,-0.0901,-20.1165,5.063,634.3655
1717.408,1.4865,-0.0901,37.3255,5.063,634.3655
1717.408,1.0375,-0.0901,8.6045,34.757,634.3655
1717.408,0.813,-0.20750000000000002,-20.1165,5.063,634.3655
1717.408,0.813,-0.0901,-20.1165,-24.6315,634.3655
1717.408,0.813,0.027649999999999997,8.6045,5.063,634.3655
1717.408,0.5885,-0.0901,37.3255,-24.6315,634.3655
1717.408,0.813,-0.0901,37.3255,5.063,634.3655
1717.408,0.813,-0.20750000000000002,-20.1165,-24.6315,634.3655
1717.408,1.0375,-0.0901,-48.8375,-24.6315,634.3655
1717.408,1.262,0.027649999999999997,-20.1165,5.063,634.3655
1717.408,1.4865,0.14525,37.3255,5.063,634.3655
1717.408,1.0375,-0.0901,37.3255,5.063,634.3655
1717.408,0.813,-0.0901,-20.1165,5.063,634.3655
1717.408,0.813,-0.0901,8.6045,5.063,634.3655
1717.408,0.813,-0.0901,-20.1165,5.063,634.3655
1717.408,0.813,-0.0901,8.6045,5.063,634.3655
1717.408,0.813,-0.0901,37.3255,-24.6315,634.3655
1717.408,0.813,-0.20750000000000002,37.3255,5.063,634.3655
1717.408,0.813,-0.325,8.6045,5.063,634.3655
1717.408,1.0375,-0.325,-48.8375,5.063,634.3655
1717.408,1.262,-0.20750000000000002,-20.1165,5.063,634.3655
1717.408,1.0375,-0.0901,8.6045,5.063,634.3655
1717.408,1.0375,-0.0901,-20.1165,5.063,634.3655
1717.408,1.0375,0.027649999999999997,8.6045,5.063,634.3655
1717.408,1.0375,0.027649999999999997,-20.1165,5.063,634.3655
1717.408,1.0375,-0.0901,8.6045,-24.6315,634.3655
1717.408,0.813,0.027649999999999997,-20.1165,5.063,634.3655
1717.408,1.4865,-0.0901,66.0465,34.757,634.3655
1717.408,1.0375,-0.325,37.3255,34.757,634.3655
1717.408,0.813,-0.325,-20.1165,-24.6315,634.3655
1717.408,0.813,-0.20750000000000002,-77.5585,-24.6315,634.3655
1717.408,0.5885,-0.0901,8.6045,5.063,634.3655
1717.408,1.0375,0.027649999999999997,-20.1165,5.063,634.3655
1717.408,0.3635,0.027649999999999997,66.0465,5.063,634.3655
1717.408,0.813,-0.20750000000000002,37.3255,5.063,634.3655
1717.408,1.0375,-0.325,-20.1165,-24.6315,634.3655
1717.408,1.0375,-0.20750000000000002,-48.8375,-24.6315,634.3655
1717.408,1.4865,-0.0901,37.3255,34.757,634.3655
1717.408,1.0375,-0.325,66.0465,5.063,634.3655
1717.408,0.813,-0.325,-20.1165,-24.6315,634.3655
1717.408,0.813,-0.325,-48.8375,-24.6315,634.3655
1717.408,0.5885,-0.20750000000000002,-20.1165,5.063,634.3655
1717.408,0.813,-0.0901,-20.1165,5.063,634.3655
1717.408,1.0375,-0.0901,8.6045,5.063,634.3655
1717.408,0.813,-0.0901,37.3255,-24.6315,634.3655
1717.408,0.813,-0.20750000000000002,37.3255,5.063,634.3655
1717.408,0.813,-0.325,8.6045,5.063,634.3655
1717.408,0.813,-0.443,-20.1165,5.063,634.3655
1717.408,0.813,-0.325,-20.1165,5.063,634.3655
1717.408,1.0375,-0.20750000000000002,-20.1165,-24.6315,634.3655
1717.408,1.262,-0.325,37.3255,34.757,634.3655
1717.408,1.0375,-0.443,37.3255,5.063,634.3655
1717.408,0.813,-0.325,-20.1165,-24.6315,634.3655
1717.408,0.813,-0.20750000000000002,-48.8375,-24.6315,634.3655
1717.408,0.5885,-0.0901,8.6045,5.063,634.3655
1717.408,1.0375,-0.0901,8.6045,5.063,634.3655
1717.408,0.813,-0.20750000000000002,8.6045,5.063,634.3655
1717.408,0.5885,-0.20750000000000002,37.3255,5.063,634.3655
1717.408,0.813,-0.20750000000000002,37.3255,34.757,634.3655
1717.408,0.813,-0.325,8.6045,5.063,634.3655
1717.408,0.813,-0.325,-20.1165,-24.6315,634.3655
1717.408,1.0375,-0.20750000000000002,-48.8375,-24.6315,634.3655
1717.408,1.262,-0.20750000000000002,8.6045,5.063,634.3655
1717.408,1.262,-0.325,66.0465,34.757,634.3655
1717.408,0.813,-0.325,-20.1165,5.063,634.3655
1717.408,0.813,-0.325,-48.8375,-24.6315,634.3655
1717.408,0.5885,-0.0901,-20.1165,5.063,634.3655
1717.408,0.813,-0.20750000000000002,8.6045,5.063,634.3655
1717.408,1.0375,-0.20750000000000002,8.6045,-24.6315,634.3655
1717.408,1.0375,-0.20750000000000002,8.6045,5.063,634.3655
1717.408,1.0375,-0.20750000000000002,8.6045,-24.6315,634.3655
1717.408,0.5885,-0.0901,37.3255,5.063,634.3655
1717.408,0.813,-0.325,8.6045,34.757,634.3655
1717.408,0.813,-0.443,8.6045,5.063,634.3655
1717.408,0.813,-0.443,-20.1165,-24.6315,634.3655
1717.408,0.813,-0.20750000000000002,-48.8375,-24.6315,634.3655
1717.408,1.262,-0.20750000000000002,8.6045,5.063,634.3655
1717.408,1.262,-0.325,66.0465,5.063,634.3655
1717.408,0.813,-0.325,-20.1165,5.063,634.3655
1717.408,0.813,-0.325,-20.1165,5.063,634.3655
1717.408,0.813,-0.20750000000000002,-20.1165,-24.6315,634.3655
1717.408,0.5885,-0.0901,8.6045,5.063,634.3655
1717.408,1.0375,-0.0901,8.6045,5.063,634.3655
1717.408,0.813,-0.20750000000000002,8.6045,5.063,634.3655
1717.408,0.5885,-0.20750000000000002,66.0465,5.063,634.3655
1717.408,0.813,-0.325,8.6045,5.063,634.3655
1717.408,0.813,-0.443,8.6045,5.063,634.3655
1717.408,0.813,-0.325,-20.1165,5.063,634.3655
1717.408,1.0375,-0.20750000000000002,-48.8375,-24.6315,634.3655
1717.408,1.262,-0.20750000000000002,8.6045,5.063,634.3655
1717.408,1.0375,-0.325,66.0465,5.063,634.3655
1717.408,0.813,-0.325,-20.1165,5.063,634.3655
1717.408,0.813,-0.20750000000000002,-20.1165,5.063,634.3655
1717.408,0.813,-0.20750000000000002,-20.1165,5.063,634.3655
1717.408,0.813,-0.0901,8.6045,5.063,634.3655
1717.408,1.0375,-0.20750000000000002,-20.1165,5.063,634.3655
1717.408,1.0375,-0.0901,8.6045,5.063,634.3655
1717.408,1.0375,-0.0901,8.6045,5.063,634.3655
1717.408,1.0375,-0.0901,-20.1165,5.063,634.3655
1717.408,1.0375,-0.0901,8.6045,5.063,634.3655
1717.408,0.813,-0.0901,8.6045,5.063,634.3655
1717.408,0.5885,-0.20750000000000002,37.3255,5.063,634.3655
1717.408,0.813,-0.20750000000000002,8.6045,5.063,634.3655
1717.408,0.813,-0.325,8.6045,5.063,634.3655
1717.408,0.813,-0.325,-20.1165,5.063,634.3655
1717.408,1.0375,-0.325,-48.8375,-24.6315,634.3655
1717.408,1.0375,-0.20750000000000002,-20.1165,5.063,634.3655
1717.408,1.262,-0.325,66.0465,34.757,634.3655
1717.408,0.813,-0.325,8.6045,5.063,634.3655
1717.408,0.813,-0.443,-20.1165,-24.6315,634.3655
1717.408,0.813,-0.325,-20.1165,-24.6315,634.3655
1717.408,0.3635,-0.20750000000000002,8.6045,5.063,634.3655
1717.408,0.813,-0.325,37.3255,5.063,634.3655
1717.408,0.813,-0.325,-20.1165,-24.6315,634.3655
1717.408,1.0375,-0.20750000000000002,-20.1165,-24.6315,634.3655
1717.408,1.0375,-0.0901,-48.8375,-24.6315,634.3655
1717.408,1.4865,-0.0901,37.3255,34.757,634.3655
1717.408,1.0375,-0.20750000000000002,37.3255,5.063,634.3655
1717.408,0.813,-0.325,8.6045,5.063,634.3655
1717.408,0.813,-0.325,-20.1165,-24.6315,634.3655
1717.408,0.813,-0.20750000000000002,-48.8375,5.063,634.3655
1717.408,0.813,-0.0901,8.6045,5.063,634.3655
1717.408,0.813,-0.0901,37.3255,5.063,634.3655
1717.408,0.813,-0.20750000000000002,37.3255,5.063,634.3655
1717.408,0.813,-0.325,8.6045,5.063,634.3655
1717.408,0.813,-0.325,-20.1165,-24.6315,634.3655
1717.408,1.0375,-0.20750000000000002,-48.8375,-24.6315,634.3655
1717.408,1.262,-0.0901,-20.1165,-24.6315,634.3655
1717.408,1.262,-0.20750000000000002,94.7675,64.45150000000001,634.3655
1717.408,0.813,-0.325,37.3255,5.063,634.3655
1717.408,0.813,-0.443,-20.1165,-24.6315,634.3655
1717.408,0.813,-0.325,-48.8375,-24.6315,634.3655
1717.408,0.5885,-0.0901,-20.1165,5.063,634.3655
1717.408,1.0375,0.027649999999999997,8.6045,5.063,634.3655
1717.408,0.813,-0.0901,8.6045,5.063,634.3655
1717.408,0.813,-0.0901,8.6045,-24.6315,634.3655
1717.408,0.813,-0.0901,8.6045,5.063,634.3655
1717.408,0.5885,-0.20750000000000002,37.3255,5.063,634.3655
1717.408,0.813,-0.20750000000000002,8.6045,5.063,634.3655
1717.408,0.813,-0.325,-20.1165,5.063,634.3655
1717.408,1.0375,-0.20750000000000002,-48.8375,-24.6315,634.3655
1717.408,1.0375,-0.0901,-48.8375,-24.6315,634.3655
1717.408,1.262,0.027649999999999997,37.3255,-24.6315,634.3655
1717.408,1.0375,-0.0901,66.0465,34.757,634.3655
1717.408,0.813,-0.325,37.3255,5.063,634.3655
1717.408,0.813,-0.325,8.6045,-24.6315,634.3655
1717.408,0.813,-0.325,-20.1165,5.063,634.3655
1717.408,0.813,-0.325,-48.8375,-24.6315,634.3655
1717.408,0.5885,-0.20750000000000002,-20.1165,5.063,634.3655
1717.408,1.0375,-0.0901,8.6045,5.063,634.3655
1717.408,0.813,-0.0901,37.3255,5.063,634.3655
1717.408,0.5885,-0.325,37.3255,5.063,634.3655
1717.408,0.813,-0.325,-20.1165,5.063,634.3655
1717.408,0.813,-0.325,-48.8375,-24.6315,634.3655
1717.408,1.0375,-0.20750000000000002,-48.8375,-24.6315,634.3655
1717.408,1.0375,-0.0901,8.6045,5.063,634.3655
1717.408,1.0375,-0.0901,8.6045,5.063,634.3655
1717.408,1.0375,0.027649999999999997,8.6045,5.063,634.3655
1717.408,1.0375,-0.0901,8.6045,5.063,634.3655
1717.408,1.0375,-0.0901,8.6045,5.063,634.3655
1717.408,0.813,-0.0901,8.6045,5.063,634.3655
1717.408,1.4865,-0.20750000000000002,37.3255,5.063,634.3655
1717.408,0.813,-0.20750000000000002,-20.1165,5.063,634.3655
1717.408,0.813,-0.0901,-20.1165,5.063,634.3655
1717.408,0.813,-0.0901,-20.1165,5.063,634.3655
1717.408,0.813,-0.0901,8.6045,5.063,634.3655
1717.408,0.813,-0.20750000000000002,37.3255,5.063,634.3655
1717.408,0.813,-0.20750000000000002,8.6045,5.063,634.3655
1717.408,0.813,-0.20750000000000002,-20.1165,-24.6315,634.3655
1717.408,1.0375,-0.0901,-20.1165,-24.6315,634.3655
1717.408,1.262,-0.0901,-20.1165,5.063,634.3655
1717.408,1.262,0.027649999999999997,8.6045,5.063,634.3655
1717.408,1.4865,-0.0901,66.0465,34.757,634.3655
1717.408,0.813,-0.0901,8.6045,5.063,634.3655
1717.408,0.813,-0.20750000000000002,-20.1165,5.063,634.3655
1717.408,0.5885,-0.0901,8.6045,-24.6315,634.3655
1717.408,0.813,-0.0901,8.6045,5.063,634.3655
1717.408,0.813,-0.0901,37.3255,5.063,634.3655
1717.408,0.813,-0.20750000000000002,8.6045,-24.6315,634.3655
1717.408,1.0375,-0.0901,-48.8375,-24.6315,634.3655
1717.408,1.262,-0.0901,-20.1165,5.063,634.3655
1717.408,1.262,-0.0901,8.6045,5.063,634.3655
1717.408,1.4865,-0.20750000000000002,37.3255,5.063,634.3655
1717.408,1.0375,-0.20750000000000002,8.6045,5.063,-749.4069999999999
1717.408,0.813,-0.20750000000000002,-20.1165,5.063,634.3655
1717.408,0.813,-0.0901,-20.1165,5.063,634.3655
1717.408,0.5885,-0.0901,8.6045,5.063,634.3655
1717.408,0.813,-0.0901,37.3255,5.063,634.3655
1717.408,0.813,-0.20750000000000002,37.3255,5.063,634.3655
1717.408,0.813,-0.20750000000000002,-20.1165,-24.6315,634.3655
1717.408,1.0375,-0.0901,-48.8375,-24.6315,634.3655
1717.408,1.262,-0.0901,8.6045,5.063,634.3655
1717.408,1.262,-0.0901,8.6045,5.063,634.3655
1717.408,1.262,-0.0901,37.3255,5.063,-749.4069999999999
1717.408,0.813,-0.0901,8.6045,5.063,634.3655
1717.408,0.813,-0.0901,-20.1165,5.063,634.3655
1717.408,0.5885,-0.0901,8.6045,5.063,634.3655
1717.408,0.813,-0.0901,8.6045,5.063,634.3655
1717.408,0.5885,-0.0901,8.6045,5.063,634.3655
1717.408,0.813,-0.20750000000000002,8.6045,5.063,634.3655
1717.408,0.813,-0.20750000000000002,-20.1165,5.063,634.3655
1717.408,1.262,-0.0901,-20.1165,-24.6315,634.3655
1717.408,1.262,-0.0901,-20.1165,5.063,634.3655
1717.408,1.262,-0.0901,8.6045,5.063,634.3655
1717.408,1.0375,-0.0901,37.3255,5.063,634.3655
1717.408,0.813,-0.20750000000000002,-20.1165,5.063,634.3655
1717.408,0.813,-0.0901,-20.1165,5.063,634.3655
1717.408,0.5885,-0.0901,8.6045,5.063,634.3655
1717.408,1.0375,-0.0901,8.6045,5.063,634.3655
1717.408,0.813,-0.20750000000000002,37.3255,5.063,634.3655
1717.408,0.813,-0.20750000000000002,8.6045,5.063,634.3655
1717.408,0.813,-0.20750000000000002,-20.1165,-24.6315,634.3655
1717.408,1.0375,-0.0901,-48.8375,5.063,634.3655
1717.408,1.262,-0.0901,8.6045,5.063,634.3655
1717.408,1.4865,-0.0901,37.3255,5.063,634.3655
1717.408,1.0375,-0.20750000000000002,37.3255,5.063,634.3655
1717.408,0.813,-0.20750000000000002,-20.1165,5.063,634.3655
1717.408,0.813,-0.20750000000000002,-20.1165,5.063,634.3655
1717.408,0.5885,-0.0901,8.6045,5.063,634.3655
1717.408,1.0375,-0.0901,8.6045,5.063,634.3655
1717.408,0.813,-0.20750000000000002,8.6045,5.063,634.3655
1717.408,0.813,-0.20750000000000002,8.6045,5.063,634.3655
1717.408,0.813,-0.20750000000000002,-20.1165,-24.6315,634.3655
1717.408,1.0375,-0.0901,-20.1165,-24.6315,634.3655
1717.408,1.262,-0.0901,8.6045,5.063,634.3655
1717.408,1.4865,-0.0901,37.3255,5.063,634.3655
1717.408,1.0375,-0.0901,8.6045,5.063,634.3655
1717.408,0.813,-0.20750000000000002,-20.1165,5.063,634.3655
1717.408,0.813,-0.0901,-20.1165,5.063,634.3655
1717.408,0.813,-0.0901,8.6045,5.063,634.3655
1717.408,0.813,-0.0901,8.6045,5.063,634.3655
1717.408,0.813,-0.20750000000000002,37.3255,5.063,634.3655
1717.408,0.813,-0.20750000000000002,37.3255,5.063,634.3655
1717.408,0.813,-0.20750000000000002,8.6045,5.063,634.3655
1717.408,1.0375,-0.20750000000000002,-48.8375,-24.6315,634.3655
1717.408,1.262,-0.20750000000000002,-20.1165,5.063,634.3655
1717.408,1.4865,-0.20750000000000002,8.6045,5.063,634.3655
1717.408,1.0375,-0.20750000000000002,8.6045,5.063,634.3655
1717.408,0.813,-0.20750000000000002,8.6045,5.063,634.3655
1717.408,1.0375,-0.0901,-20.1165,5.063,634.3655
1717.408,1.0375,-0.0901,8.6045,5.063,634.3655
1717.408,1.0375,-0.0901,8.6045,5.063,634.3655
1717.408,0.813,-0.0901,8.6045,5.063,634.3655
1717.408,1.0375,-0.20750000000000002,-20.1165,5.063,634.3655
1717.408,1.4865,-0.325,37.3255,34.757,634.3655
1717.408,1.0375,-0.325,66.0465,34.757,634.3655
1717.408,0.813,-0.443,8.6045,-24.6315,634.3655
1717.408,0.813,-0.443,-20.1165,5.063,634.3655
1717.408,0.3635,-0.20750000000000002,8.6045,-24.6315,634.3655
1717.408,0.5885,-0.325,37.3255,5.063,634.3655
1717.408,1.0375,-0.443,8.6045,5.063,634.3655
1717.408,0.813,-0.443,-20.1165,5.063,634.3655
1717.408,1.0375,-0.443,-20.1165,-24.6315,634.3655
1717.408,1.262,-0.443,8.6045,5.063,634.3655
1717.408,1.262,-0.443,37.3255,5.063,634.3655
1717.408,0.813,-0.443,-20.1165,5.063,634.3655
1717.408,0.813,-0.443,-20.1165,-24.6315,634.3655
1717.408,0.1389,-0.0901,8.6045,5.063,634.3655
1717.408,0.813,-0.443,37.3255,5.063,634.3655
1717.408,0.813,-0.443,8.6045,5.063,634.3655
1717.408,0.813,-0.325,-48.8375,-24.6315,634.3655
1717.408,1.0375,-0.325,-20.1165,-24.6315,634.3655
1717.408,1.4865,-0.443,37.3255,34.757,634.3655
1717.408,1.0375,-0.443,37.3255,5.063,634.3655
1717.408,0.813,-0.443,-20.1165,-24.6315,634.3655
1717.408,0.3635,-0.20750000000000002,-48.8375,5.063,634.3655
1717.408,0.5885,-0.20750000000000002,37.3255,5.063,634.3655
1717.408,1.0375,-0.443,8.6045,5.063,634.3655
1717.408,0.813,-0.325,-20.1165,-24.6315,634.3655
1717.408,1.0375,-0.325,-20.1165,-24.6315,634.3655
1717.408,1.0375,-0.20750000000000002,8.6045,5.063,634.3655
1717.408,1.262,-0.443,66.0465,34.757,634.3655
1717.408,0.813,-0.443,8.6045,5.063,634.3655
1717.408,0.813,-0.443,-77.5585,-24.6315,634.3655
1717.408,0.1389,-0.20750000000000002,8.6045,5.063,634.3655
1717.408,0.813,-0.325,37.3255,5.063,634.3655
1717.408,0.813,-0.443,-20.1165,5.063,634.3655
1717.408,0.813,-0.325,-20.1165,5.063,634.3655
1717.408,1.0375,-0.325,-20.1165,-24.6315,634.3655
1717.408,1.262,-0.20750000000000002,37.3255,5.063,634.3655
1717.408,1.0375,-0.325,66.0465,34.757,634.3655
1717.408,0.813,-0.443,8.6045,5.063,634.3655
1717.408,0.813,-0.443,-20.1165,5.063,634.3655
1717.408,0.5885,-0.325,-48.8375,-24.6315,634.3655
1717.408,0.5885,-0.325,8.6045,5.063,634.3655
1717.408,0.5885,-0.325,8.6045,5.063,634.3655
1717.408,0.813,-0.325,8.6045,5.063,634.3655
1717.408,0.813,-0.325,-20.1165,5.063,634.3655
1717.408,1.0375,-0.443,-48.8375,-24.6315,634.3655
1717.408,1.0375,-0.20750000000000002,-20.1165,-24.6315,634.3655
1717.408,1.4865,-0.325,37.3255,64.45150000000001,634.3655
1717.408,1.0375,-0.325,66.0465,5.063,634.3655
1717.408,0.813,-0.443,8.6045,5.063,634.3655
1717.408,0.813,-0.443,-20.1165,-24.6315,634.3655
1717.408,0.813,-0.325,-48.8375,5.063,634.3655
1717.408,0.5885,-0.325,8.6045,5.063,634.3655
1717.408,1.0375,-0.325,-20.1165,5.063,634.3655
1717.408,0.813,-0.325,8.6045,5.063,634.3655
1717.408,0.813,-0.325,8.6045,-24.6315,634.3655
1717.408,0.813,-0.325,8.6045,5.063,634.3655
1717.408,0.5885,-0.20750000000000002,8.6045,5.063,634.3655
1717.408,0.813,-0.325,37.3255,5.063,634.3655
1717.408,0.813,-0.443,-20.1165,5.063,634.3655
1717.408,0.813,-0.325,-20.1165,-24.6315,634.3655
1717.408,1.0375,-0.325,-20.1165,-24.6315,634.3655
1717.408,1.4865,-0.443,66.0465,34.757,634.3655
1717.408,0.813,-0.443,8.6045,-24.6315,634.3655
1717.408,0.813,-0.443,-20.1165,5.063,634.3655
1717.408,0.1389,-0.0901,-20.1165,5.063,634.3655
1717.408,0.5885,-0.325,37.3255,5.063,634.3655
1717.408,0.813,-0.443,-20.1165,5.063,634.3655
1717.408,0.813,-0.325,-48.8375,-24.6315,634.3655
1717.408,1.0375,0.027649999999999997,8.6045,5.063,634.3655
1717.408,1.0375,0.027649999999999997,8.6045,5.063,634.3655
1717.408,1.0375,0.027649999999999997,8.6045,5.063,634.3655
1717.408,1.0375,0.027649999999999997,8.6045,5.063,634.3655
1717.408,1.0375,0.027649999999999997,8.6045,5.063,634.3655
1717.408,1.0375,0.027649999999999997,8.6045,5.063,634.3655
1717.408,1.0375,0.027649999999999997,8.6045,5.063,634.3655
1717.408,1.4865,0.027649999999999997,8.6045,5.063,634.3655
1717.408,1.0375,0.027649999999999997,8.6045,5.063,634.3655
1717.408,0.813,-0.0901,8.6045,5.063,634.3655
1717.408,0.813,-0.0901,-20.1165,5.063,634.3655
1717.408,0.813,0.027649999999999997,8.6045,5.063,634.3655
1717.408,0.5885,-0.0901,37.3255,-24.6315,634.3655
1717.408,0.813,-0.0901,8.6045,5.063,634.3655
1717.408,0.813,-0.20750000000000002,8.6045,5.063,634.3655
1717.408,1.0375,-0.0901,-48.8375,-24.6315,634.3655
1717.408,1.0375,-0.0901,-20.1165,5.063,634.3655
1717.408,,-0.0901,37.3255,5.063,634.3655
1717.408,1.0375,-0.0901,37.3255,5.063,634.3655
1717.408,0.813,-0.0901,-20.1165,5.063,634.3655
1717.408,0.813,-0.0901,-20.1165,5.063,634.3655
1717.408,0.5885,0.027649999999999997,8.6045,5.063,634.3655
1717.408,0.5885,-0.0901,37.3255,5.063,634.3655
1717.408,0.813,-0.20750000000000002,8.6045,5.063,634.3655
1717.408,1.0375,-0.0901,-48.8375,-24.6315,634.3655
1717.408,1.262,-0.0901,-48.8375,5.063,634.3655
1717.408,1.4865,0.027649999999999997,37.3255,5.063,634.3655
1717.408,1.262,-0.0901,37.3255,34.757,634.3655
1717.408,0.813,-0.0901,8.6045,5.063,634.3655
1717.408,0.813,-0.0901,-20.1165,5.063,634.3655
1717.408,0.813,-0.0901,8.6045,-24.6315,634.3655
1717.408,0.5885,-0.0901,8.6045,5.063,634.3655
1717.408,0.813,-0.0901,37.3255,5.063,634.3655
1717.408,0.813,-0.0901,-20.1165,-24.6315,634.3655
1717.408,1.0375,-0.0901,-20.1165,-24.6315,634.3655
1717.408,1.262,-0.0901,8.6045,5.063,634.3655
1717.408,1.4865,-0.0901,8.6045,5.063,634.3655
1717.408,1.0375,0.027649999999999997,37.3255,5.063,634.3655
1717.408,0.813,-0.0901,-20.1165,5.063,634.3655
1717.408,0.813,-0.0901,-20.1165,5.063,634.3655
1717.408,0.5885,-0.0901,8.6045,5.063,634.3655
1717.408,0.813,-0.0901,8.6045,5.063,634.3655
1717.408,0.813,-0.0901,37.3255,5.063,634.3655
1717.408,0.813,-0.20750000000000002,8.6045,5.063,634.3655
1717.408,1.0375,-0.20750000000000002,-48.8375,-24.6315,634.3655
1717.408,1.262,-0.0901,-20.1165,5.063,634.3655
1717.408,1.262,-0.0901,8.6045,5.063,634.3655
1717.408,1.262,-0.0901,37.3255,5.063,-749.4069999999999
1717.408,0.813,-0.0901,8.6045,5.063,634.3655
1717.408,0.813,-0.0901,-20.1165,5.063,634.3655
1717.408,0.813,-0.0901,-20.1165,5.063,634.3655
1717.408,0.5885,-0.0901,37.3255,-24.6315,634.3655
1717.408,0.813,-0.0901,37.3255,5.063,634.3655
1717.408,0.813,-0.20750000000000002,8.6045,5.063,634.3655
1717.408,0.813,-0.20750000000000002,-48.8375,-24.6315,634.3655
1717.408,1.0375,-0.0901,-20.1165,-24.6315,634.3655
1717.408,1.262,-0.0901,8.6045,5.063,634.3655
1717.408,1.4865,-0.0901,8.6045,5.063,-749.4069999999999
1717.408,1.0375,-0.0901,37.3255,5.063,634.3655
1717.408,0.813,-0.0901,-20.1165,5.063,634.3655
1717.408,0.813,-0.0901,-20.1165,5.063,634.3655
1717.408,0.813,-0.0901,-20.1165,5.063,634.3655
1717.408,0.813,-0.0901,8.6045,5.063,634.3655
1717.408,0.813,-0.0901,37.3255,5.063,634.3655
1717.408,0.813,-0.20750000000000002,37.3255,5.063,634.3655
1717.408,1.0375,-0.20750000000000002,-20.1165,-24.6315,634.3655
1717.408,1.0375,-0.20750000000000002,-20.1165,-24.6315,634.3655
1717.408,1.262,-0.0901,8.6045,5.063,634.3655
1717.408,1.4865,-0.20750000000000002,8.6045,5.063,-749.4069999999999
1717.408,1.0375,-0.0901,8.6045,5.063,634.3655
1717.408,0.813,-0.0901,-20.1165,5.063,634.3655
1717.408,0.813,-0.0901,-20.1165,5.063,634.3655
1717.408,0.813,-0.0901,-20.1165,5.063,634.3655
1717.408,0.813,-0.0901,8.6045,5.063,634.3655
1717.408,0.813,-0.0901,37.3255,5.063,634.3655
1717.408,0.813,-0.20750000000000002,37.3255,5.063,634.3655
1717.408,0.813,-0.20750000000000002,-20.1165,5.063,634.3655
1717.408,1.0375,-0.20750000000000002,-48.8375,-24.6315,634.3655
1717.408,1.0375,-0.0901,-20.1165,5.063,634.3655
1717.408,1.4865,0.027649999999999997,8.6045,5.063,634.3655
1717.408,1.0375,0.027649999999999997,37.3255,34.757,634.3655
1717.408,0.813,-0.20750000000000002,8.6045,5.063,634.3655
1717.408,0.813,-0.20750000000000002,-20.1165,5.063,634.3655
1717.408,0.813,-0.0901,-20.1165,5.063,634.3655
1717.408,0.813,-0.0901,8.6045,5.063,634.3655
1717.408,0.813,-0.0901,37.3255,5.063,634.3655
1717.408,0.813,-0.20750000000000002,8.6045,5.063,634.3655
1717.408,0.813,-0.20750000000000002,-20.1165,-24.6315,634.3655
1717.408,1.0375,-0.0901,-20.1165,-24.6315,634.3655
1717.408,1.262,-0.0901,-20.1165,5.063,634.3655
1717.408,1.4865,-0.0901,8.6045,5.063,634.3655
1717.408,1.0375,0.027649999999999997,37.3255,5.063,634.3655
1717.408,0.813,-0.0901,8.6045,5.063,634.3655
1717.408,0.813,-0.0901,8.6045,5.063,634.3655
1717.408,0.813,-0.0901,8.6045,5.063,634.3655
1717.408,1.0375,-0.0901,-48.8375,5.063,634.3655
1717.408,0.813,-0.0901,8.6045,5.063,634.3655
1717.408,0.5885,0.7335,8.6045,5.063,634.3655
1717.408,0.5885,0.6160000000000001,8.6045,5.063,634.3655
1717.408,0.813,0.7335,8.6045,5.063,634.3655
1717.408,0.5885,0.6160000000000001,8.6045,5.063,634.3655
1717.408,0.813,0.6160000000000001,8.6045,5.063,634.3655
1717.408,0.813,0.6160000000000001,8.6045,5.063,634.3655
1717.408,0.5885,0.6160000000000001,8.6045,5.063,634.3655
1717.408,0.5885,0.498,8.6045,5.063,634.3655
1717.408,0.5885,0.498,-20.1165,5.063,634.3655
1717.408,0.5885,0.7335,-20.1165,5.063,634.3655
1717.408,0.5885,0.851,-20.1165,5.063,634.3655
1717.408,0.5885,0.851,8.6045,5.063,634.3655
1717.408,0.5885,0.9690000000000001,8.6045,5.063,634.3655
1717.408,0.5885,0.9690000000000001,8.6045,5.063,634.3655
1717.408,0.5885,0.9690000000000001,8.6045,5.063,634.3655
1717.408,0.5885,0.9690000000000001,8.6045,5.063,634.3655
1717.408,0.5885,0.7335,37.3255,5.063,634.3655
1717.408,0.3635,0.498,37.3255,5.063,634.3655
1717.408,0.5885,0.498,8.6045,5.063,634.3655
1717.408,0.5885,0.498,8.6045,-24.6315,634.3655
1717.408,0.5885,0.3805,-20.1165,-24.6315,634.3655
1717.408,0.5885,0.6160000000000001,-20.1165,5.063,634.3655
1717.408,0.813,0.851,-20.1165,5.063,634.3655
1717.408,0.5885,0.851,8.6045,5.063,634.3655
1717.408,0.813,0.9690000000000001,8.6045,5.063,634.3655
1717.408,0.813,0.9690000000000001,8.6045,5.063,634.3655
1717.408,0.5885,0.9690000000000001,8.6045,5.063,634.3655
1717.408,0.813,0.851,37.3255,5.063,634.3655
1717.408,0.5885,0.498,37.3255,5.063,634.3655
1717.408,0.3635,0.263,-20.1165,5.063,634.3655
1717.408,0.813,0.6160000000000001,8.6045,5.063,634.3655
1717.408,0.5885,0.498,8.6045,-24.6315,634.3655
1717.408,0.5885,0.3805,-20.1165,-24.6315,634.3655
1717.408,0.5885,0.498,-48.8375,5.063,634.3655
1717.408,0.5885,0.851,-20.1165,5.063,634.3655
1717.408,0.5885,0.851,8.6045,5.063,634.3655
1717.408,0.813,0.9690000000000001,8.6045,5.063,634.3655
1717.408,0.813,0.9690000000000001,8.6045,5.063,634.3655
1717.408,0.5885,0.851,8.6045,5.063,634.3655
1717.408,0.813,0.851,37.3255,5.063,634.3655
1717.408,0.5885,0.6160000000000001,37.3255,5.063,634.3655
1717.408,0.3635,0.263,8.6045,5.063,634.3655
1717.408,0.813,0.6160000000000001,8.6045,5.063,634.3655
1717.408,0.5885,0.498,8.6045,-24.6315,634.3655
1717.408,0.5885,0.498,-20.1165,-24.6315,634.3655
1717.408,0.5885,0.6160000000000001,-20.1165,5.063,634.3655
1717.408,0.5885,0.851,-20.1165,5.063,634.3655
1717.408,0.5885,0.9690000000000001,8.6045,5.063,634.3655
1717.408,0.813,0.9690000000000001,8.6045,5.063,634.3655
1717.408,0.813,0.9690000000000001,8.6045,5.063,634.3655
1717.408,0.5885,0.851,8.6045,5.063,634.3655
1717.408,0.5885,0.851,37.3255,5.063,634.3655
1717.408,0.5885,0.7335,8.6045,5.063,634.3655
1717.408,0.3635,0.263,8.6045,5.063,634.3655
1717.408,0.813,0.6160000000000001,8.6045,5.063,634.3655
1717.408,0.813,0.498,8.6045,5.063,634.3655
1717.408,0.813,0.6160000000000001,8.6045,-24.6315,634.3655
1717.408,0.5885,0.3805,-20.1165,5.063,634.3655
1717.408,0.5885,0.498,-20.1165,5.063,634.3655
1717.408,0.813,0.851,-20.1165,5.063,634.3655
1717.408,0.5885,0.851,-20.1165,5.063,634.3655
1717.408,0.5885,0.9690000000000001,8.6045,5.063,634.3655
1717.408,0.813,0.9690000000000001,8.6045,5.063,634.3655
1717.408,0.5885,0.851,8.6045,5.063,634.3655
1717.408,0.5885,0.851,37.3255,5.063,634.3655
1717.408,0.813,0.7335,37.3255,5.063,634.3655
1717.408,0.3635,0.3805,8.6045,5.063,634.3655
1717.408,0.5885,0.498,8.6045,5.063,634.3655
1717.408,0.813,0.6160000000000001,-20.1165,5.063,634.3655
1717.408,0.813,0.6160000000000001,8.6045,5.063,634.3655
1717.408,0.5885,0.3805,-20.1165,-24.6315,634.3655
1717.408,0.3635,0.3805,-48.8375,5.063,634.3655
1717.408,0.813,0.851,-20.1165,5.063,634.3655
1717.408,0.5885,0.851,8.6045,5.063,634.3655
1717.408,0.813,0.9690000000000001,8.6045,5.063,634.3655
1717.408,0.813,0.9690000000000001,8.6045,5.063,634.3655
1717.408,0.5885,0.851,8.6045,5.063,634.3655
1717.408,0.5885,0.851,8.6045,5.063,634.3655
1717.408,0.813,0.851,37.3255,5.063,634.3655
1717.408,0.5885,0.3805,37.3255,5.063,634.3655
1717.408,0.3635,0.263,-20.1165,34.757,634.3655
1717.408,0.813,0.3805,8.6045,5.063,634.3655
1717.408,0.813,0.3805,8.6045,5.063,634.3655
1717.408,0.813,0.3805,8.6045,5.063,634.3655
1717.408,0.813,0.263,8.6045,5.063,634.3655
1717.408,0.5885,0.263,-20.1165,-24.6315,634.3655
1717.408,0.5885,0.3805,-20.1165,-24.6315,634.3655
1717.408,0.813,0.498,-20.1165,5.063,634.3655
1717.408,0.813,0.498,-20.1165,5.063,634.3655
1717.408,0.813,0.498,8.6045,5.063,634.3655
1717.408,0.813,0.6160000000000001,8.6045,5.063,634.3655
1717.408,1.0375,0.6160000000000001,-20.1165,5.063,634.3655
1717.408,0.813,0.6160000000000001,8.6045,34.757,634.3655
1717.408,0.813,0.6160000000000001,8.6045,5.063,634.3655
1717.408,0.813,0.498,8.6045,5.063,634.3655
1717.408,0.5885,0.3805,8.6045,5.063,634.3655
1717.408,0.5885,0.263,8.6045,5.063,634.3655
1717.408,0.813,0.263,8.6045,5.063,634.3655
1717.408,0.813,0.263,8.6045,5.063,634.3655
1717.408,0.813,0.263,-20.1165,5.063,634.3655
1717.408,0.813,0.263,8.6045,5.063,634.3655
1717.408,0.5885,0.14525,8.6045,-24.6315,634.3655
1717.408,0.813,0.263,-20.1165,-24.6315,634.3655
1717.408,1.0375,0.3805,8.6045,5.063,634.3655
1717.408,1.0375,0.3805,8.6045,5.063,634.3655
1717.408,1.0375,0.3805,8.6045,5.063,634.3655
1717.408,1.0375,0.498,-20.1165,5.063,634.3655
1717.408,1.0375,0.498,-20.1165,5.063,634.3655
1717.408,0.813,0.498,8.6045,5.063,634.3655
1717.408,0.813,0.498,-20.1165,5.063,634.3655
1717.408,0.813,0.3805,37.3255,5.063,634.3655
1717.408,0.5885,0.263,8.6045,5.063,634.3655
1717.408,0.813,0.263,8.6045,5.063,634.3655
1717.408,1.0375,0.263,8.6045,5.063,634.3655
1717.408,0.813,0.263,8.6045,5.063,634.3655
1717.408,0.813,0.263,8.6045,5.063,634.3655
1717.408,0.813,0.263,8.6045,5.063,634.3655
1717.408,0.813,0.263,8.6045,5.063,634.3655
1717.408,0.5885,0.14525,-20.1165,5.063,634.3655
1717.408,0.813,0.263,-20.1165,-24.6315,634.3655
1717.408,1.0375,0.498,8.6045,-24.6315,634.3655
1717.408,0.813,0.498,-20.1165,5.063,634.3655
1717.408,0.813,0.498,8.6045,5.063,634.3655
1717.408,1.0375,0.6160000000000001,-20.1165,5.063,634.3655
1717.408,1.0375,0.6160000000000001,8.6045,5.063,634.3655
1717.408,0.813,0.498,8.6045,5.063,634.3655
1717.408,0.813,0.498,8.6045,5.063,634.3655
1717.408,0.813,0.3805,8.6045,5.063,634.3655
1717.408,0.813,0.263,8.6045,5.063,634.3655
1717.408,0.5885,0.14525,8.6045,5.063,634.3655
1717.408,0.813,0.263,8.6045,5.063,634.3655
1717.408,0.813,0.263,8.6045,5.063,634.3655
1717.408,0.813,0.263,8.6045,5.063,634.3655
1717.408,0.813,0.263,8.6045,5.063,634.3655
1717.408,0.813,0.14525,-20.1165,5.063,634.3655
1717.408,0.5885,0.263,-20.1165,-24.6315,634.3655
1717.408,0.813,0.3805,-20.1165,5.063,634.3655
1717.408,1.0375,0.498,-20.1165,5.063,634.3655
1717.408,0.813,0.6160000000000001,-20.1165,5.063,634.3655
1717.408,1.0375,0.7335,8.6045,5.063,634.3655
1717.408,1.0375,0.6160000000000001,8.6045,5.063,634.3655
1717.408,0.813,0.498,8.6045,5.063,634.3655
1717.408,0.813,0.498,8.6045,5.063,634.3655
1717.408,0.813,0.3805,8.6045,5.063,634.3655
1717.408,0.813,0.263,8.6045,5.063,634.3655
1717.408,0.813,0.263,8.6045,5.063,634.3655
1717.408,0.813,0.263,8.6045,5.063,634.3655
1717.408,0.813,0.263,8.6045,5.063,634.3655
1717.408,0.813,0.263,8.6045,5.063,634.3655
1717.408,0.813,0.263,-20.1165,34.757,634.3655
1717.408,0.813,0.263,8.6045,-24.6315,634.3655
1717.408,0.5885,0.263,-20.1165,-24.6315,634.3655
1717.408,0.813,0.3805,-20.1165,-24.6315,634.3655
1717.408,0.813,0.498,-20.1165,5.063,634.3655
1717.408,0.813,0.498,8.6045,5.063,634.3655
1717.408,1.0375,0.6160000000000001,8.6045,5.063,634.3655
1717.408,1.0375,0.6160000000000001,8.6045,5.063,634.3655
1717.408,1.0375,0.6160000000000001,8.6045,5.063,634.3655
1717.408,0.813,0.498,37.3255,5.063,634.3655
1717.408,0.813,0.3805,8.6045,5.063,634.3655
1717.408,0.5885,0.263,8.6045,5.063,634.3655
1717.408,0.5885,0.263,-20.1165,5.063,634.3655
1717.408,0.813,0.263,8.6045,5.063,634.3655
1717.408,0.813,0.263,8.6045,5.063,634.3655
1717.408,0.813,0.263,-20.1165,34.757,634.3655
1717.408,0.813,0.263,8.6045,-24.6315,634.3655
1717.408,0.813,0.263,8.6045,-24.6315,634.3655
1717.408,0.5885,0.263,-20.1165,-24.6315,634.3655
1717.408,0.813,0.3805,-20.1165,-24.6315,634.3655
1717.408,0.813,0.498,-20.1165,-24.6315,634.3655
1717.408,0.813,0.6160000000000001,-20.1165,5.063,634.3655
1717.408,0.813,0.6160000000000001,-20.1165,5.063,634.3655
1717.408,1.0375,0.7335,8.6045,5.063,634.3655
1717.408,1.0375,0.7335,8.6045,5.063,634.3655
1717.408,0.813,0.6160000000000001,8.6045,5.063,634.3655
1717.408,0.813,0.6160000000000001,8.6045,5.063,634.3655
1717.408,0.5885,0.3805,37.3255,5.063,634.3655
1717.408,0.5885,0.263,8.6045,5.063,634.3655
1717.408,0.813,0.3805,8.6045,5.063,634.3655
1717.408,0.813,0.3805,8.6045,5.063,634.3655
1717.408,0.813,0.3805,8.6045,5.063,634.3655
1717.408,0.813,0.3805,8.6045,5.063,634.3655
1717.408,0.813,0.3805,8.6045,5.063,634.3655
1717.408,0.813,0.263,8.6045,5.063,634.3655
1717.408,0.5885,0.263,-20.1165,5.063,634.3655
1717.408,0.813,0.498,-20.1165,-24.6315,634.3655
1717.408,0.813,0.498,-20.1165,5.063,634.3655
1717.408,0.813,0.6160000000000001,-20.1165,5.063,634.3655
1717.408,0.813,0.6160000000000001,8.6045,5.063,634.3655
1717.408,1.0375,0.7335,8.6045,-24.6315,634.3655
1717.408,0.813,0.7335,-20.1165,5.063,634.3655
1717.408,0.813,0.7335,-20.1165,5.063,634.3655
1717.408,0.5885,0.7335,8.6045,5.063,634.3655
1717.408,0.813,0.6160000000000001,37.3255,5.063,634.3655
1717.408,0.5885,0.263,37.3255,5.063,634.3655
1717.408,0.813,0.3805,8.6045,5.063,634.3655
1717.408,0.813,0.3805,8.6045,5.063,634.3655
1717.408,0.813,0.498,8.6045,5.063,634.3655
1717.408,0.813,0.3805,8.6045,5.063,634.3655
1717.408,0.813,0.3805,8.6045,5.063,634.3655
1717.408,0.813,0.3805,8.6045,5.063,634.3655
1717.408,0.5885,0.263,8.6045,5.063,634.3655
1717.408,0.5885,0.3805,-20.1165,5.063,634.3655
1717.408,0.813,0.498,8.6045,5.063,634.3655
1717.408,0.813,0.498,-20.1165,5.063,634.3655
1717.408,0.813,0.6160000000000001,8.6045,5.063,634.3655
1717.408,0.813,0.6160000000000001,8.6045,5.063,634.3655
1717.408,0.813,0.6160000000000001,8.6045,5.063,634.3655
1717.408,0.813,0.6160000000000001,8.6045,5.063,634.3655
1717.408,0.813,0.6160000000000001,8.6045,5.063,634.3655
1717.408,0.813,0.6160000000000001,8.6045,5.063,634.3655
1717.408,0.813,0.6160000000000001,8.6045,5.063,634.3655
1717.408,0.813,0.498,8.6045,5.063,634.3655
1717.408,0.5885,0.498,-20.1165,5.063,634.3655
1717.408,0.5885,0.498,-20.1165,5.063,634.3655
1717.408,0.813,0.7335,-20.1165,-24.6315,634.3655
1717.408,0.5885,0.851,8.6045,5.063,634.3655
1717.408,0.813,0.851,8.6045,5.063,634.3655
1717.408,0.813,0.9690000000000001,8.6045,5.063,634.3655
1717.408,0.813,0.9690000000000001,8.6045,5.063,634.3655
1717.408,0.813,0.851,8.6045,5.063,634.3655
1717.408,0.813,0.7335,37.3255,5.063,634.3655
1717.408,0.5885,0.498,37.3255,5.063,634.3655
1717.408,0.5885,0.3805,8.6045,5.063,634.3655
1717.408,0.813,0.498,-20.1165,5.063,634.3655
1717.408,0.5885,0.3805,-20.1165,5.063,634.3655
1717.408,0.5885,0.498,-20.1165,5.063,634.3655
1717.408,0.5885,0.7335,-20.1165,5.063,634.3655
1717.408,0.813,0.851,-20.1165,5.063,634.3655
1717.408,0.813,0.9690000000000001,8.6045,5.063,634.3655
1717.408,0.813,0.9690000000000001,8.6045,5.063,634.3655
1717.408,0.5885,0.851,8.6045,5.063,634.3655
1717.408,0.813,0.851,37.3255,5.063,634.3655
1717.408,0.813,0.6160000000000001,37.3255,5.063,634.3655
1717.408,0.3635,0.263,8.6045,5.063,634.3655
1717.408,1.0375,0.6160000000000001,8.6045,5.063,634.3655
1717.408,0.5885,0.3805,-20.1165,-24.6315,634.3655
1717.408,0.5885,0.3805,-48.8375,5.063,634.3655
1717.408,0.5885,0.7335,-20.1165,5.063,634.3655
1717.408,0.813,0.851,-20.1165,5.063,634.3655
1717.408,0.813,0.851,8.6045,5.063,634.3655
1717.408,0.813,0.9690000000000001,8.6045,5.063,634.3655
1717.408,0.813,0.851,8.6045,5.063,634.3655
1717.408,0.813,0.7335,8.6045,5.063,634.3655
1717.408,0.813,0.7335,37.3255,5.063,634.3655
1717.408,0.5885,0.3805,37.3255,5.063,634.3655
1717.408,0.5885,0.3805,-20.1165,5.063,634.3655
1717.408,0.813,0.498,8.6045,5.063,634.3655
1717.408,0.5885,0.3805,-20.1165,5.063,634.3655
1717.408,0.5885,0.498,-20.1165,5.063,634.3655
1717.408,0.813,0.851,-20.1165,5.063,634.3655
1717.408,0.813,0.851,8.6045,5.063,634.3655
1717.408,0.813,0.9690000000000001,8.6045,5.063,634.3655
1717.408,0.813,0.9690000000000001,8.6045,5.063,634.3655
1717.408,0.813,0.851,8.6045,5.063,634.3655
1717.408,0.813,0.7335,8.6045,5.063,634.3655
1717.408,0.5885,0.6160000000000001,37.3255,5.063,634.3655
1717.408,0.3635,0.263,8.6045,5.063,634.3655
1717.408,0.813,0.498,8.6045,-24.6315,634.3655
1717.408,0.5885,0.3805,-20.1165,5.063,634.3655
1717.408,0.5885,0.3805,-20.1165,5.063,634.3655
1717.408,0.813,0.6160000000000001,-20.1165,5.063,634.3655
1717.408,0.813,0.851,-20.1165,5.063,634.3655
1717.408,0.813,0.851,8.6045,5.063,634.3655
1717.408,0.813,0.851,8.6045,5.063,634.3655
1717.408,0.813,0.851,8.6045,5.063,634.3655
1717.408,0.813,0.851,8.6045,5.063,634.3655
1717.408,0.813,0.7335,37.3255,5.063,634.3655
1717.408,0.5885,0.3805,37.3255,5.063,634.3655
1717.408,0.3635,0.263,8.6045,5.063,634.3655
1717.408,0.813,0.498,-20.1165,5.063,634.3655
1717.408,0.5885,0.263,-20.1165,5.063,634.3655
1717.408,0.5885,0.498,-48.8375,5.063,634.3655
1717.408,0.813,0.7335,-20.1165,5.063,634.3655
1717.408,0.813,0.851,-20.1165,5.063,634.3655
1717.408,0.813,0.9690000000000001,8.6045,5.063,634.3655
1717.408,0.813,0.851,8.6045,5.063,634.3655
1717.408,0.813,0.851,8.6045,5.063,634.3655
1717.408,0.813,0.851,8.6045,5.063,634.3655
1717.408,0.813,0.7335,37.3255,5.063,634.3655
1717.408,0.5885,0.3805,37.3255,5.063,634.3655
1717.408,0.5885,0.3805,8.6045,5.063,634.3655
1717.408,0.813,0.498,8.6045,-24.6315,634.3655
1717.408,0.5885,0.3805,-20.1165,5.063,634.3655
1717.408,0.5885,0.498,-20.1165,5.063,634.3655
1717.408,0.813,0.851,-20.1165,5.063,634.3655
1717.408,0.813,0.851,8.6045,5.063,634.3655
1717.408,0.813,0.851,8.6045,5.063,634.3655
1717.408,0.813,0.851,8.6045,5.063,634.3655
1717.408,0.813,0.7335,8.6045,5.063,634.3655
1717.408,0.813,0.7335,8.6045,5.063,634.3655
1717.408,0.813,0.7335,37.3255,5.063,634.3655
1717.408,0.5885,0.3805,37.3255,5.063,634.3655
1717.408,0.5885,0.3805,8.6045,5.063,634.3655
1717.408,0.813,0.498,8.6045,5.063,634.3655
1717.408,0.813,0.498,8.6045,5.063,634.3655
1717.408,0.5885,0.3805,-20.1165,5.063,634.3655
1717.408,0.5885,0.3805,-20.1165,5.063,634.3655
1717.408,0.813,0.7335,-20.1165,5.063,634.3655
1717.408,0.813,0.7335,-20.1165,5.063,634.3655
1717.408,0.813,0.851,8.6045,5.063,634.3655
1717.408,0.813,0.851,8.6045,5.063,634.3655
1717.408,0.813,0.851,8.6045,5.063,634.3655
1717.408,0.813,0.7335,8.6045,5.063,634.3655
1717.408,0.813,0.7335,37.3255,5.063,634.3655
1717.408,0.5885,0.498,37.3255,5.063,634.3655
1717.408,0.5885,0.263,8.6045,5.063,634.3655
1717.408,1.0375,0.498,8.6045,5.063,634.3655
1717.408,0.813,0.498,8.6045,5.063,634.3655
1717.408,0.813,0.3805,-20.1165,5.063,634.3655
1717.408,0.5885,0.3805,-48.8375,5.063,634.3655
1717.408,0.813,0.7335,-20.1165,5.063,634.3655
1717.408,0.813,0.7335,-20.1165,5.063,634.3655
1717.408,0.813,0.851,8.6045,5.063,634.3655
1717.408,0.813,0.851,8.6045,5.063,634.3655
1717.408,0.813,0.851,-20.1165,5.063,634.3655
1717.408,0.813,0.7335,8.6045,5.063,634.3655
1717.408,0.813,0.7335,37.3255,5.063,634.3655
1717.408,0.813,0.7335,8.6045,5.063,634.3655
1717.408,0.5885,0.3805,37.3255,5.063,634.3655
1717.408,0.813,0.3805,8.6045,5.063,634.3655
1717.408,0.813,0.498,-20.1165,5.063,634.3655
1717.408,0.813,0.498,8.6045,5.063,634.3655
1717.408,0.5885,0.3805,-20.1165,5.063,634.3655
1717.408,0.5885,0.498,-20.1165,5.063,634.3655
1717.408,0.813,0.6160000000000001,-20.1165,5.063,634.3655
1717.408,0.813,0.7335,-20.1165,5.063,634.3655
1717.408,0.813,0.851,8.6045,5.063,634.3655
1717.408,0.813,0.851,8.6045,5.063,634.3655
1717.408,0.813,0.7335,8.6045,5.063,634.3655
1717.408,0.5885,0.7335,8.6045,5.063,634.3655
1717.408,0.813,0.7335,8.6045,5.063,634.3655
1717.408,0.813,0.6160000000000001,8.6045,5.063,634.3655
1717.408,0.813,0.6160000000000001,8.6045,5.063,634.3655
1717.408,0.813,0.6160000000000001,8.6045,5.063,634.3655
1717.408,0.813,0.6160000000000001,-20.1165,5.063,634.3655
1717.408,0.813,0.6160000000000001,8.6045,5.063,634.3655
1717.408,0.5885,0.6160000000000001,8.6045,5.063,634.3655
1717.408,0.813,0.6160000000000001,8.6045,5.063,634.3655
1717.408,0.813,0.6160000000000001,8.6045,5.063,634.3655
1717.408,0.5885,0.6160000000000001,8.6045,5.063,634.3655
1717.408,0.5885,0.498,-20.1165,5.063,634.3655
1717.408,0.5885,0.498,-20.1165,5.063,634.3655
1717.408,0.5885,0.7335,8.6045,5.063,634.3655
1717.408,0.813,0.851,8.6045,5.063,634.3655
1717.408,0.813,0.851,-20.1165,5.063,634.3655
1717.408,0.813,0.9690000000000001,8.6045,5.063,634.3655
1717.408,0.813,0.9690000000000001,8.6045,5.063,634.3655
1717.408,0.813,0.851,8.6045,5.063,634.3655
1717.408,0.813,0.7335,37.3255,5.063,634.3655
1717.408,0.5885,0.3805,8.6045,5.063,634.3655
1717.408,0.813,0.498,-20.1165,5.063,634.3655
1717.408,0.5885,0.3805,-20.1165,5.063,634.3655
1717.408,0.5885,0.498,-20.1165,5.063,634.3655
1717.408,0.813,0.7335,-20.1165,5.063,634.3655
1717.408,0.813,0.851,8.6045,5.063,634.3655
1717.408,0.813,0.9690000000000001,8.6045,5.063,634.3655
1717.408,0.813,0.9690000000000001,8.6045,5.063,634.3655
1717.408,0.5885,0.851,8.6045,5.063,634.3655
1717.408,0.813,0.851,8.6045,5.063,634.3655
1717.408,0.5885,0.6160000000000001,37.3255,5.063,634.3655
1717.408,0.3635,0.263,8.6045,5.063,634.3655
1717.408,0.813,0.498,8.6045,5.063,634.3655
1717.408,0.5885,0.3805,-20.1165,-24.6315,634.3655
1717.408,0.5885,0.498,-20.1165,5.063,634.3655
1717.408,0.813,0.851,-20.1165,5.063,634.3655
1717.408,0.813,0.851,-20.1165,5.063,634.3655
1717.408,0.813,0.9690000000000001,8.6045,5.063,634.3655
1717.408,0.813,0.9690000000000001,8.6045,5.063,634.3655
1717.408,0.5885,0.851,8.6045,5.063,634.3655
1717.408,0.813,0.851,37.3255,5.063,634.3655
1717.408,0.5885,0.6160000000000001,37.3255,5.063,634.3655
1717.408,0.3635,0.263,8.6045,5.063,634.3655
1717.408,1.0375,0.6160000000000001,8.6045,5.063,634.3655
1717.408,0.5885,0.3805,-20.1165,-24.6315,634.3655
1717.408,0.5885,0.3805,-48.8375,5.063,634.3655
1717.408,0.5885,0.7335,-20.1165,5.063,634.3655
1717.408,0.813,0.851,-20.1165,5.063,634.3655
1717.408,0.813,0.9690000000000001,8.6045,5.063,634.3655
1717.408,0.813,0.9690000000000001,-20.1165,5.063,634.3655
1717.408,0.5885,0.851,8.6045,5.063,634.3655
1717.408,0.5885,0.851,37.3255,5.063,634.3655
1717.408,0.813,0.7335,37.3255,5.063,634.3655
1717.408,0.3635,0.263,8.6045,5.063,634.3655
1717.408,0.813,0.498,8.6045,5.063,634.3655
1717.408,0.5885,0.3805,-20.1165,5.063,634.3655
1717.408,0.5885,0.498,-48.8375,5.063,634.3655
1717.408,0.813,0.7335,-20.1165,5.063,634.3655
1717.408,0.5885,0.851,-20.1165,5.063,634.3655
1717.408,0.5885,0.9690000000000001,8.6045,5.063,634.3655
1717.408,0.813,,8.6045,5.063,634.3655
1717.408,0.5885,0.9690000000000001,-20.1165,5.063,634.3655
1717.408,0.5885,0.851,37.3255,5.063,634.3655
1717.408,0.5885,0.851,37.3255,5.063,634.3655
1717.408,0.3635,0.3805,37.3255,5.063,634.3655
1717.408,0.813,0.498,8.6045,5.063,634.3655
1717.408,0.5885,0.3805,-20.1165,5.063,634.3655
1717.408,0.3635,0.3805,-20.1165,5.063,634.3655
1717.408,0.813,0.7335,-20.1165,5.063,634.3655
1717.408,0.813,0.851,-20.1165,5.063,634.3655
1717.408,0.813,0.9690000000000001,8.6045,5.063,634.3655
1717.408,0.813,0.9690000000000001,8.6045,5.063,634.3655
1717.408,0.813,0.851,-20.1165,5.063,634.3655
1717.408,0.5885,0.851,8.6045,5.063,634.3655
1717.408,0.813,0.7335,37.3255,5.063,634.3655
1717.408,0.5885,0.498,37.3255,5.063,634.3655
1717.408,0.5885,0.263,8.6045,5.063,634.3655
1717.408,0.813,0.6160000000000001,8.6045,-24.6315,634.3655
1717.408,0.5885,0.3805,-20.1165,5.063,634.3655
1717.408,0.5885,0.498,-20.1165,5.063,634.3655
1717.408,0.813,0.7335,-20.1165,5.063,634.3655
1717.408,0.813,0.851,-20.1165,5.063,634.3655
1717.408,0.813,0.851,8.6045,5.063,634.3655
1717.408,0.813,0.851,8.6045,5.063,634.3655
1717.408,0.813,0.7335,8.6045,5.063,634.3655
1717.408,0.5885,0.6160000000000001,-20.1165,5.063,634.3655
1717.408,0.813,0.7335,8.6045,5.063,634.3655
1717.408,0.813,0.7335,37.3255,5.063,634.3655
1717.408,0.3635,0.263,8.6045,5.063,634.3655
1717.408,0.813,0.6160000000000001,8.6045,5.063,634.3655
1717.408,0.5885,0.3805,8.6045,5.063,634.3655
1717.408,0.5885,0.263,-48.8375,5.063,634.3655
1717.408,0.813,0.6160000000000001,-20.1165,5.063,634.3655
1717.408,0.813,0.7335,-20.1165,5.063,634.3655
1717.408,0.813,0.7335,8.6045,5.063,634.3655
1717.408,0.813,0.851,8.6045,5.063,634.3655
1717.408,0.813,0.851,8.6045,5.063,634.3655
1717.408,0.813,0.7335,8.6045,5.063,634.3655
1717.408,0.813,0.7335,37.3255,5.063,634.3655
1717.408,0.5885,0.498,37.3255,5.063,634.3655
1717.408,0.5885,0.263,8.6045,5.063,634.3655
1717.408,1.0375,0.498,8.6045,-24.6315,634.3655
1717.408,0.813,0.3805,8.6045,5.063,634.3655
1717.408,0.813,0.3805,8.6045,5.063,634.3655
1717.408,0.5885,0.3805,-48.8375,5.063,634.3655
1717.408,0.813,0.6160000000000001,-20.1165,5.063,634.3655
1717.408,0.813,0.7335,-20.1165,5.063,634.3655
1717.408,0.813,0.851,8.6045,5.063,634.3655
1717.408,0.813,0.851,8.6045,-24.6315,634.3655
1717.408,0.813,0.851,8.6045,5.063,634.3655
1717.408,0.813,0.7335,8.6045,5.063,634.3655
1717.408,0.813,0.7335,8.6045,5.063,634.3655
1717.408,0.813,0.6160000000000001,8.6045,5.063,634.3655
1717.408,0.5885,0.3805,37.3255,5.063,634.3655
1717.408,0.813,0.3805,37.3255,5.063,634.3655
1717.408,0.813,0.3805,8.6045,5.063,634.3655
1717.408,0.813,0.3805,8.6045,5.063,634.3655
1717.408,0.5885,0.263,-20.1165,5.063,634.3655
1717.408,0.5885,0.3805,-20.1165,5.063,634.3655
1717.408,0.813,0.6160000000000001,-20.1165,-24.6315,634.3655
1717.408,0.813,0.7335,-20.1165,5.063,634.3655
1717.408,0.813,0.851,8.6045,5.063,634.3655
1717.408,0.813,0.851,-20.1165,5.063,634.3655
1717.408,0.813,0.851,8.6045,5.063,634.3655
1717.408,0.5885,0.7335,8.6045,5.063,634.3655
1717.408,0.813,0.7335,37.3255,5.063,634.3655
1717.408,0.813,0.6160000000000001,37.3255,5.063,634.3655
1717.408,0.5885,0.263,8.6045,5.063,634.3655
1717.408,0.813,0.3805,8.6045,5.063,634.3655
1717.408,0.813,0.498,8.6045,5.063,634.3655
1717.408,0.813,0.498,-20.1165,5.063,634.3655
1717.408,0.813,0.498,-20.1165,5.063,634.3655
1717.408,0.813,0.498,-20.1165,5.063,634.3655
1717.408,-0.984,-0.20750000000000002,8.6045,5.063,634.3655
1717.408,-0.984,-0.20750000000000002,8.6045,-24.6315,634.3655
1717.408,-0.984,-0.0901,8.6045,5.063,634.3655
1717.408,-0.984,-0.0901,8.6045,5.063,634.3655
1717.408,-0.984,-0.0901,8.6045,5.063,634.3655
1717.408,-0.984,-0.0901,8.6045,5.063,634.3655
1717.408,-0.984,-0.0901,8.6045,5.063,634.3655
1717.408,-0.984,-0.0901,8.6045,5.063,634.3655
1717.408,-0.984,-0.0901,8.6045,-24.6315,634.3655
1717.408,-0.984,-0.0901,8.6045,-24.6315,634.3655
1717.408,-0.984,-0.0901,8.6045,5.063,634.3655
1717.408,-1.2085,-0.0901,8.6045,5.063,634.3655
1717.408,-1.2085,-0.0901,8.6045,5.063,634.3655
1717.408,-1.2085,-0.0901,8.6045,5.063,634.3655
1717.408,-0.984,0.027649999999999997,37.3255,5.063,634.3655
1717.408,-0.7595000000000001,0.027649999999999997,37.3255,5.063,634.3655
1717.408,-0.5345,0.263,37.3255,5.063,634.3655
1717.408,-0.984,0.263,-20.1165,5.063,634.3655
1717.408,-0.7595000000000001,0.14525,-48.8375,5.063,634.3655
1717.408,-0.984,0.14525,-20.1165,-24.6315,634.3655
1717.408,-0.984,0.027649999999999997,-20.1165,5.063,634.3655
1717.408,-1.2085,0.027649999999999997,-20.1165,5.063,634.3655
1717.408,-1.2085,-0.0901,8.6045,5.063,634.3655
1717.408,-1.2085,-0.0901,8.6045,5.063,634.3655
1717.408,-0.984,-0.0901,8.6045,5.063,634.3655
1717.408,-1.2085,-0.0901,8.6045,5.063,634.3655
1717.408,-1.2085,0.027649999999999997,8.6045,5.063,634.3655
1717.408,-1.2085,0.027649999999999997,8.6045,5.063,634.3655
1717.408,-0.984,0.027649999999999997,66.0465,5.063,634.3655
1717.408,-0.5345,0.14525,66.0465,5.063,634.3655
1717.408,-0.984,0.3805,8.6045,5.063,634.3655
1717.408,-0.984,0.498,8.6045,5.063,634.3655
1717.408,-0.984,0.3805,-20.1165,5.063,634.3655
1717.408,-0.7595000000000001,0.14525,-48.8375,-24.6315,634.3655
1717.408,-0.984,0.027649999999999997,-20.1165,5.063,634.3655
1717.408,-0.984,0.027649999999999997,-20.1165,5.063,634.3655
1717.408,-1.2085,-0.0901,8.6045,5.063,634.3655
1717.408,-1.2085,-0.0901,8.6045,5.063,634.3655
1717.408,-0.984,0.027649999999999997,-20.1165,5.063,634.3655
1717.408,-0.984,-0.0901,8.6045,5.063,634.3655
1717.408,-1.2085,0.027649999999999997,8.6045,5.063,634.3655
1717.408,-1.2085,0.027649999999999997,8.6045,5.063,634.3655
1717.408,-1.2085,0.027649999999999997,8.6045,5.063,634.3655
1717.408,-0.984,0.027649999999999997,37.3255,5.063,634.3655
1717.408,-0.5345,0.027649999999999997,66.0465,5.063,634.3655
1717.408,-0.7595000000000001,0.3805,8.6045,5.063,634.3655
1717.408,-0.984,0.3805,8.6045,5.063,634.3655
1717.408,-0.984,0.263,-48.8375,5.063,634.3655
1717.408,-0.7595000000000001,0.14525,-48.8375,5.063,634.3655
1717.408,-0.984,0.027649999999999997,-20.1165,5.063,634.3655
1717.408,-0.984,0.027649999999999997,-20.1165,5.063,634.3655
1717.408,-1.2085,-0.0901,8.6045,-24.6315,634.3655
1717.408,-1.2085,-0.0901,-20.1165,5.063,634.3655
1717.408,-0.984,-0.0901,8.6045,5.063,634.3655
1717.408,-0.984,-0.0901,8.6045,-24.6315,634.3655
1717.408,-1.2085,-0.0901,8.6045,5.063,634.3655
1717.408,-1.2085,0.027649999999999997,8.6045,5.063,634.3655
1717.408,-1.2085,-0.0901,8.6045,5.063,634.3655
1717.408,-0.984,0.027649999999999997,37.3255,5.063,634.3655
1717.408,-0.7595000000000001,0.027649999999999997,66.0465,5.063,634.3655
1717.408,-0.7595000000000001,0.3805,8.6045,5.063,634.3655
1717.408,-0.984,0.3805,8.6045,5.063,634.3655
1717.408,-0.984,0.3805,-20.1165,5.063,634.3655
1717.408,-0.7595000000000001,0.14525,-48.8375,5.063,634.3655
1717.408,-0.7595000000000001,0.027649999999999997,-20.1165,5.063,634.3655
1717.408,-0.984,-0.0901,-20.1165,5.063,634.3655
1717.408,-1.2085,-0.0901,-20.1165,-24.6315,634.3655
1717.408,-1.2085,-0.0901,-20.1165,5.063,634.3655
1717.408,-0.984,-0.0901,8.6045,5.063,634.3655
1717.408,-0.984,-0.0901,8.6045,5.063,634.3655
1717.408,-0.984,-0.0901,8.6045,5.063,634.3655
1717.408,-1.2085,-0.0901,8.6045,5.063,634.3655
1717.408,-1.2085,-0.0901,8.6045,5.063,634.3655
1717.408,-1.2085,0.027649999999999997,8.6045,5.063,634.3655
1717.408,-0.7595000000000001,0.027649999999999997,66.0465,5.063,634.3655
1717.408,-0.5345,0.263,37.3255,5.063,634.3655
1717.408,-0.984,0.3805,8.6045,5.063,634.3655
1717.408,-0.984,0.3805,-20.1165,5.063,634.3655
1717.408,-0.7595000000000001,0.14525,-48.8375,5.063,634.3655
1717.408,-0.7595000000000001,0.14525,-48.8375,5.063,634.3655
1717.408,-0.984,0.027649999999999997,-20.1165,-24.6315,634.3655
1717.408,-1.2085,-0.0901,-20.1165,5.063,634.3655
1717.408,-1.2085,-0.0901,-20.1165,5.063,634.3655
1717.408,-1.2085,-0.0901,8.6045,5.063,634.3655
1717.408,-0.984,-0.0901,8.6045,,634.3655
1717.408,-0.984,-0.0901,8.6045,5.063,634.3655
1717.408,-0.984,-0.0901,8.6045,-24.6315,634.3655
1717.408,-1.2085,-0.0901,8.6045,5.063,634.3655
1717.408,-1.2085,-0.0901,8.6045,-24.6315,634.3655
1717.408,-1.2085,-0.0901,8.6045,5.063,634.3655
1717.408,-0.984,0.027649999999999997,37.3255,5.063,634.3655
1717.408,-0.5345,0.027649999999999997,66.0465,5.063,634.3655
1717.408,-0.7595000000000001,0.3805,8.6045,5.063,634.3655
1717.408,-0.984,0.3805,-20.1165,5.063,634.3655
1717.408,-0.7595000000000001,0.14525,-48.8375,5.063,634.3655
1717.408,-0.7595000000000001,0.027649999999999997,-48.8375,5.063,634.3655
1717.408,-0.984,0.027649999999999997,-20.1165,5.063,634.3655
1717.408,-1.2085,-0.0901,-20.1165,5.063,634.3655
1717.408,-1.2085,-0.20750000000000002,8.6045,5.063,634.3655
1717.408,-0.984,-0.0901,8.6045,5.063,634.3655
1717.408,-0.984,-0.0901,8.6045,5.063,634.3655
1717.408,-0.984,-0.0901,8.6045,-24.6315,634.3655
1717.408,-0.984,-0.0901,8.6045,-24.6315,634.3655
1717.408,-1.2085,-0.0901,8.6045,5.063,634.3655
1717.408,-1.2085,-0.0901,8.6045,5.063,634.3655
1717.408,-1.2085,0.027649999999999997,37.3255,5.063,634.3655
1717.408,-0.7595000000000001,0.027649999999999997,66.0465,5.063,634.3655
1717.408,-0.5345,0.263,37.3255,5.063,634.3655
1717.408,-0.984,0.3805,8.6045,5.063,634.3655
1717.408,-0.7595000000000001,0.263,-20.1165,5.063,634.3655
1717.408,-0.7595000000000001,0.14525,-48.8375,5.063,634.3655
1717.408,-0.984,0.027649999999999997,-20.1165,5.063,634.3655
1717.408,-0.984,-0.0901,-20.1165,5.063,634.3655
1717.408,-1.2085,-0.0901,8.6045,5.063,634.3655
1717.408,-1.4335,-0.0901,8.6045,5.063,634.3655
1717.408,-0.984,-0.0901,8.6045,5.063,634.3655
1717.408,-0.984,-0.0901,8.6045,34.757,634.3655
1717.408,-0.984,-0.0901,8.6045,-24.6315,634.3655
1717.408,-0.984,-0.0901,8.6045,5.063,634.3655
1717.408,-1.2085,0.027649999999999997,8.6045,-24.6315,634.3655
1717.408,-1.2085,0.027649999999999997,8.6045,5.063,634.3655
1717.408,-1.2085,0.027649999999999997,8.6045,5.063,634.3655
1717.408,-0.7595000000000001,0.027649999999999997,66.0465,5.063,634.3655
1717.408,-0.5345,0.263,37.3255,5.063,634.3655
1717.408,-0.984,0.3805,-20.1165,5.063,634.3655
1717.408,-0.984,0.3805,-20.1165,5.063,634.3655
1717.408,-0.7595000000000001,0.14525,-48.8375,5.063,634.3655
1717.408,-0.7595000000000001,0.14525,-48.8375,-24.6315,634.3655
1717.408,-1.2085,-0.0901,8.6045,5.063,634.3655
1717.408,-1.4335,-0.0901,8.6045,5.063,634.3655
1717.408,-1.2085,-0.0901,8.6045,5.063,634.3655
1717.408,-0.984,0.027649999999999997,66.0465,-24.6315,634.3655
1717.408,-0.5345,0.14525,66.0465,5.063,634.3655
1717.408,-0.984,0.3805,8.6045,5.063,634.3655
1717.408,-0.984,0.3805,-20.1165,5.063,634.3655
1717.408,-0.7595000000000001,0.14525,-48.8375,5.063,634.3655
1717.408,-0.7595000000000001,0.027649999999999997,-20.1165,-24.6315,634.3655
1717.408,-0.984,0.027649999999999997,8.6045,5.063,634.3655
1717.408,-1.2085,0.027649999999999997,-20.1165,5.063,634.3655
1717.408,-1.4335,-0.0901,-20.1165,5.063,634.3655
1717.408,-0.984,-0.0901,-20.1165,34.757,634.3655
1717.408,-0.984,-0.20750000000000002,8.6045,5.063,634.3655
1717.408,-0.984,-0.20750000000000002,8.6045,5.063,634.3655
1717.408,-0.984,-0.20750000000000002,8.6045,5.063,634.3655
1717.408,1.0375,-0.0901,8.6045,5.063,634.3655
1717.408,1.0375,-0.0901,8.6045,5.063,634.3655
1717.408,0.813,-0.0901,8.6045,5.063,634.3655
1717.408,0.813,-0.20750000000000002,8.6045,5.063,634.3655
1717.408,0.813,-0.20750000000000002,8.6045,-24.6315,634.3655
1717.408,1.0375,-0.20750000000000002,8.6045,-24.6315,634.3655
1717.408,1.0375,-0.0901,-20.1165,-24.6315,634.3655
1717.408,1.262,-0.0901,8.6045,5.063,634.3655
1717.408,1.0375,-0.0901,8.6045,5.063,634.3655
1717.408,1.0375,-0.0901,8.6045,5.063,634.3655
1717.408,1.0375,-0.20750000000000002,8.6045,5.063,634.3655
1717.408,1.0375,-0.0901,-20.1165,5.063,634.3655
1717.408,0.813,-0.0901,-20.1165,5.063,634.3655
1717.408,0.813,-0.0901,8.6045,5.063,634.3655
1717.408,1.0375,-0.0901,8.6045,5.063,634.3655
1717.408,0.813,-0.20750000000000002,8.6045,5.063,634.3655
1717.408,0.813,-0.20750000000000002,8.6045,5.063,634.3655
1717.408,0.813,-0.20750000000000002,8.6045,5.063,634.3655
1717.408,0.813,-0.20750000000000002,-20.1165,-24.6315,634.3655
1717.408,1.262,-0.20750000000000002,8.6045,5.063,634.3655
1717.408,1.0375,-0.20750000000000002,8.6045,5.063,634.3655
1717.408,0.813,-0.20750000000000002,8.6045,5.063,634.3655
1717.408,0.813,-0.20750000000000002,8.6045,5.063,634.3655
1717.408,1.0375,-0.20750000000000002,-20.1165,5.063,634.3655
1717.408,1.0375,-0.20750000000000002,-20.1165,5.063,634.3655
1717.408,0.813,-0.0901,-20.1165,5.063,634.3655
1717.408,1.0375,-0.0901,8.6045,5.063,634.3655
1717.408,1.0375,-0.0901,8.6045,5.063,634.3655
1717.408,1.0375,-0.0901,8.6045,5.063,634.3655
1717.408,0.813,-0.20750000000000002,8.6045,5.063,634.3655
1717.408,0.813,-0.20750000000000002,8.6045,5.063,634.3655
1717.408,0.813,-0.20750000000000002,8.6045,5.063,634.3655
1717.408,1.0375,-0.20750000000000002,8.6045,-24.6315,634.3655
1717.408,1.4865,-0.0901,-20.1165,5.063,634.3655
1717.408,1.0375,-0.0901,8.6045,5.063,634.3655
1717.408,0.813,-0.20750000000000002,8.6045,5.063,634.3655
1717.408,0.813,-0.20750000000000002,8.6045,5.063,634.3655
1717.408,1.0375,-0.20750000000000002,8.6045,5.063,634.3655
1717.408,1.0375,-0.20750000000000002,-20.1165,5.063,634.3655
1717.408,1.0375,-0.0901,-20.1165,34.757,634.3655
1717.408,0.813,-0.0901,8.6045,5.063,634.3655
1717.408,1.0375,-0.0901,8.6045,-24.6315,634.3655
1717.408,1.0375,-0.0901,8.6045,5.063,634.3655
1717.408,1.0375,-0.0901,8.6045,5.063,634.3655
1717.408,1.0375,-0.0901,8.6045,5.063,634.3655
1717.408,0.813,-0.0901,8.6045,5.063,634.3655
1717.408,0.813,-0.20750000000000002,8.6045,5.063,634.3655
1717.408,0.813,-0.20750000000000002,8.6045,5.063,634.3655
1717.408,0.813,-0.20750000000000002,8.6045,-24.6315,634.3655
1717.408,1.0375,-0.20750000000000002,-20.1165,-24.6315,634.3655
1717.408,1.262,-0.0901,8.6045,5.063,634.3655
1717.408,0.813,-0.20750000000000002,-20.1165,5.063,634.3655
1717.408,0.813,-0.20750000000000002,8.6045,5.063,634.3655
1717.408,1.0375,-0.20750000000000002,8.6045,5.063,634.3655
1717.408,1.0375,-0.0901,8.6045,5.063,634.3655
1717.408,1.0375,-0.0901,8.6045,5.063,634.3655
1717.408,1.0375,-0.0901,-20.1165,5.063,634.3655
1717.408,0.813,-0.0901,8.6045,5.063,634.3655
1717.408,1.0375,-0.0901,8.6045,-24.6315,634.3655
1717.408,1.0375,-0.0901,8.6045,5.063,634.3655
1717.408,1.0375,-0.0901,8.6045,5.063,634.3655
1717.408,1.0375,-0.0901,8.6045,5.063,634.3655
1717.408,0.813,-0.0901,8.6045,5.063,634.3655
1717.408,0.813,-0.20750000000000002,8.6045,5.063,634.3655
1717.408,0.813,-0.20750000000000002,8.6045,-24.6315,634.3655
1717.408,0.813,-0.20750000000000002,-20.1165,-24.6315,634.3655
1717.408,1.0375,-0.20750000000000002,8.6045,-24.6315,634.3655
1717.408,1.4865,-0.0901,-20.1165,5.063,634.3655
1717.408,0.813,-0.20750000000000002,8.6045,5.063,634.3655
1717.408,0.813,-0.20750000000000002,8.6045,5.063,634.3655
1717.408,0.813,-0.20750000000000002,8.6045,5.063,634.3655
1717.408,1.0375,-0.20750000000000002,8.6045,5.063,634.3655
1717.408,1.0375,-0.20750000000000002,-20.1165,5.063,634.3655
1717.408,1.0375,-0.0901,-20.1165,5.063,634.3655
1717.408,0.813,-0.0901,-20.1165,5.063,634.3655
1717.408,0.813,-0.0901,8.6045,5.063,634.3655
1717.408,1.0375,-0.0901,8.6045,5.063,634.3655
1717.408,1.0375,-0.0901,8.6045,5.063,634.3655
1717.408,1.0375,-0.0901,8.6045,5.063,634.3655
1717.408,1.0375,-0.0901,8.6045,5.063,634.3655
1717.408,1.0375,-0.0901,8.6045,5.063,634.3655
1717.408,1.0375,-0.0901,8.6045,5.063,634.3655
1717.408,1.0375,-0.0901,8.6045,5.063,634.3655
1717.408,1.0375,-0.0901,8.6045,5.063,634.3655
1717.408,1.0375,-0.0901,8.6045,5.063,634.3655
1717.408,0.813,-0.20750000000000002,8.6045,5.063,634.3655
1717.408,0.813,-0.20750000000000002,8.6045,-24.6315,634.3655
1717.408,0.813,-0.20750000000000002,8.6045,-24.6315,634.3655
1717.408,1.0375,-0.20750000000000002,-20.1165,-24.6315,634.3655
1717.408,1.262,-0.0901,8.6045,5.063,634.3655
1717.408,1.0375,-0.0901,8.6045,5.063,634.3655
1717.408,1.0375,-0.20750000000000002,8.6045,5.063,634.3655
1717.408,1.0375,-0.20750000000000002,8.6045,5.063,634.3655
1717.408,1.0375,-0.20750000000000002,-20.1165,5.063,634.3655
1717.408,1.0375,-0.0901,-20.1165,5.063,634.3655
1717.408,0.813,-0.0901,8.6045,-24.6315,634.3655
1717.408,1.0375,-0.0901,8.6045,5.063,634.3655
1717.408,1.0375,-0.0901,8.6045,5.063,634.3655
1717.408,0.813,-0.20750000000000002,8.6045,5.063,634.3655
1717.408,0.813,-0.20750000000000002,8.6045,5.063,634.3655
1717.408,0.813,-0.20750000000000002,8.6045,-24.6315,634.3655
1717.408,1.0375,-0.20750000000000002,-20.1165,-24.6315,634.3655
1717.408,1.4865,-0.0901,8.6045,5.063,634.3655
1717.408,0.813,-0.0901,8.6045,5.063,634.3655
1717.408,0.813,-0.20750000000000002,8.6045,5.063,634.3655
1717.408,1.0375,-0.20750000000000002,8.6045,5.063,634.3655
1717.408,1.0375,-0.20750000000000002,-20.1165,5.063,634.3655
1717.408,0.813,-0.0901,-20.1165,5.063,634.3655
1717.408,0.813,-0.0901,8.6045,5.063,634.3655
1717.408,1.0375,-0.20750000000000002,8.6045,5.063,634.3655
1717.408,0.813,-0.20750000000000002,8.6045,5.063,634.3655
1717.408,0.813,-0.20750000000000002,8.6045,5.063,634.3655
1717.408,0.813,-0.20750000000000002,8.6045,-24.6315,634.3655
1717.408,1.0375,-0.20750000000000002,-20.1165,-24.6315,634.3655
1717.408,1.4865,-0.20750000000000002,-20.1165,5.063,634.3655
1717.408,0.813,-0.20750000000000002,8.6045,5.063,634.3655
1717.408,0.813,-0.20750000000000002,8.6045,5.063,634.3655
1717.408,1.0375,-0.20750000000000002,8.6045,5.063,634.3655
1717.408,1.0375,-0.20750000000000002,-20.1165,5.063,634.3655
1717.408,1.0375,-0.20750000000000002,-20.1165,5.063,634.3655
1717.408,0.813,-0.0901,8.6045,5.063,634.3655
1717.408,1.0375,-0.0901,8.6045,5.063,634.3655
1717.408,0.813,-0.0901,8.6045,5.063,634.3655
1717.408,0.813,-0.20750000000000002,8.6045,5.063,634.3655
1717.408,0.813,-0.20750000000000002,8.6045,-24.6315,634.3655
1717.408,1.0375,-0.20750000000000002,-20.1165,-24.6315,634.3655
1717.408,1.4865,-0.20750000000000002,-20.1165,5.063,634.3655
1717.408,1.0375,-0.20750000000000002,8.6045,5.063,634.3655
1717.408,0.813,-0.20750000000000002,8.6045,5.063,634.3655
1717.408,0.813,-0.20750000000000002,8.6045,5.063,634.3655
1717.408,1.0375,-0.20750000000000002,8.6045,5.063,634.3655
1717.408,1.0375,-0.20750000000000002,8.6045,5.063,634.3655
1717.408,1.0375,-0.20750000000000002,-20.1165,5.063,634.3655
1717.408,1.0375,-0.0901,-20.1165,5.063,634.3655
1717.408,0.813,0.027649999999999997,8.6045,5.063,634.3655
1717.408,0.813,-0.0901,8.6045,-24.6315,634.3655
1717.408,1.0375,-0.0901,8.6045,5.063,634.3655
1717.408,1.0375,-0.0901,8.6045,5.063,634.3655
1717.408,1.0375,-0.0901,8.6045,5.063,634.3655
1717.408,0.813,-0.0901,8.6045,5.063,634.3655
1717.408,0.813,-0.20750000000000002,37.3255,5.063,634.3655
1717.408,0.813,-0.20750000000000002,8.6045,-24.6315,634.3655
1717.408,0.813,-0.20750000000000002,-20.1165,-24.6315,634.3655
1717.408,1.262,-0.20750000000000002,-20.1165,5.063,634.3655
1717.408,1.262,-0.0901,-20.1165,34.757,634.3655
1717.408,0.813,-0.20750000000000002,8.6045,5.063,634.3655
1717.408,0.813,-0.20750000000000002,8.6045,5.063,634.3655
1717.408,0.813,-0.20750000000000002,8.6045,5.063,634.3655
1717.408,1.0375,-0.20750000000000002,8.6045,5.063,634.3655
1717.408,1.0375,-0.20750000000000002,8.6045,5.063,634.3655
1717.408,1.0375,-0.20750000000000002,-20.1165,5.063,634.3655
1717.408,1.0375,-0.0901,-20.1165,5.063,634.3655
1717.408,0.813,-0.0901,8.6045,5.063,634.3655
1717.408,1.0375,-0.0901,8.6045,5.063,634.3655
1717.408,1.0375,-0.0901,8.6045,5.063,634.3655
1717.408,-0.984,-0.20750000000000002,8.6045,5.063,634.3655
1717.408,-0.984,-0.20750000000000002,8.6045,-24.6315,634.3655
1717.408,-0.984,-0.0901,8.6045,5.063,634.3655
1717.408,-0.984,-0.0901,8.6045,5.063,634.3655
1717.408,-0.984,-0.0901,8.6045,5.063,634.3655
1717.408,-0.984,-0.0901,8.6045,5.063,634.3655
1717.408,-0.984,-0.0901,8.6045,5.063,634.3655
1717.408,-0.984,-0.0901,8.6045,5.063,634.3655
1717.408,-0.984,-0.0901,8.6045,-24.6315,634.3655
1717.408,-0.984,-0.0901,8.6045,-24.6315,634.3655
1717.408,-0.984,-0.0901,8.6045,5.063,634.3655
1717.408,-1.2085,-0.0901,8.6045,5.063,634.3655
1717.408,-1.2085,-0.0901,8.6045,5.063,634.3655
1717.408,-1.2085,-0.0901,8.6045,5.063,634.3655
1717.408,-0.984,0.027649999999999997,37.3255,5.063,634.3655
1717.408,-0.7595000000000001,0.027649999999999997,37.3255,5.063,634.3655
1717.408,-0.5345,0.263,37.3255,5.063,634.3655
1717.408,-0.984,0.263,-20.1165,5.063,634.3655
1717.408,-0.7595000000000001,0.14525,-48.8375,5.063,634.3655
1717.408,-0.984,0.14525,-20.1165,-24.6315,634.3655
1717.408,-0.984,0.027649999999999997,-20.1165,5.063,634.3655
1717.408,-1.2085,0.027649999999999997,-20.1165,5.063,634.3655
1717.408,-1.2085,-0.0901,8.6045,5.063,634.3655
1717.408,-1.2085,-0.0901,8.6045,5.063,634.3655
1717.408,-0.984,-0.0901,8.6045,5.063,634.3655
1717.408,-1.2085,-0.0901,8.6045,5.063,634.3655
1717.408,-1.2085,0.027649999999999997,8.6045,5.063,634.3655
1717.408,-1.2085,0.027649999999999997,8.6045,5.063,634.3655
1717.408,-0.984,0.027649999999999997,66.0465,5.063,634.3655
1717.408,-0.5345,0.14525,66.0465,5.063,634.3655
1717.408,-0.984,0.3805,8.6045,5.063,634.3655
1717.408,-0.984,0.498,8.6045,5.063,634.3655
1717.408,-0.984,0.3805,-20.1165,5.063,634.3655
1717.408,-0.7595000000000001,0.14525,-48.8375,-24.6315,634.3655
1717.408,-0.984,0.027649999999999997,-20.1165,5.063,634.3655
1717.408,-0.984,0.027649999999999997,-20.1165,5.063,634.3655
1717.408,-1.2085,-0.0901,8.6045,5.063,634.3655
1717.408,-1.2085,-0.0901,8.6045,5.063,634.3655
1717.408,-0.984,0.027649999999999997,-20.1165,5.063,634.3655
1717.408,-0.984,-0.0901,8.6045,5.063,634.3655
1717.408,-1.2085,0.027649999999999997,8.6045,5.063,634.3655
1717.408,-1.2085,0.027649999999999997,8.6045,5.063,634.3655
1717.408,-1.2085,0.027649999999999997,8.6045,5.063,634.3655
1717.408,-0.984,0.027649999999999997,37.3255,5.063,634.3655
1717.408,-0.5345,0.027649999999999997,66.0465,5.063,634.3655
1717.408,-0.7595000000000001,0.3805,8.6045,5.063,634.3655
1717.408,-0.984,0.3805,8.6045,5.063,634.3655
1717.408,-0.984,0.263,-48.8375,5.063,634.3655
1717.408,-0.7595000000000001,0.14525,-48.8375,5.063,634.3655
1717.408,-0.984,0.027649999999999997,-20.1165,5.063,634.3655
1717.408,-0.984,0.027649999999999997,-20.1165,5.063,634.3655
1717.408,-1.2085,-0.0901,8.6045,-24.6315,634.3655
1717.408,-1.2085,-0.0901,-20.1165,5.063,634.3655
1717.408,-0.984,-0.0901,8.6045,5.063,634.3655
1717.408,-0.984,-0.0901,8.6045,-24.6315,634.3655
1717.408,-1.2085,-0.0901,8.6045,5.063,634.3655
1717.408,-1.2085,0.027649999999999997,8.6045,5.063,634.3655
1717.408,-1.2085,-0.0901,8.6045,5.063,634.3655
1717.408,-0.984,0.027649999999999997,37.3255,5.063,634.3655
1717.408,-0.7595000000000001,0.027649999999999997,66.0465,5.063,634.3655
1717.408,-0.7595000000000001,0.3805,8.6045,5.063,634.3655
1717.408,-0.984,0.3805,8.6045,5.063,634.3655
1717.408,-0.984,0.3805,-20.1165,5.063,634.3655
1717.408,-0.7595000000000001,0.14525,-48.8375,5.063,634.3655
1717.408,-0.7595000000000001,0.027649999999999997,-20.1165,5.063,634.3655
1717.408,-0.984,-0.0901,-20.1165,5.063,634.3655
1717.408,-1.2085,-0.0901,-20.1165,-24.6315,634.3655
1717.408,-1.2085,-0.0901,-20.1165,5.063,634.3655
1717.408,-0.984,-0.0901,8.6045,5.063,634.3655
1717.408,-0.984,-0.0901,8.6045,5.063,634.3655
1717.408,-0.984,-0.0901,8.6045,5.063,634.3655
1717.408,-1.2085,-0.0901,8.6045,5.063,634.3655
1717.408,-1.2085,-0.0901,8.6045,5.063,634.3655
1717.408,-1.2085,0.027649999999999997,8.6045,5.063,634.3655
1717.408,-0.7595000000000001,0.027649999999999997,66.0465,5.063,634.3655
1717.408,-0.5345,0.263,37.3255,5.063,634.3655
1717.408,-0.984,0.3805,8.6045,5.063,634.3655
1717.408,-0.984,0.3805,-20.1165,5.063,634.3655
1717.408,-0.7595000000000001,0.14525,-48.8375,5.063,634.3655
1717.408,-0.7595000000000001,0.14525,-48.8375,5.063,634.3655
1717.408,-0.984,0.027649999999999997,-20.1165,-24.6315,634.3655
1717.408,-1.2085,-0.0901,-20.1165,5.063,634.3655
1717.408,-1.2085,-0.0901,-20.1165,5.063,634.3655
1717.408,-1.2085,-0.0901,8.6045,5.063,634.3655
1717.408,-0.984,-0.0901,8.6045,5.063,634.3655
1717.408,-0.984,-0.0901,8.6045,5.063,634.3655
1717.408,-0.984,-0.0901,8.6045,-24.6315,634.3655
1717.408,-1.2085,-0.0901,8.6045,5.063,634.3655
1717.408,-1.2085,-0.0901,8.6045,-24.6315,634.3655
1717.408,-1.2085,-0.0901,8.6045,5.063,634.3655
1717.408,-0.984,0.027649999999999997,37.3255,5.063,634.3655
1717.408,-0.5345,0.027649999999999997,66.0465,5.063,634.3655
1717.408,-0.7595000000000001,0.3805,8.6045,5.063,634.3655
1717.408,-0.984,0.3805,-20.1165,5.063,634.3655
1717.408,-0.7595000000000001,0.14525,-48.8375,5.063,634.3655
1717.408,-0.7595000000000001,0.027649999999999997,-48.8375,5.063,634.3655
1717.408,-0.984,0.027649999999999997,-20.1165,5.063,634.3655
1717.408,-1.2085,-0.0901,-20.1165,5.063,634.3655
1717.408,-1.2085,-0.20750000000000002,8.6045,5.063,634.3655
1717.408,-0.984,-0.0901,8.6045,5.063,634.3655
1717.408,-0.984,-0.0901,8.6045,5.063,634.3655
1717.408,-0.984,-0.0901,8.6045,-24.6315,634.3655
1717.408,-0.984,-0.0901,8.6045,-24.6315,634.3655
1717.408,-1.2085,-0.0901,8.6045,5.063,634.3655
1717.408,-1.2085,-0.0901,8.6045,5.063,634.3655
1717.408,-1.2085,0.027649999999999997,37.3255,5.063,634.3655
1717.408,-0.7595000000000001,0.027649999999999997,66.0465,5.063,634.3655
1717.408,-0.5345,0.263,37.3255,5.063,634.3655
1717.408,-0.984,0.3805,8.6045,5.063,634.3655
1717.408,-0.7595000000000001,0.263,-20.1165,5.063,634.3655
1717.408,-0.7595000000000001,0.14525,-48.8375,5.063,634.3655
1717.408,-0.984,0.027649999999999997,-20.1165,5.063,634.3655
1717.408,-0.984,-0.0901,-20.1165,5.063,634.3655
1717.408,-1.2085,-0.0901,8.6045,5.063,634.3655
1717.408,-1.4335,-0.0901,8.6045,5.063,634.3655
1717.408,-0.984,-0.0901,8.6045,5.063,634.3655
1717.408,-0.984,-0.0901,8.6045,34.757,634.3655
1717.408,-0.984,-0.0901,8.6045,-24.6315,634.3655
1717.408,-0.984,-0.0901,8.6045,5.063,634.3655
1717.408,-1.2085,0.027649999999999997,8.6045,-24.6315,634.3655
1717.408,-1.2085,0.027649999999999997,8.6045,5.063,634.3655
1717.408,-1.2085,0.027649999999999997,8.6045,5.063,634.3655
1717.408,-0.7595000000000001,0.027649999999999997,66.0465,5.063,634.3655
1717.408,-0.5345,0.263,37.3255,5.063,634.3655
1717.408,-0.984,0.3805,-20.1165,5.063,634.3655
1717.408,-0.984,0.3805,-20.1165,5.063,634.3655
1717.408,-0.7595000000000001,0.14525,-48.8375,5.063,634.3655
1717.408,-0.7595000000000001,0.14525,-48.8375,-24.6315,634.3655
1717.408,-1.2085,-0.0901,8.6045,5.063,634.3655
1717.408,-1.4335,-0.0901,8.6045,5.063,634.3655
1717.408,-1.2085,-0.0901,8.6045,5.063,634.3655
1717.408,-0.984,0.027649999999999997,66.0465,-24.6315,634.3655
1717.408,-0.5345,0.14525,66.0465,5.063,634.3655
1717.408,-0.984,0.3805,8.6045,5.063,634.3655
1717.408,-0.984,0.3805,-20.1165,5.063,634.3655
1717.408,-0.7595000000000001,0.14525,-48.8375,5.063,634.3655
1717.408,-0.7595000000000001,0.027649999999999997,-20.1165,-24.6315,634.3655
1717.408,-0.984,0.027649999999999997,8.6045,5.063,634.3655
1717.408,-1.2085,0.027649999999999997,-20.1165,5.063,634.3655
1717.408,-1.4335,-0.0901,-20.1165,5.063,634.3655
1717.408,-0.984,-0.0901,-20.1165,34.757,634.3655
1717.408,-0.984,-0.20750000000000002,8.6045,5.063,634.3655
1717.408,-0.984,-0.20750000000000002,8.6045,5.063,634.3655
1717.408,-0.984,-0.20750000000000002,8.6045,5.063,634.3655
1717.408,0.813,-0.325,8.6045,5.063,634.3655
1717.408,0.813,-0.325,37.3255,-24.6315,634.3655
1717.408,0.813,-0.443,8.6045,5.063,634.3655
1717.408,0.813,-0.443,8.6045,-24.6315,634.3655
1717.408,1.262,-0.5605,8.6045,5.063,634.3655
1717.408,1.0375,-0.443,-20.1165,5.063,634.3655
1717.408,0.813,-0.325,8.6045,5.063,634.3655
1717.408,0.813,-0.443,8.6045,5.063,634.3655
1717.408,0.813,-0.325,-20.1165,5.063,634.3655
1717.408,0.5885,-0.325,8.6045,5.063,634.3655
1717.408,1.0375,-0.325,8.6045,5.063,634.3655
1717.408,0.813,-0.325,8.6045,5.063,634.3655
1717.408,0.813,-0.443,8.6045,5.063,634.3655
1717.408,0.813,-0.443,8.6045,5.063,634.3655
1717.408,0.813,-0.443,8.6045,-24.6315,634.3655
1717.408,1.262,-0.5605,-20.1165,5.063,634.3655
1717.408,0.813,-0.325,-20.1165,5.063,634.3655
1717.408,0.813,-0.443,8.6045,5.063,634.3655
1717.408,0.813,-0.443,8.6045,5.063,634.3655
1717.408,0.813,-0.443,-20.1165,5.063,634.3655
1717.408,0.5885,-0.325,8.6045,5.063,634.3655
1717.408,0.813,-0.325,8.6045,5.063,634.3655
1717.408,0.5885,-0.325,37.3255,5.063,634.3655
1717.408,0.813,-0.443,8.6045,5.063,634.3655
1717.408,0.813,-0.443,8.6045,-24.6315,634.3655
1717.408,1.262,,-20.1165,5.063,634.3655
1717.408,0.813,-0.443,-20.1165,5.063,634.3655
1717.408,0.813,-0.443,8.6045,5.063,634.3655
1717.408,0.813,-0.443,8.6045,5.063,634.3655
1717.408,0.813,-0.325,-20.1165,5.063,634.3655
1717.408,1.0375,-0.325,-20.1165,5.063,634.3655
1717.408,0.813,-0.325,8.6045,5.063,634.3655
1717.408,1.0375,-0.325,8.6045,5.063,634.3655
1717.408,0.813,-0.325,37.3255,5.063,634.3655
1717.408,0.813,-0.443,37.3255,5.063,634.3655
1717.408,0.813,-0.443,8.6045,-24.6315,634.3655
1717.408,1.262,-0.5605,-20.1165,5.063,634.3655
1717.408,1.0375,-0.443,-20.1165,5.063,634.3655
1717.408,0.813,-0.325,8.6045,5.063,634.3655
1717.408,0.813,-0.325,8.6045,5.063,634.3655
1717.408,0.813,-0.443,8.6045,5.063,634.3655
1717.408,0.813,-0.325,-20.1165,5.063,634.3655
1717.408,0.813,-0.325,-20.1165,5.063,634.3655
1717.408,0.813,-0.325,8.6045,5.063,634.3655
1717.408,1.0375,-0.325,8.6045,5.063,634.3655
1717.408,0.813,-0.325,37.3255,-24.6315,634.3655
1717.408,0.813,-0.443,37.3255,5.063,634.3655
1717.408,0.813,-0.443,8.6045,5.063,634.3655
1717.408,1.0375,-0.5605,-20.1165,5.063,634.3655
1717.408,1.262,-0.5605,-20.1165,5.063,634.3655
1717.408,0.813,-0.325,-20.1165,5.063,634.3655
1717.408,0.813,-0.443,-20.1165,5.063,634.3655
1717.408,0.813,-0.443,8.6045,5.063,634.3655
1717.408,0.813,-0.443,8.6045,5.063,634.3655
1717.408,0.813,-0.443,8.6045,5.063,634.3655
1717.408,0.813,-0.443,-20.1165,5.063,634.3655
1717.408,0.813,-0.325,-20.1165,5.063,634.3655
1717.408,0.813,-0.325,8.6045,5.063,634.3655
1717.408,0.813,-0.325,8.6045,5.063,634.3655
1717.408,0.813,-0.325,8.6045,5.063,634.3655
1717.408,0.813,-0.325,8.6045,5.063,634.3655
1717.408,1.0375,-0.325,-20.1165,5.063,634.3655
1717.408,0.813,-0.443,8.6045,-24.6315,634.3655
1717.408,0.813,-0.443,8.6045,-24.6315,634.3655
1717.408,1.0375,-0.5605,8.6045,5.063,634.3655
1717.408,1.0375,-0.5605,-20.1165,5.063,634.3655
1717.408,0.813,-0.443,-20.1165,5.063,634.3655
1717.408,0.813,-0.443,-20.1165,5.063,634.3655
1717.408,0.813,-0.443,-20.1165,5.063,634.3655
1717.408,0.5885,-0.325,8.6045,-24.6315,634.3655
1717.408,0.813,-0.325,8.6045,5.063,634.3655
1717.408,0.5885,-0.325,8.6045,5.063,634.3655
1717.408,0.813,-0.443,8.6045,5.063,634.3655
1717.408,1.0375,-0.443,8.6045,5.063,634.3655
1717.408,1.262,-0.443,-20.1165,5.063,634.3655
1717.408,0.813,-0.443,8.6045,5.063,634.3655
1717.408,0.813,-0.443,8.6045,5.063,634.3655
1717.408,0.813,-0.443,-20.1165,5.063,634.3655
1717.408,0.813,-0.325,8.6045,5.063,634.3655
1717.408,0.813,-0.325,8.6045,5.063,634.3655
1717.408,0.5885,-0.443,37.3255,5.063,634.3655
1717.408,0.813,-0.443,8.6045,5.063,634.3655
1717.408,1.0375,-0.443,-20.1165,5.063,634.3655
1717.408,1.4865,-0.5605,8.6045,5.063,634.3655
1717.408,0.813,-0.325,8.6045,5.063,634.3655
1717.408,0.813,-0.325,8.6045,5.063,634.3655
1717.408,0.813,-0.443,-20.1165,5.063,634.3655
1717.408,0.813,-0.443,-20.1165,5.063,634.3655
1717.408,0.813,-0.325,-20.1165,5.063,8936.999
1717.408,0.813,-0.325,8.6045,5.063,634.3655
1717.408,0.813,-0.325,8.6045,5.063,634.3655
1717.408,0.813,-0.325,8.6045,5.063,634.3655
1717.408,0.813,-0.325,8.6045,5.063,634.3655
1717.408,0.813,-0.443,37.3255,5.063,634.3655
1717.408,0.813,-0.443,8.6045,5.063,634.3655
1717.408,1.0375,-0.443,8.6045,5.063,634.3655
1717.408,1.262,-0.5605,-20.1165,5.063,634.3655
1717.408,0.813,-0.443,-20.1165,5.063,634.3655
1717.408,0.813,-0.443,8.6045,5.063,634.3655
1717.408,0.813,-0.325,8.6045,5.063,634.3655
1717.408,0.813,-0.325,8.6045,5.063,634.3655
1717.408,0.813,-0.325,8.6045,5.063,634.3655
1717.408,0.813,-0.325,-20.1165,5.063,634.3655
1717.408,0.813,-0.20750000000000002,8.6045,5.063,634.3655
1717.408,0.813,-0.325,8.6045,5.063,634.3655
1717.408,0.813,-0.325,8.6045,5.063,634.3655
1717.408,0.813,-0.325,8.6045,5.063,634.3655
1717.408,0.813,-0.325,8.6045,5.063,634.3655
1717.408,0.813,-0.325,8.6045,5.063,634.3655
1717.408,0.813,-0.325,37.3255,5.063,634.3655
1717.408,0.813,-0.443,8.6045,5.063,634.3655
1717.408,0.813,-0.443,8.6045,-24.6315,634.3655
1717.408,1.262,-0.443,-20.1165,5.063,634.3655
1717.408,0.813,-0.325,-20.1165,5.063,634.3655
1717.408,0.813,-0.325,8.6045,5.063,634.3655
1717.408,0.813,-0.325,8.6045,5.063,634.3655
1717.408,0.813,-0.325,8.6045,5.063,634.3655
1717.408,0.813,-0.325,8.6045,5.063,634.3655
1717.408,0.813,-0.325,8.6045,5.063,634.3655
1717.408,1.0375,-0.325,-20.1165,5.063,634.3655
1717.408,0.813,-0.325,8.6045,5.063,634.3655
1717.408,1.0375,-0.325,8.6045,5.063,634.3655
1717.408,0.813,-0.325,8.6045,5.063,634.3655
1717.408,0.813,-0.325,8.6045,5.063,634.3655
1717.408,0.813,-0.0901,8.6045,5.063,634.3655
1717.408,0.813,-0.0901,8.6045,5.063,634.3655
1717.408,1.0375,-0.0901,8.6045,5.063,634.3655
1717.408,1.0375,-0.0901,8.6045,5.063,634.3655
1717.408,1.0375,-0.0901,8.6045,5.063,634.3655
1717.408,0.813,-0.0901,-20.1165,5.063,634.3655
1717.408,1.262,-0.0901,8.6045,5.063,634.3655
1717.408,1.0375,-0.20750000000000002,8.6045,5.063,634.3655
1717.408,1.0375,-0.20750000000000002,8.6045,5.063,634.3655
1717.408,1.0375,-0.20750000000000002,-20.1165,5.063,634.3655
1717.408,0.813,-0.0901,-20.1165,5.063,634.3655
1717.408,0.813,-0.0901,8.6045,5.063,634.3655
1717.408,1.0375,0.027649999999999997,8.6045,5.063,634.3655
1717.408,1.0375,0.027649999999999997,8.6045,5.063,634.3655
1717.408,0.813,-0.0901,8.6045,5.063,634.3655
1717.408,0.813,-0.0901,37.3255,5.063,634.3655
1717.408,1.0375,-0.20750000000000002,8.6045,5.063,634.3655
1717.408,1.0375,-0.20750000000000002,-20.1165,5.063,634.3655
1717.408,1.262,-0.0901,-20.1165,5.063,634.3655
1717.408,1.0375,0.027649999999999997,37.3255,5.063,634.3655
1717.408,1.0375,-0.0901,8.6045,5.063,634.3655
1717.408,1.0375,-0.20750000000000002,-20.1165,5.063,634.3655
1717.408,0.813,-0.0901,-20.1165,5.063,634.3655
1717.408,0.5885,-0.0901,-20.1165,5.063,634.3655
1717.408,1.0375,-0.0901,8.6045,5.063,634.3655
1717.408,1.0375,-0.0901,8.6045,5.063,634.3655
1717.408,1.0375,0.027649999999999997,8.6045,5.063,634.3655
1717.408,0.813,-0.0901,8.6045,5.063,634.3655
1717.408,0.813,-0.0901,37.3255,5.063,634.3655
1717.408,0.813,-0.20750000000000002,8.6045,5.063,634.3655
1717.408,1.0375,-0.20750000000000002,-20.1165,5.063,634.3655
1717.408,1.0375,-0.0901,-20.1165,5.063,634.3655
1717.408,1.262,-0.0901,8.6045,5.063,634.3655
1717.408,1.0375,-0.0901,8.6045,5.063,634.3655
1717.408,1.0375,-0.0901,8.6045,5.063,634.3655
1717.408,1.0375,-0.20750000000000002,8.6045,5.063,634.3655
1717.408,1.0375,-0.20750000000000002,-20.1165,5.063,634.3655
1717.408,0.813,-0.0901,-48.8375,5.063,634.3655
1717.408,0.813,-0.0901,8.6045,5.063,634.3655
1717.408,1.0375,0.027649999999999997,8.6045,5.063,634.3655
1717.408,1.0375,0.027649999999999997,8.6045,5.063,634.3655
1717.408,1.0375,0.027649999999999997,8.6045,5.063,634.3655
1717.408,1.0375,-0.0901,8.6045,5.063,634.3655
1717.408,0.813,-0.0901,8.6045,5.063,634.3655
1717.408,0.813,-0.0901,37.3255,5.063,634.3655
1717.408,0.813,-0.20750000000000002,8.6045,5.063,634.3655
1717.408,1.0375,-0.20750000000000002,-20.1165,-24.6315,634.3655
1717.408,1.4865,-0.20750000000000002,8.6045,5.063,634.3655
1717.408,1.0375,-0.0901,8.6045,5.063,634.3655
1717.408,0.813,-0.0901,-20.1165,5.063,634.3655
1717.408,1.0375,-0.20750000000000002,-20.1165,5.063,634.3655
1717.408,1.0375,-0.0901,-20.1165,5.063,634.3655
1717.408,0.813,-0.0901,-20.1165,5.063,634.3655
1717.408,0.813,0.027649999999999997,8.6045,5.063,634.3655
1717.408,1.0375,0.027649999999999997,8.6045,5.063,634.3655
1717.408,1.0375,0.027649999999999997,8.6045,5.063,634.3655
1717.408,1.0375,0.027649999999999997,8.6045,5.063,634.3655
1717.408,1.0375,0.027649999999999997,8.6045,5.063,634.3655
1717.408,1.0375,0.027649999999999997,8.6045,5.063,634.3655
1717.408,0.813,-0.0901,8.6045,5.063,634.3655
1717.408,0.813,-0.0901,37.3255,5.063,634.3655
1717.408,0.813,-0.20750000000000002,8.6045,5.063,634.3655
1717.408,0.813,-0.0901,-20.1165,5.063,634.3655
1717.408,1.4865,-0.0901,8.6045,5.063,634.3655
1717.408,1.0375,-0.0901,8.6045,5.063,634.3655
1717.408,0.813,-0.0901,8.6045,5.063,634.3655
1717.408,1.0375,-0.20750000000000002,8.6045,5.063,634.3655
1717.408,1.0375,-0.20750000000000002,-20.1165,5.063,634.3655
1717.408,1.0375,-0.20750000000000002,-20.1165,5.063,634.3655
1717.408,0.813,0.027649999999999997,-20.1165,5.063,634.3655
1717.408,0.813,0.027649999999999997,8.6045,5.063,634.3655
1717.408,1.0375,0.027649999999999997,8.6045,5.063,634.3655
1717.408,1.0375,-0.0901,8.6045,5.063,634.3655
1717.408,0.813,-0.0901,8.6045,5.063,634.3655
1717.408,0.813,-0.0901,8.6045,5.063,634.3655
1717.408,1.0375,-0.0901,8.6045,5.063,634.3655
1717.408,1.0375,-0.0901,8.6045,-24.6315,634.3655
1717.408,1.0375,-0.0901,8.6045,5.063,634.3655
1717.408,1.0375,-0.0901,-20.1165,5.063,634.3655
1717.408,1.0375,0.027649999999999997,-20.1165,-24.6315,634.3655
1717.408,1.4865,0.14525,8.6045,5.063,634.3655
1717.408,1.0375,0.027649999999999997,8.6045,5.063,634.3655
1717.408,1.0375,0.027649999999999997,-20.1165,5.063,634.3655
1717.408,0.813,0.027649999999999997,-20.1165,-24.6315,634.3655
1717.408,0.5885,-0.0901,8.6045,5.063,634.3655
1717.408,1.0375,-0.0901,8.6045,5.063,634.3655
1717.408,0.813,-0.0901,8.6045,5.063,634.3655
1717.408,1.0375,0.027649999999999997,8.6045,5.063,634.3655
1717.408,0.813,-0.0901,8.6045,5.063,634.3655
1717.408,0.813,-0.0901,8.6045,5.063,634.3655
1717.408,0.813,-0.0901,8.6045,5.063,634.3655
1717.408,1.0375,-0.0901,-20.1165,-24.6315,634.3655
1717.408,1.262,0.027649999999999997,-20.1165,-24.6315,634.3655
1717.408,1.262,0.027649999999999997,8.6045,5.063,634.3655
1717.408,1.0375,-0.0901,8.6045,5.063,634.3655
1717.408,0.813,0.027649999999999997,-20.1165,5.063,634.3655
1717.408,0.813,0.027649999999999997,-20.1165,5.063,634.3655
1717.408,0.813,-0.0901,8.6045,5.063,634.3655
1717.408,1.0375,0.027649999999999997,8.6045,5.063,634.3655
1717.408,1.0375,0.027649999999999997,8.6045,5.063,634.3655
1717.408,1.0375,0.027649999999999997,8.6045,5.063,634.3655
1717.408,1.0375,0.027649999999999997,8.6045,5.063,634.3655
1717.408,0.813,0.027649999999999997,8.6045,5.063,634.3655
1717.408,0.813,-0.0901,8.6045,5.063,634.3655
1717.408,0.813,-0.0901,8.6045,-24.6315,634.3655
1717.408,1.0375,-0.0901,8.6045,-24.6315,634.3655
1717.408,1.0375,-0.0901,-20.1165,-24.6315,634.3655
1717.408,1.262,-0.0901,8.6045,5.063,634.3655
1717.408,1.0375,-0.0901,8.6045,5.063,634.3655
1717.408,1.0375,-0.0901,-20.1165,5.063,634.3655
1717.408,0.813,-0.0901,-20.1165,5.063,634.3655
1717.408,0.813,-0.0901,8.6045,5.063,634.3655
1717.408,1.0375,0.027649999999999997,8.6045,5.063,634.3655
1717.408,1.0375,0.027649999999999997,8.6045,5.063,634.3655
1717.408,1.0375,0.027649999999999997,8.6045,5.063,634.3655
1717.408,1.0375,0.027649999999999997,8.6045,5.063,634.3655
1717.408,0.813,-0.0901,8.6045,5.063,634.3655
1717.408,0.813,-0.0901,8.6045,5.063,634.3655
1717.408,0.813,-0.0901,8.6045,-24.6315,634.3655
1717.408,1.0375,-0.0901,8.6045,5.063,634.3655
1717.408,1.262,-0.0901,8.6045,-24.6315,634.3655
1717.408,1.262,-0.0901,8.6045,5.063,634.3655
1717.408,1.0375,-0.0901,8.6045,5.063,634.3655
1717.408,0.813,-0.0901,-20.1165,5.063,634.3655
1717.408,0.813,-0.0901,-20.1165,5.063,634.3655
1717.408,0.813,-0.0901,8.6045,5.063,634.3655
1717.408,1.0375,-0.0901,8.6045,5.063,634.3655
1717.408,1.0375,0.027649999999999997,-20.1165,5.063,634.3655
1717.408,1.0375,0.027649999999999997,8.6045,5.063,634.3655
1717.408,1.0375,0.027649999999999997,8.6045,5.063,634.3655
1717.408,0.813,0.027649999999999997,8.6045,5.063,634.3655
1717.408,0.813,-0.0901,8.6045,5.063,634.3655
1717.408,0.813,-0.0901,8.6045,5.063,634.3655
1717.408,0.813,-0.0901,8.6045,-24.6315,634.3655
1717.408,0.813,-0.0901,-20.1165,-24.6315,634.3655
1717.408,1.262,0.027649999999999997,-20.1165,5.063,634.3655
1717.408,1.0375,0.027649999999999997,8.6045,5.063,634.3655
1717.408,0.813,-0.0901,8.6045,5.063,634.3655
1717.408,0.813,-0.0901,-20.1165,5.063,634.3655
1717.408,0.813,0.027649999999999997,-20.1165,5.063,634.3655
1717.408,0.813,-0.0901,8.6045,5.063,634.3655
1717.408,1.0375,0.027649999999999997,8.6045,5.063,634.3655
1717.408,1.0375,-0.0901,8.6045,5.063,634.3655
1717.408,1.0375,-0.0901,8.6045,5.063,634.3655
1717.408,1.0375,-0.0901,8.6045,5.063,634.3655
1717.408,0.813,-0.0901,-20.1165,5.063,634.3655
1717.408,0.813,-0.0901,8.6045,5.063,634.3655
1717.408,0.813,-0.0901,8.6045,5.063,634.3655
1717.408,0.813,-0.0901,8.6045,5.063,634.3655
1717.408,0.813,-0.20750000000000002,8.6045,5.063,634.3655
1717.408,0.813,-0.20750000000000002,8.6045,5.063,634.3655
1717.408,0.813,-0.20750000000000002,8.6045,5.063,634.3655
1717.408,1.0375,-0.20750000000000002,-20.1165,-24.6315,634.3655
1717.408,1.0375,-0.0901,-20.1165,5.063,634.3655
1717.408,1.0375,-0.0901,8.6045,5.063,634.3655
1717.408,1.262,-0.0901,8.6045,5.063,634.3655
1717.408,1.0375,-0.20750000000000002,37.3255,5.063,-749.4069999999999
1717.408,0.813,-0.20750000000000002,-20.1165,5.063,634.3655
1717.408,0.813,-0.0901,-20.1165,5.063,634.3655
1717.408,0.813,-0.0901,-20.1165,5.063,634.3655
1717.408,0.813,-0.0901,-20.1165,5.063,634.3655
1717.408,0.813,-0.0901,8.6045,-24.6315,634.3655
1717.408,1.0375,-0.0901,37.3255,5.063,634.3655
1717.408,0.813,-0.0901,37.3255,5.063,634.3655
1717.408,0.813,-0.20750000000000002,8.6045,5.063,634.3655
1717.408,0.813,-0.20750000000000002,-20.1165,-24.6315,634.3655
1717.408,1.0375,-0.20750000000000002,-20.1165,-24.6315,634.3655
1717.408,1.262,-0.20750000000000002,8.6045,5.063,634.3655
1717.408,1.0375,-0.0901,-20.1165,5.063,634.3655
1717.408,1.262,-0.0901,8.6045,5.063,634.3655
1717.408,1.0375,-0.0901,8.6045,5.063,-749.4069999999999
1717.408,0.813,-0.20750000000000002,8.6045,5.063,634.3655
1717.408,0.813,-0.20750000000000002,-20.1165,5.063,634.3655
1717.408,0.813,-0.0901,-20.1165,5.063,634.3655
1717.408,0.813,-0.0901,8.6045,5.063,634.3655
1717.408,0.813,-0.0901,8.6045,5.063,634.3655
1717.408,0.813,-0.0901,8.6045,5.063,634.3655
1717.408,0.813,-0.20750000000000002,37.3255,5.063,634.3655
1717.408,0.813,-0.20750000000000002,8.6045,5.063,634.3655
1717.408,1.0375,-0.20750000000000002,-20.1165,-24.6315,634.3655
1717.408,1.0375,-0.20750000000000002,-20.1165,-24.6315,634.3655
1717.408,1.262,-0.20750000000000002,-20.1165,5.063,634.3655
1717.408,1.0375,-0.0901,8.6045,5.063,634.3655
1717.408,1.262,-0.0901,-20.1165,5.063,634.3655
1717.408,1.262,-0.0901,37.3255,5.063,-749.4069999999999
1717.408,0.813,-0.20750000000000002,8.6045,5.063,634.3655
1717.408,0.813,-0.20750000000000002,-48.8375,5.063,634.3655
1717.408,0.813,-0.0901,-20.1165,5.063,634.3655
1717.408,0.813,-0.0901,8.6045,5.063,634.3655
1717.408,0.813,-0.0901,8.6045,5.063,634.3655
1717.408,1.0375,-0.0901,8.6045,5.063,634.3655
1717.408,0.813,-0.20750000000000002,37.3255,5.063,634.3655
1717.408,0.813,-0.20750000000000002,8.6045,5.063,634.3655
1717.408,0.813,-0.20750000000000002,-20.1165,-24.6315,634.3655
1717.408,1.0375,-0.0901,-20.1165,-24.6315,634.3655
1717.408,1.262,-0.0901,8.6045,5.063,634.3655
1717.408,1.0375,-0.0901,8.6045,5.063,634.3655
1717.408,1.0375,-0.0901,-20.1165,5.063,634.3655
1717.408,1.4865,-0.20750000000000002,8.6045,5.063,-749.4069999999999
1717.408,0.813,-0.0901,8.6045,5.063,634.3655
1717.408,0.813,-0.0901,8.6045,5.063,634.3655
1717.408,0.813,-0.20750000000000002,8.6045,5.063,634.3655
1717.408,0.813,-0.20750000000000002,-20.1165,5.063,634.3655
1717.408,0.813,-0.20750000000000002,-20.1165,5.063,634.3655
1717.408,0.813,-0.0901,8.6045,5.063,634.3655
1717.408,0.813,-0.0901,8.6045,-24.6315,634.3655
1717.408,0.813,-0.20750000000000002,37.3255,5.063,634.3655
1717.408,0.813,-0.20750000000000002,8.6045,-24.6315,634.3655
1717.408,0.813,-0.20750000000000002,8.6045,5.063,634.3655
1717.408,1.0375,-0.20750000000000002,-20.1165,-24.6315,634.3655
1717.408,1.262,-0.20750000000000002,-20.1165,5.063,634.3655
1717.408,1.0375,-0.0901,8.6045,5.063,634.3655
1717.408,1.0375,-0.0901,8.6045,5.063,634.3655
1717.408,1.0375,-0.0901,-20.1165,5.063,634.3655
1717.408,1.4865,0.498,8.6045,5.063,634.3655
1717.408,1.262,0.263,37.3255,64.45150000000001,-749.4069999999999
1717.408,0.813,0.14525,-77.5585,64.45150000000001,634.3655
1717.408,0.3635,0.027649999999999997,8.6045,-24.6315,634.3655
1717.408,0.813,0.14525,8.6045,5.063,634.3655
1717.408,1.0375,0.14525,8.6045,5.063,634.3655
1717.408,1.0375,0.14525,8.6045,5.063,634.3655
1717.408,1.0375,0.027649999999999997,8.6045,5.063,634.3655
1717.408,0.813,0.027649999999999997,8.6045,5.063,634.3655
1717.408,0.813,0.14525,8.6045,5.063,634.3655
1717.408,0.813,0.14525,8.6045,5.063,634.3655
1717.408,1.0375,0.14525,8.6045,-24.6315,634.3655
1717.408,1.0375,0.14525,8.6045,-24.6315,634.3655
1717.408,1.0375,0.14525,-20.1165,-24.6315,634.3655
1717.408,1.0375,0.263,8.6045,-24.6315,634.3655
1717.408,1.0375,0.14525,8.6045,5.063,634.3655
1717.408,1.0375,0.14525,-20.1165,5.063,634.3655
1717.408,1.4865,0.263,37.3255,34.757,-749.4069999999999
1717.408,1.0375,0.14525,8.6045,34.757,634.3655
1717.408,0.813,0.027649999999999997,-48.8375,34.757,634.3655
1717.408,0.5885,0.027649999999999997,8.6045,-24.6315,634.3655
1717.408,1.0375,0.14525,8.6045,5.063,634.3655
1717.408,1.0375,0.14525,8.6045,5.063,634.3655
1717.408,1.0375,0.14525,8.6045,-24.6315,634.3655
1717.408,0.813,0.027649999999999997,8.6045,5.063,634.3655
1717.408,0.813,0.027649999999999997,8.6045,5.063,634.3655
1717.408,0.813,0.027649999999999997,-20.1165,5.063,634.3655
1717.408,1.0375,0.027649999999999997,8.6045,-24.6315,634.3655
1717.408,1.0375,0.027649999999999997,-20.1165,-24.6315,634.3655
1717.408,1.0375,0.14525,-20.1165,-24.6315,634.3655
1717.408,1.0375,0.14525,-20.1165,5.063,634.3655
1717.408,0.813,0.14525,8.6045,5.063,634.3655
1717.408,1.0375,0.263,-20.1165,5.063,634.3655
1717.408,1.4865,0.263,37.3255,34.757,-749.4069999999999
1717.408,0.813,0.14525,8.6045,34.757,634.3655
1717.408,0.813,0.027649999999999997,-48.8375,34.757,634.3655
1717.408,0.813,0.027649999999999997,-20.1165,5.063,634.3655
1717.408,0.813,0.027649999999999997,8.6045,5.063,634.3655
1717.408,1.0375,0.14525,8.6045,5.063,634.3655
1717.408,1.0375,0.027649999999999997,8.6045,-24.6315,634.3655
1717.408,0.813,0.027649999999999997,-20.1165,5.063,634.3655
1717.408,0.813,0.027649999999999997,8.6045,5.063,634.3655
1717.408,0.813,0.027649999999999997,8.6045,5.063,634.3655
1717.408,0.813,0.027649999999999997,8.6045,-24.6315,634.3655
1717.408,1.0375,0.027649999999999997,8.6045,-24.6315,634.3655
1717.408,1.0375,0.027649999999999997,-20.1165,-24.6315,634.3655
1717.408,1.0375,0.263,-48.8375,-24.6315,634.3655
1717.408,1.0375,0.263,8.6045,5.063,634.3655
1717.408,0.813,0.263,-20.1165,5.063,634.3655
1717.408,1.262,0.3805,8.6045,5.063,634.3655
1717.408,1.0375,0.263,66.0465,34.757,-749.4069999999999
1717.408,0.813,0.027649999999999997,-20.1165,34.757,634.3655
1717.408,0.813,0.027649999999999997,-20.1165,34.757,634.3655
1717.408,0.813,0.027649999999999997,-20.1165,5.063,634.3655
1717.408,0.813,0.027649999999999997,8.6045,5.063,634.3655
1717.408,1.0375,0.027649999999999997,8.6045,5.063,634.3655
1717.408,1.0375,0.14525,-20.1165,5.063,634.3655
1717.408,1.0375,0.14525,8.6045,5.063,634.3655
1717.408,0.813,0.027649999999999997,8.6045,5.063,634.3655
1717.408,0.813,0.027649999999999997,37.3255,5.063,634.3655
1717.408,0.813,0.027649999999999997,8.6045,5.063,634.3655
1717.408,0.813,0.027649999999999997,-20.1165,-24.6315,634.3655
1717.408,1.0375,0.14525,8.6045,-24.6315,634.3655
1717.408,1.0375,0.14525,-20.1165,-24.6315,634.3655
1717.408,1.262,0.263,-20.1165,-24.6315,634.3655
1717.408,1.0375,0.14525,8.6045,5.063,634.3655
1717.408,1.0375,0.14525,-20.1165,5.063,634.3655
1717.408,1.0375,0.14525,8.6045,5.063,634.3655
1717.408,1.262,0.263,8.6045,34.757,-749.4069999999999
1717.408,0.813,0.14525,8.6045,34.757,634.3655
1717.408,0.813,0.027649999999999997,8.6045,34.757,634.3655
1717.408,0.813,0.027649999999999997,-20.1165,5.063,634.3655
1717.408,0.813,0.027649999999999997,8.6045,5.063,634.3655
1717.408,1.0375,0.027649999999999997,8.6045,5.063,634.3655
1717.408,1.0375,0.027649999999999997,8.6045,5.063,634.3655
1717.408,1.0375,0.027649999999999997,-20.1165,5.063,634.3655
1717.408,0.813,0.027649999999999997,8.6045,-24.6315,634.3655
1717.408,0.813,0.027649999999999997,8.6045,5.063,634.3655
1717.408,0.813,0.027649999999999997,8.6045,-24.6315,634.3655
1717.408,0.813,0.027649999999999997,-20.1165,-54.326,634.3655
1717.408,1.0375,0.14525,8.6045,-54.326,634.3655
1717.408,1.262,0.14525,-20.1165,-24.6315,634.3655
1717.408,1.0375,0.14525,8.6045,-24.6315,634.3655
1717.408,1.0375,0.14525,8.6045,-24.6315,634.3655
1717.408,0.813,0.14525,8.6045,-24.6315,634.3655
1717.408,1.0375,0.14525,-20.1165,34.757,634.3655
1717.408,1.0375,0.14525,8.6045,5.063,634.3655
1717.408,0.813,-0.0901,8.6045,5.063,634.3655
1717.408,0.813,-0.0901,-20.1165,5.063,634.3655
1717.408,0.813,-0.0901,8.6045,5.063,634.3655
1717.408,0.813,-0.0901,8.6045,-24.6315,634.3655
1717.408,0.813,-0.0901,8.6045,5.063,634.3655
1717.408,0.813,-0.0901,37.3255,-24.6315,634.3655
1717.408,0.813,-0.20750000000000002,8.6045,5.063,634.3655
1717.408,0.813,-0.0901,-20.1165,-24.6315,634.3655
1717.408,1.0375,-0.0901,8.6045,-24.6315,634.3655
1717.408,1.0375,-0.0901,-20.1165,5.063,634.3655
1717.408,1.0375,0.027649999999999997,-20.1165,5.063,634.3655
1717.408,1.262,0.14525,8.6045,5.063,634.3655
1717.408,1.0375,0.027649999999999997,37.3255,34.757,634.3655
1717.408,0.813,-0.0901,8.6045,5.063,634.3655
1717.408,0.813,-0.0901,-20.1165,5.063,634.3655
1717.408,0.813,0.027649999999999997,8.6045,5.063,634.3655
1717.408,0.813,0.027649999999999997,8.6045,5.063,634.3655
1717.408,0.813,0.027649999999999997,8.6045,5.063,634.3655
1717.408,0.813,-0.0901,8.6045,5.063,634.3655
1717.408,0.813,-0.0901,37.3255,5.063,634.3655
1717.408,0.813,-0.20750000000000002,8.6045,5.063,634.3655
1717.408,0.813,-0.20750000000000002,8.6045,5.063,634.3655
1717.408,0.813,-0.20750000000000002,-20.1165,-24.6315,634.3655
1717.408,1.0375,-0.0901,-20.1165,-24.6315,634.3655
1717.408,1.262,-0.0901,8.6045,5.063,634.3655
1717.408,1.0375,-0.0901,-20.1165,5.063,634.3655
1717.408,1.4865,-0.0901,8.6045,5.063,634.3655
1717.408,1.0375,-0.20750000000000002,37.3255,5.063,634.3655
1717.408,0.813,-0.20750000000000002,-20.1165,5.063,634.3655
1717.408,0.813,-0.0901,-20.1165,5.063,634.3655
1717.408,0.813,-0.0901,-20.1165,5.063,634.3655
1717.408,0.813,-0.0901,8.6045,5.063,634.3655
1717.408,1.0375,-0.0901,8.6045,5.063,634.3655
1717.408,0.813,-0.0901,8.6045,5.063,634.3655
1717.408,0.813,-0.20750000000000002,37.3255,5.063,634.3655
1717.408,0.813,-0.20750000000000002,8.6045,5.063,634.3655
1717.408,0.813,-0.20750000000000002,8.6045,5.063,634.3655
1717.408,1.0375,-0.20750000000000002,-20.1165,-24.6315,634.3655
1717.408,1.262,-0.0901,-20.1165,5.063,634.3655
1717.408,1.0375,0.027649999999999997,8.6045,5.063,634.3655
1717.408,1.0375,0.027649999999999997,8.6045,5.063,634.3655
1717.408,1.262,-0.0901,37.3255,5.063,-749.4069999999999
1717.408,0.813,-0.0901,8.6045,5.063,634.3655
1717.408,0.813,-0.0901,-20.1165,5.063,634.3655
1717.408,0.813,-0.0901,8.6045,5.063,634.3655
1717.408,0.813,-0.0901,-20.1165,5.063,634.3655
1717.408,0.813,0.027649999999999997,-20.1165,5.063,634.3655
1717.408,0.813,-0.0901,8.6045,-24.6315,634.3655
1717.408,1.0375,-0.0901,8.6045,-24.6315,634.3655
1717.408,0.813,-0.20750000000000002,37.3255,-24.6315,634.3655
1717.408,0.813,-0.20750000000000002,8.6045,5.063,634.3655
1717.408,0.813,-0.20750000000000002,-20.1165,5.063,634.3655
1717.408,0.813,-0.20750000000000002,-20.1165,-24.6315,634.3655
1717.408,1.0375,-0.0901,-20.1165,-24.6315,634.3655
1717.408,1.0375,-0.0901,8.6045,5.063,634.3655
1717.408,1.0375,-0.0901,-20.1165,5.063,634.3655
1717.408,1.0375,-0.0901,8.6045,5.063,634.3655
1717.408,1.262,-0.0901,8.6045,5.063,634.3655
1717.408,0.813,-0.0901,8.6045,5.063,634.3655
1717.408,0.813,-0.20750000000000002,-20.1165,5.063,634.3655
1717.408,0.813,-0.20750000000000002,8.6045,5.063,634.3655
1717.408,0.813,-0.20750000000000002,-20.1165,5.063,634.3655
1717.408,0.813,-0.0901,-20.1165,5.063,634.3655
1717.408,0.813,-0.0901,-20.1165,5.063,634.3655
1717.408,0.813,-0.0901,8.6045,5.063,634.3655
1717.408,0.813,-0.0901,8.6045,5.063,634.3655
1717.408,0.813,-0.0901,8.6045,5.063,634.3655
1717.408,0.813,-0.20750000000000002,8.6045,5.063,634.3655
1717.408,0.813,-0.20750000000000002,-20.1165,-24.6315,634.3655
1717.408,0.813,-0.0901,-20.1165,-24.6315,634.3655
1717.408,1.0375,-0.0901,8.6045,5.063,634.3655
1717.408,1.0375,-0.0901,8.6045,5.063,634.3655
1717.408,1.0375,-0.0901,8.6045,5.063,634.3655
1717.408,1.0375,-0.0901,8.6045,5.063,634.3655
1717.408,1.0375,-0.0901,8.6045,5.063,634.3655
1717.408,1.4865,0.6160000000000001,8.6045,5.063,634.3655
1717.408,1.262,0.3805,37.3255,64.45150000000001,-749.4069999999999
1717.408,0.5885,0.14525,-20.1165,34.757,634.3655
1717.408,0.813,0.14525,8.6045,5.063,634.3655
1717.408,0.5885,0.027649999999999997,8.6045,5.063,634.3655
1717.408,1.0375,0.14525,8.6045,5.063,634.3655
1717.408,0.813,0.14525,8.6045,5.063,634.3655
1717.408,1.0375,0.14525,8.6045,5.063,634.3655
1717.408,0.813,0.027649999999999997,8.6045,-24.6315,634.3655
1717.408,0.813,0.027649999999999997,8.6045,-24.6315,634.3655
1717.408,0.813,0.027649999999999997,-20.1165,-24.6315,634.3655
1717.408,0.813,0.027649999999999997,-20.1165,-24.6315,634.3655
1717.408,1.0375,0.14525,8.6045,-24.6315,634.3655
1717.408,1.0375,0.14525,8.6045,-24.6315,634.3655
1717.408,1.0375,0.14525,-20.1165,-24.6315,634.3655
1717.408,1.0375,0.263,8.6045,5.063,634.3655
1717.408,0.813,0.263,8.6045,-24.6315,634.3655
1717.408,1.4865,0.263,37.3255,5.063,-749.4069999999999
1717.408,1.0375,0.14525,8.6045,34.757,634.3655
1717.408,0.813,0.027649999999999997,-48.8375,34.757,634.3655
1717.408,0.5885,0.027649999999999997,-20.1165,5.063,634.3655
1717.408,0.813,0.027649999999999997,8.6045,5.063,634.3655
1717.408,1.0375,0.027649999999999997,8.6045,5.063,634.3655
1717.408,1.0375,0.027649999999999997,-20.1165,5.063,634.3655
1717.408,0.813,0.027649999999999997,8.6045,5.063,634.3655
1717.408,0.813,0.027649999999999997,8.6045,5.063,634.3655
1717.408,0.813,0.027649999999999997,8.6045,5.063,634.3655
1717.408,0.813,0.14525,8.6045,-24.6315,634.3655
1717.408,1.0375,0.14525,-20.1165,5.063,634.3655
1717.408,1.0375,0.14525,-20.1165,-24.6315,634.3655
1717.408,1.0375,0.263,-20.1165,-24.6315,634.3655
1717.408,1.262,0.263,8.6045,-24.6315,634.3655
1717.408,1.262,0.263,37.3255,5.063,-749.4069999999999
1717.408,0.813,0.027649999999999997,-20.1165,34.757,634.3655
1717.408,0.813,0.027649999999999997,-48.8375,5.063,634.3655
1717.408,0.813,0.027649999999999997,-20.1165,5.063,634.3655
1717.408,0.813,0.027649999999999997,8.6045,5.063,634.3655
1717.408,1.0375,0.14525,8.6045,5.063,634.3655
1717.408,1.0375,0.14525,8.6045,5.063,634.3655
1717.408,0.813,0.027649999999999997,8.6045,-24.6315,634.3655
1717.408,0.813,0.027649999999999997,8.6045,-24.6315,634.3655
1717.408,0.813,0.027649999999999997,8.6045,-24.6315,634.3655
1717.408,0.813,0.027649999999999997,-20.1165,-24.6315,634.3655
1717.408,1.0375,0.14525,8.6045,-54.326,634.3655
1717.408,1.0375,0.263,-48.8375,-24.6315,634.3655
1717.408,1.0375,0.3805,8.6045,-24.6315,634.3655
1717.408,0.813,0.263,8.6045,-24.6315,634.3655
1717.408,1.262,0.263,8.6045,5.063,634.3655
1717.408,1.262,0.14525,37.3255,34.757,-749.4069999999999
1717.408,0.813,0.14525,-20.1165,64.45150000000001,634.3655
1717.408,0.813,0.14525,-20.1165,34.757,634.3655
1717.408,0.813,0.14525,37.3255,5.063,634.3655
1717.408,0.5885,-0.0901,8.6045,5.063,634.3655
1717.408,1.0375,0.027649999999999997,8.6045,5.063,634.3655
1717.408,1.0375,0.027649999999999997,8.6045,5.063,634.3655
1717.408,0.813,0.027649999999999997,8.6045,-24.6315,634.3655
1717.408,0.813,0.027649999999999997,8.6045,-24.6315,634.3655
1717.408,0.813,-0.0901,8.6045,5.063,634.3655
1717.408,0.813,-0.0901,8.6045,-24.6315,634.3655
1717.408,0.813,0.027649999999999997,-20.1165,-24.6315,634.3655
1717.408,1.0375,0.14525,-20.1165,-24.6315,634.3655
1717.408,1.0375,0.14525,-20.1165,-24.6315,634.3655
1717.408,1.0375,0.263,-20.1165,5.063,634.3655
1717.408,1.0375,0.263,-20.1165,5.063,634.3655
1717.408,0.813,0.263,8.6045,-24.6315,634.3655
1717.408,1.262,0.3805,37.3255,5.063,-749.4069999999999
1717.408,1.0375,0.14525,37.3255,34.757,-749.4069999999999
1717.408,0.813,0.027649999999999997,-20.1165,34.757,634.3655
1717.408,0.813,0.027649999999999997,-20.1165,5.063,634.3655
1717.408,0.813,0.027649999999999997,8.6045,5.063,634.3655
1717.408,0.813,0.027649999999999997,8.6045,5.063,634.3655
1717.408,1.0375,0.027649999999999997,8.6045,5.063,634.3655
1717.408,1.0375,0.027649999999999997,8.6045,-24.6315,634.3655
1717.408,0.813,0.027649999999999997,-20.1165,-24.6315,634.3655
1717.408,0.813,0.027649999999999997,8.6045,-24.6315,634.3655
1717.408,0.813,0.027649999999999997,8.6045,-24.6315,634.3655
1717.408,0.813,0.14525,37.3255,-54.326,634.3655
1717.408,1.0375,0.14525,8.6045,-24.6315,634.3655
1717.408,1.262,0.027649999999999997,-20.1165,-24.6315,634.3655
1717.408,1.4865,-0.325,8.6045,5.063,634.3655
1717.408,1.0375,-0.20750000000000002,8.6045,5.063,634.3655
1717.408,0.813,-0.20750000000000002,8.6045,5.063,634.3655
1717.408,0.813,-0.20750000000000002,-20.1165,5.063,634.3655
1717.408,0.813,-0.20750000000000002,-20.1165,5.063,634.3655
1717.408,0.813,-0.0901,8.6045,5.063,634.3655
1717.408,0.813,-0.0901,8.6045,-24.6315,634.3655
1717.408,0.813,-0.20750000000000002,8.6045,5.063,634.3655
1717.408,0.813,-0.20750000000000002,8.6045,5.063,634.3655
1717.408,0.813,-0.20750000000000002,-20.1165,5.063,634.3655
1717.408,0.813,-0.0901,-20.1165,-24.6315,634.3655
1717.408,1.0375,-0.0901,8.6045,-24.6315,634.3655
1717.408,1.0375,-0.0901,8.6045,5.063,634.3655
1717.408,1.0375,-0.0901,8.6045,5.063,634.3655
1717.408,1.262,-0.20750000000000002,8.6045,5.063,634.3655
1717.408,0.813,-0.0901,37.3255,5.063,634.3655
1717.408,0.813,-0.20750000000000002,8.6045,5.063,634.3655
1717.408,0.813,-0.20750000000000002,-20.1165,5.063,634.3655
1717.408,0.813,-0.0901,-20.1165,5.063,634.3655
1717.408,0.813,-0.0901,8.6045,5.063,634.3655
1717.408,0.813,-0.0901,8.6045,-24.6315,634.3655
1717.408,0.813,-0.20750000000000002,37.3255,5.063,634.3655
1717.408,0.813,-0.20750000000000002,8.6045,5.063,634.3655
1717.408,0.813,-0.325,8.6045,-24.6315,634.3655
1717.408,0.813,-0.20750000000000002,-20.1165,-24.6315,634.3655
1717.408,1.0375,-0.20750000000000002,-20.1165,-24.6315,634.3655
1717.408,1.0375,-0.20750000000000002,8.6045,5.063,634.3655
1717.408,1.0375,-0.20750000000000002,-20.1165,5.063,634.3655
1717.408,1.0375,-0.0901,8.6045,5.063,634.3655
1717.408,1.0375,-0.0901,8.6045,5.063,634.3655
1717.408,0.813,-0.20750000000000002,8.6045,5.063,634.3655
1717.408,0.813,-0.20750000000000002,8.6045,5.063,634.3655
1717.408,0.813,-0.20750000000000002,-20.1165,5.063,634.3655
1717.408,0.813,-0.0901,8.6045,5.063,634.3655
1717.408,0.813,-0.0901,8.6045,5.063,634.3655
1717.408,0.813,-0.20750000000000002,8.6045,5.063,634.3655
1717.408,0.813,-0.20750000000000002,8.6045,5.063,634.3655
1717.408,0.813,-0.20750000000000002,37.3255,5.063,634.3655
1717.408,0.813,-0.325,8.6045,5.063,634.3655
1717.408,0.813,-0.20750000000000002,-20.1165,-24.6315,634.3655
1717.408,1.0375,-0.20750000000000002,-20.1165,-24.6315,634.3655
1717.408,1.0375,-0.20750000000000002,8.6045,5.063,634.3655
1717.408,1.0375,-0.0901,8.6045,5.063,634.3655
1717.408,1.0375,-0.0901,-20.1165,5.063,634.3655
1717.408,1.262,-0.20750000000000002,37.3255,5.063,634.3655
1717.408,0.813,-0.20750000000000002,8.6045,5.063,634.3655
1717.408,0.813,-0.325,8.6045,5.063,634.3655
1717.408,0.813,-0.20750000000000002,8.6045,5.063,634.3655
1717.408,0.813,-0.325,-20.1165,5.063,634.3655
1717.408,0.813,-0.20750000000000002,-20.1165,5.063,634.3655
1717.408,0.813,-0.20750000000000002,8.6045,5.063,634.3655
1717.408,0.813,-0.20750000000000002,37.3255,5.063,634.3655
1717.408,0.813,-0.20750000000000002,8.6045,5.063,634.3655
1717.408,0.813,-0.325,-20.1165,-24.6315,634.3655
1717.408,0.813,-0.20750000000000002,-20.1165,-24.6315,634.3655
1717.408,1.0375,-0.0901,-20.1165,-24.6315,634.3655
1717.408,1.0375,-0.0901,8.6045,5.063,634.3655
1717.408,1.0375,-0.0901,8.6045,5.063,634.3655
1717.408,1.0375,-0.0901,-20.1165,5.063,634.3655
1717.408,1.262,-0.20750000000000002,37.3255,5.063,634.3655
1717.408,0.813,-0.20750000000000002,8.6045,5.063,634.3655
1717.408,0.813,-0.20750000000000002,8.6045,5.063,634.3655
1717.408,0.813,-0.325,-20.1165,5.063,634.3655
1717.408,0.813,-0.20750000000000002,-20.1165,5.063,634.3655
1717.408,1.0375,-0.20750000000000002,8.6045,5.063,634.3655
1717.408,0.813,-0.20750000000000002,8.6045,5.063,634.3655
1717.408,0.813,-0.20750000000000002,8.6045,5.063,634.3655
1717.408,0.813,-0.20750000000000002,8.6045,5.063,634.3655
1717.408,0.813,-0.325,-20.1165,-24.6315,634.3655
1717.408,0.813,-0.20750000000000002,-20.1165,-24.6315,634.3655
1717.408,1.262,-0.0901,-20.1165,-24.6315,634.3655
1717.408,1.0375,-0.0901,37.3255,5.063,634.3655
1717.408,1.0375,-0.0901,-20.1165,5.063,634.3655
1717.408,1.0375,-0.0901,-20.1165,5.063,634.3655
1717.408,1.0375,-0.0901,8.6045,5.063,634.3655
1717.408,1.0375,0.3805,8.6045,-24.6315,634.3655
1717.408,1.4865,0.498,37.3255,5.063,634.3655
1717.408,1.0375,0.263,8.6045,64.45150000000001,-749.4069999999999
1717.408,0.813,0.14525,-48.8375,34.757,634.3655
1717.408,0.5885,0.027649999999999997,37.3255,-24.6315,634.3655
1717.408,0.813,0.027649999999999997,8.6045,5.063,634.3655
1717.408,1.0375,0.14525,-20.1165,5.063,634.3655
1717.408,1.0375,0.14525,8.6045,5.063,634.3655
1717.408,0.813,0.14525,8.6045,5.063,634.3655
1717.408,0.813,0.14525,8.6045,5.063,634.3655
1717.408,0.813,0.027649999999999997,8.6045,-24.6315,634.3655
1717.408,0.813,0.027649999999999997,8.6045,-24.6315,634.3655
1717.408,0.813,0.14525,8.6045,-24.6315,634.3655
1717.408,1.0375,0.14525,8.6045,-24.6315,634.3655
1717.408,1.0375,0.14525,-20.1165,-24.6315,634.3655
1717.408,1.0375,0.263,-20.1165,-24.6315,634.3655
1717.408,1.0375,0.263,8.6045,-24.6315,634.3655
1717.408,1.0375,0.14525,-20.1165,5.063,634.3655
1717.408,1.4865,0.263,37.3255,5.063,-749.4069999999999
1717.408,0.813,0.14525,8.6045,34.757,634.3655
1717.408,0.813,0.027649999999999997,-48.8375,34.757,634.3655
1717.408,0.5885,0.027649999999999997,-20.1165,5.063,634.3655
1717.408,0.813,0.14525,8.6045,5.063,634.3655
1717.408,1.0375,0.14525,8.6045,5.063,634.3655
1717.408,1.0375,0.027649999999999997,8.6045,-24.6315,634.3655
1717.408,0.813,0.027649999999999997,-20.1165,-24.6315,634.3655
1717.408,0.813,0.027649999999999997,8.6045,-24.6315,634.3655
1717.408,0.813,0.027649999999999997,8.6045,-24.6315,634.3655
1717.408,0.813,0.027649999999999997,8.6045,-24.6315,634.3655
1717.408,1.0375,0.14525,8.6045,-24.6315,634.3655
1717.408,1.0375,0.14525,-20.1165,-24.6315,634.3655
1717.408,1.0375,0.263,-48.8375,5.063,634.3655
1717.408,1.0375,0.3805,8.6045,5.063,634.3655
1717.408,0.813,0.263,8.6045,5.063,634.3655
1717.408,1.262,0.263,8.6045,-24.6315,634.3655
1717.408,1.262,0.263,37.3255,5.063,-749.4069999999999
1717.408,0.813,0.14525,-20.1165,64.45150000000001,634.3655
1717.408,0.813,0.027649999999999997,-20.1165,34.757,634.3655
1717.408,0.813,0.027649999999999997,-20.1165,5.063,634.3655
1717.408,0.813,0.027649999999999997,8.6045,5.063,634.3655
1717.408,1.0375,0.14525,8.6045,5.063,634.3655
1717.408,1.0375,0.14525,8.6045,5.063,634.3655
1717.408,1.0375,0.14525,8.6045,5.063,634.3655
1717.408,0.813,0.14525,-20.1165,-24.6315,634.3655
1717.408,0.813,0.14525,8.6045,5.063,634.3655
1717.408,0.813,0.027649999999999997,8.6045,-24.6315,634.3655
1717.408,0.813,0.027649999999999997,8.6045,-24.6315,634.3655
1717.408,0.813,0.14525,-20.1165,-24.6315,634.3655
1717.408,1.0375,0.263,-20.1165,-24.6315,634.3655
1717.408,1.0375,0.263,-20.1165,5.063,634.3655
1717.408,1.0375,0.3805,8.6045,5.063,634.3655
1717.408,0.813,0.3805,8.6045,-24.6315,634.3655
1717.408,1.262,0.263,66.0465,5.063,-749.4069999999999
1717.408,0.813,0.14525,8.6045,34.757,634.3655
1717.408,0.813,0.027649999999999997,-20.1165,34.757,634.3655
1717.408,0.813,0.027649999999999997,-20.1165,34.757,634.3655
1717.408,0.813,0.027649999999999997,8.6045,5.063,634.3655
1717.408,0.813,-0.0901,8.6045,5.063,634.3655
1717.408,1.0375,0.027649999999999997,8.6045,5.063,634.3655
1717.408,1.0375,0.14525,8.6045,5.063,634.3655
1717.408,1.0375,0.027649999999999997,8.6045,5.063,634.3655
1717.408,1.0375,0.027649999999999997,8.6045,5.063,634.3655
1717.408,0.813,0.027649999999999997,8.6045,5.063,634.3655
1717.408,0.813,0.027649999999999997,8.6045,5.063,634.3655
1717.408,0.813,0.027649999999999997,8.6045,5.063,634.3655
1717.408,0.813,0.027649999999999997,8.6045,-24.6315,634.3655
1717.408,0.813,0.027649999999999997,8.6045,-24.6315,634.3655
1717.408,1.0375,0.14525,-20.1165,-24.6315,634.3655
1717.408,1.0375,0.263,-20.1165,-24.6315,634.3655
1717.408,1.0375,0.3805,-20.1165,-24.6315,634.3655
1717.408,1.0375,0.3805,37.3255,-24.6315,634.3655
1717.408,0.813,0.263,8.6045,5.063,634.3655
1717.408,1.0375,0.14525,8.6045,-24.6315,634.3655
1717.408,1.4865,0.263,37.3255,5.063,-749.4069999999999
1717.408,0.813,0.027649999999999997,-20.1165,34.757,634.3655
1717.408,0.813,-0.0901,-20.1165,34.757,634.3655
1717.408,0.813,0.027649999999999997,-20.1165,5.063,634.3655
1717.408,0.813,0.027649999999999997,8.6045,5.063,634.3655
1717.408,0.813,-0.0901,8.6045,5.063,634.3655
1717.408,1.0375,0.027649999999999997,8.6045,5.063,634.3655
1717.408,1.0375,0.027649999999999997,8.6045,5.063,634.3655
1717.408,0.813,-0.0901,8.6045,-24.6315,634.3655
1717.408,0.813,-0.0901,8.6045,5.063,634.3655
1717.408,0.813,-0.0901,8.6045,-24.6315,634.3655
1717.408,0.813,-0.0901,8.6045,-54.326,634.3655
1717.408,1.0375,0.027649999999999997,-20.1165,-24.6315,634.3655
1717.408,1.0375,0.027649999999999997,8.6045,-24.6315,634.3655
1717.408,1.262,0.027649999999999997,-48.8375,5.063,634.3655
1717.408,1.0375,0.14525,-20.1165,-24.6315,634.3655
1717.408,0.813,0.14525,8.6045,-24.6315,634.3655
1717.408,1.0375,0.14525,8.6045,5.063,634.3655
1717.408,-0.7595000000000001,0.263,-20.1165,5.063,634.3655
1717.408,-0.984,0.14525,-48.8375,5.063,634.3655
1717.408,-0.984,0.027649999999999997,-20.1165,5.063,634.3655
1717.408,-0.984,-0.0901,8.6045,5.063,634.3655
1717.408,-1.2085,-0.0901,8.6045,5.063,634.3655
1717.408,-1.2085,-0.0901,8.6045,5.063,634.3655
1717.408,-1.4335,-0.0901,37.3255,-24.6315,634.3655
1717.408,-1.2085,0.14525,37.3255,-24.6315,634.3655
1717.408,-0.31,0.14525,8.6045,-24.6315,634.3655
1717.408,-0.5345,0.14525,-20.1165,5.063,634.3655
1717.408,-1.2085,0.14525,-48.8375,5.063,634.3655
1717.408,-0.984,0.027649999999999997,-20.1165,5.063,634.3655
1717.408,-1.2085,-0.0901,8.6045,5.063,634.3655
1717.408,,-0.0901,37.3255,-24.6315,634.3655
1717.408,-0.984,0.14525,37.3255,-24.6315,634.3655
1717.408,-0.08560000000000001,0.14525,-20.1165,5.063,634.3655
1717.408,-0.984,0.14525,-48.8375,5.063,634.3655
1717.408,-1.2085,0.027649999999999997,-20.1165,5.063,634.3655
1717.408,-1.2085,-0.0901,8.6045,5.063,634.3655
1717.408,-1.4335,-0.0901,8.6045,5.063,634.3655
1717.408,-1.2085,0.027649999999999997,66.0465,-24.6315,634.3655
1717.408,-0.7595000000000001,0.14525,8.6045,-24.6315,634.3655
1717.408,-0.31,0.14525,-20.1165,5.063,634.3655
1717.408,-1.2085,0.14525,-48.8375,5.063,634.3655
1717.408,-1.2085,0.027649999999999997,-20.1165,5.063,634.3655
1717.408,-1.2085,-0.0901,8.6045,5.063,634.3655
1717.408,-1.4335,-0.0901,37.3255,-24.6315,634.3655
1717.408,-1.2085,0.14525,37.3255,-24.6315,634.3655
1717.408,-0.31,0.14525,8.6045,-24.6315,634.3655
1717.408,-0.7595000000000001,0.14525,-20.1165,5.063,634.3655
1717.408,-1.2085,0.14525,-48.8375,5.063,634.3655
1717.408,-1.2085,0.027649999999999997,-20.1165,5.063,634.3655
1717.408,-1.2085,-0.0901,8.6045,5.063,634.3655
1717.408,-1.4335,-0.0901,37.3255,-24.6315,634.3655
1717.408,-1.2085,0.14525,37.3255,-24.6315,634.3655
1717.408,-0.5345,0.14525,8.6045,-24.6315,634.3655
1717.408,-0.5345,0.263,-20.1165,5.063,634.3655
1717.408,-1.2085,0.14525,-48.8375,5.063,634.3655
1717.408,-1.2085,-0.0901,-20.1165,5.063,634.3655
1717.408,-1.4335,-0.0901,8.6045,5.063,634.3655
1717.408,-1.4335,0.027649999999999997,37.3255,-24.6315,634.3655
1717.408,-0.984,0.14525,8.6045,-24.6315,634.3655
1717.408,-0.31,0.14525,8.6045,5.063,634.3655
1717.408,-0.984,0.263,-48.8375,34.757,634.3655
1717.408,-1.2085,0.14525,-20.1165,34.757,634.3655
1717.408,-1.2085,0.027649999999999997,8.6045,5.063,634.3655
1717.408,-1.4335,0.027649999999999997,8.6045,-24.6315,634.3655
1717.408,-1.4335,0.027649999999999997,37.3255,-24.6315,634.3655
1717.408,-0.7595000000000001,0.14525,8.6045,-24.6315,634.3655
1717.408,-0.08560000000000001,0.14525,8.6045,5.063,634.3655
1717.408,-0.984,0.263,-20.1165,5.063,634.3655
1717.408,-1.2085,0.027649999999999997,-20.1165,5.063,634.3655
1717.408,-1.2085,-0.0901,8.6045,5.063,634.3655
1717.408,-1.4335,-0.0901,37.3255,5.063,634.3655
1717.408,-1.4335,0.027649999999999997,37.3255,-54.326,634.3655
1717.408,-0.5345,0.263,8.6045,-24.6315,634.3655
1717.408,-0.31,0.14525,-20.1165,5.063,634.3655
1717.408,-1.2085,0.263,-48.8375,5.063,634.3655
1717.408,-1.2085,0.027649999999999997,-20.1165,5.063,634.3655
1717.408,-1.2085,-0.0901,8.6045,5.063,634.3655
1717.408,-1.4335,0.027649999999999997,37.3255,-24.6315,634.3655
1717.408,-1.2085,0.14525,37.3255,-24.6315,634.3655
1717.408,-0.31,0.14525,8.6045,5.063,634.3655
1717.408,-0.7595000000000001,0.263,-20.1165,34.757,634.3655
1717.408,-1.2085,0.14525,-48.8375,5.063,634.3655
1717.408,-1.2085,-0.0901,-20.1165,5.063,634.3655
1717.408,-1.4335,-0.0901,37.3255,5.063,634.3655
1717.408,-1.4335,0.027649999999999997,66.0465,-24.6315,634.3655
1717.408,-0.984,0.263,37.3255,-24.6315,634.3655
1717.408,-0.08560000000000001,0.14525,8.6045,5.063,634.3655
1717.408,-0.7595000000000001,0.263,-48.8375,5.063,634.3655
1717.408,-1.2085,0.027649999999999997,-48.8375,5.063,634.3655
1717.408,-0.984,-0.0901,-20.1165,-24.6315,634.3655
1717.408,-0.984,0.027649999999999997,-20.1165,5.063,634.3655
1717.408,-1.2085,-0.0901,8.6045,5.063,634.3655
1717.408,-1.2085,-0.0901,-20.1165,5.063,634.3655
1717.408,-0.984,-0.0901,-20.1165,5.063,634.3655
1717.408,-0.984,-0.0901,8.6045,5.063,634.3655
1717.408,-0.984,-0.0901,-20.1165,5.063,634.3655
1717.408,-0.984,-0.0901,8.6045,5.063,634.3655
1717.408,-1.2085,-0.0901,8.6045,5.063,634.3655
1717.408,-1.2085,-0.0901,37.3255,5.063,634.3655
1717.408,-1.2085,0.027649999999999997,8.6045,5.063,634.3655
1717.408,-0.7595000000000001,0.14525,8.6045,5.063,634.3655
1717.408,-0.31,0.14525,-20.1165,5.063,634.3655
1717.408,-0.984,0.14525,-20.1165,5.063,634.3655
1717.408,-1.2085,0.027649999999999997,-20.1165,5.063,634.3655
1717.408,-1.2085,-0.0901,8.6045,5.063,634.3655
1717.408,-1.4335,-0.0901,8.6045,5.063,634.3655
1717.408,-1.2085,0.027649999999999997,37.3255,5.063,634.3655
1717.408,-0.984,0.14525,8.6045,-24.6315,634.3655
1717.408,-0.5345,0.14525,-20.1165,5.063,634.3655
1717.408,-0.984,0.14525,-20.1165,5.063,634.3655
1717.408,-1.2085,0.027649999999999997,-20.1165,5.063,634.3655
1717.408,-1.2085,-0.0901,-20.1165,5.063,634.3655
1717.408,-1.4335,-0.0901,8.6045,5.063,634.3655
1717.408,-1.2085,0.027649999999999997,37.3255,5.063,634.3655
1717.408,-0.984,0.14525,37.3255,5.063,634.3655
1717.408,-0.5345,0.14525,8.6045,5.063,634.3655
1717.408,-0.7595000000000001,0.14525,-20.1165,5.063,634.3655
1717.408,-1.2085,0.027649999999999997,-20.1165,5.063,634.3655
1717.408,-1.2085,-0.0901,-20.1165,5.063,634.3655
1717.408,-1.2085,-0.0901,8.6045,5.063,634.3655
1717.408,-0.984,-0.0901,8.6045,5.063,634.3655
1717.408,-0.984,-0.0901,8.6045,5.063,634.3655
1717.408,-1.2085,-0.0901,8.6045,5.063,634.3655
1717.408,-1.2085,0.027649999999999997,37.3255,-24.6315,634.3655
1717.408,-0.984,0.14525,37.3255,5.063,634.3655
1717.408,-0.5345,0.263,8.6045,5.063,634.3655
1717.408,-0.7595000000000001,0.14525,-20.1165,5.063,634.3655
1717.408,-1.2085,0.027649999999999997,-20.1165,5.063,634.3655
1717.408,-1.2085,-0.0901,-20.1165,5.063,634.3655
1717.408,-1.2085,-0.0901,8.6045,5.063,634.3655
1717.408,-1.2085,0.027649999999999997,37.3255,-24.6315,634.3655
1717.408,-0.984,0.14525,37.3255,5.063,634.3655
1717.408,-0.5345,0.263,8.6045,5.063,634.3655
1717.408,-0.7595000000000001,0.263,-48.8375,5.063,634.3655
1717.408,-1.2085,0.14525,-48.8375,5.063,634.3655
1717.408,-1.2085,-0.0901,-20.1165,5.063,634.3655
1717.408,-1.2085,-0.0901,8.6045,5.063,634.3655
1717.408,-0.984,-0.0901,8.6045,5.063,634.3655
1717.408,-0.984,-0.0901,8.6045,5.063,634.3655
1717.408,-0.984,0.027649999999999997,-48.8375,5.063,634.3655
1717.408,-0.984,0.027649999999999997,-20.1165,5.063,634.3655
1717.408,-0.984,-0.0901,8.6045,5.063,634.3655
1717.408,-0.984,-0.0901,8.6045,5.063,634.3655
1717.408,-1.2085,-0.0901,8.6045,5.063,634.3655
1717.408,-1.4335,-0.0901,37.3255,-24.6315,634.3655
1717.408,-1.2085,0.027649999999999997,37.3255,-54.326,634.3655
1717.408,-0.5345,0.14525,8.6045,-24.6315,634.3655
1717.408,-0.31,0.14525,-20.1165,5.063,634.3655
1717.408,-1.2085,0.14525,-20.1165,5.063,634.3655
1717.408,-1.2085,0.027649999999999997,-20.1165,5.063,634.3655
1717.408,-1.2085,0.027649999999999997,8.6045,5.063,634.3655
1717.408,-1.4335,-0.0901,37.3255,5.063,634.3655
1717.408,-1.2085,0.14525,37.3255,-24.6315,634.3655
1717.408,-0.5345,0.14525,8.6045,-24.6315,634.3655
1717.408,-0.5345,0.14525,-20.1165,5.063,634.3655
1717.408,-1.2085,0.14525,-48.8375,5.063,634.3655
1717.408,-1.2085,0.027649999999999997,-20.1165,5.063,634.3655
1717.408,-1.2085,0.027649999999999997,8.6045,5.063,634.3655
1717.408,-1.4335,-0.0901,37.3255,5.063,634.3655
1717.408,-1.2085,0.027649999999999997,37.3255,-24.6315,634.3655
1717.408,-0.7595000000000001,0.263,37.3255,-24.6315,634.3655
1717.408,-0.31,0.14525,8.6045,5.063,634.3655
1717.408,-0.984,0.263,-48.8375,5.063,634.3655
1717.408,-1.2085,0.14525,-48.8375,5.063,634.3655
1717.408,-1.2085,0.027649999999999997,-20.1165,5.063,634.3655
1717.408,-1.2085,-0.0901,8.6045,5.063,634.3655
1717.408,-1.4335,-0.0901,37.3255,-24.6315,634.3655
1717.408,-1.2085,0.14525,37.3255,-24.6315,634.3655
1717.408,-0.7595000000000001,0.263,37.3255,5.063,634.3655
1717.408,-0.31,0.14525,8.6045,5.063,634.3655
1717.408,-0.984,0.263,-48.8375,5.063,634.3655
1717.408,-1.2085,0.14525,-48.8375,5.063,634.3655
1717.408,-1.2085,0.027649999999999997,-20.1165,5.063,634.3655
1717.408,-1.2085,-0.0901,8.6045,5.063,634.3655
1717.408,-1.4335,-0.0901,37.3255,5.063,634.3655
1717.408,-1.2085,0.027649999999999997,37.3255,-24.6315,634.3655
1717.408,-0.7595000000000001,0.263,37.3255,-24.6315,634.3655
1717.408,-0.31,0.14525,8.6045,5.063,634.3655
1717.408,-0.984,0.263,-48.8375,5.063,634.3655
1717.408,-1.2085,0.14525,-48.8375,5.063,634.3655
1717.408,-1.2085,0.027649999999999997,-20.1165,5.063,634.3655
1717.408,-1.2085,0.027649999999999997,8.6045,5.063,634.3655
1717.408,-0.984,0.027649999999999997,8.6045,5.063,634.3655
1717.408,-0.984,0.027649999999999997,8.6045,5.063,634.3655
1717.408,-1.2085,-0.0901,8.6045,5.063,634.3655
1717.408,-1.2085,-0.0901,8.6045,5.063,634.3655
1717.408,-1.4335,0.027649999999999997,8.6045,5.063,634.3655
1717.408,-0.984,0.14525,37.3255,5.063,634.3655
1717.408,-0.5345,0.263,8.6045,5.063,634.3655
1717.408,-0.7595000000000001,0.14525,-20.1165,5.063,634.3655
1717.408,-0.984,0.14525,-20.1165,5.063,634.3655
1717.408,-1.2085,0.027649999999999997,-20.1165,5.063,634.3655
1717.408,-1.2085,-0.0901,8.6045,5.063,634.3655
1717.408,-1.2085,0.027649999999999997,37.3255,5.063,634.3655
1717.408,-0.984,0.14525,37.3255,-24.6315,634.3655
1717.408,-0.5345,0.263,8.6045,5.063,634.3655
1717.408,-0.5345,0.263,-20.1165,5.063,634.3655
1717.408,-0.984,0.14525,-20.1165,5.063,634.3655
1717.408,-1.2085,0.027649999999999997,-20.1165,5.063,634.3655
1717.408,-1.4335,0.027649999999999997,8.6045,5.063,634.3655
1717.408,-1.4335,0.027649999999999997,37.3255,5.063,634.3655
1717.408,-0.984,0.14525,37.3255,-24.6315,634.3655
1717.408,-0.5345,0.263,8.6045,5.063,634.3655
1717.408,-0.5345,0.263,-20.1165,5.063,634.3655
1717.408,-0.984,0.263,-20.1165,5.063,634.3655
1717.408,-1.2085,0.14525,-20.1165,5.063,634.3655
1717.408,-1.2085,0.027649999999999997,8.6045,5.063,634.3655
1717.408,-1.2085,0.027649999999999997,8.6045,5.063,634.3655
1717.408,-1.2085,0.14525,37.3255,-24.6315,634.3655
1717.408,-0.7595000000000001,0.263,37.3255,5.063,634.3655
1717.408,-0.5345,0.263,-20.1165,5.063,634.3655
1717.408,-0.984,0.263,-20.1165,5.063,634.3655
1717.408,-1.2085,0.14525,-20.1165,5.063,634.3655
1717.408,-1.2085,0.027649999999999997,-20.1165,5.063,634.3655
1717.408,-0.984,0.027649999999999997,-20.1165,5.063,634.3655
1717.408,-1.2085,-0.0901,8.6045,5.063,634.3655
1717.408,-1.2085,0.027649999999999997,37.3255,-24.6315,634.3655
1717.408,-0.984,0.14525,37.3255,-24.6315,634.3655
1717.408,-0.7595000000000001,0.263,8.6045,5.063,634.3655
1717.408,-0.5345,0.263,-20.1165,5.063,634.3655
1717.408,-0.984,0.263,-20.1165,5.063,634.3655
1717.408,-1.2085,0.14525,-20.1165,5.063,634.3655
1717.408,-1.2085,0.027649999999999997,-20.1165,5.063,634.3655
1717.408,-0.984,0.027649999999999997,8.6045,5.063,634.3655
1717.408,-0.984,0.027649999999999997,8.6045,5.063,634.3655
1717.408,-0.7595000000000001,0.14525,-48.8375,5.063,634.3655
1717.408,-0.984,0.027649999999999997,-48.8375,5.063,634.3655
1717.408,-0.984,0.027649999999999997,-20.1165,-24.6315,634.3655
1717.408,-0.984,-0.0901,8.6045,5.063,634.3655
1717.408,-0.984,-0.0901,8.6045,5.063,634.3655
1717.408,-1.2085,-0.0901,8.6045,5.063,634.3655
1717.408,-1.4335,-0.20750000000000002,37.3255,-24.6315,634.3655
1717.408,-1.2085,0.027649999999999997,37.3255,-24.6315,634.3655
1717.408,-0.5345,0.14525,37.3255,-24.6315,634.3655
1717.408,-0.5345,0.14525,-20.1165,34.757,634.3655
1717.408,-1.2085,0.14525,-48.8375,5.063,634.3655
1717.408,-1.2085,0.027649999999999997,-20.1165,5.063,634.3655
1717.408,-0.984,-0.0901,8.6045,5.063,634.3655
1717.408,-1.2085,-0.0901,8.6045,5.063,634.3655
1717.408,-1.4335,-0.0901,37.3255,-24.6315,634.3655
1717.408,-0.984,0.14525,66.0465,-54.326,634.3655
1717.408,-0.08560000000000001,0.263,8.6045,34.757,634.3655
1717.408,-0.7595000000000001,0.14525,-48.8375,5.063,634.3655
1717.408,-1.2085,0.027649999999999997,-48.8375,5.063,634.3655
1717.408,-1.2085,-0.0901,-20.1165,5.063,634.3655
1717.408,-1.2085,-0.0901,8.6045,5.063,634.3655
1717.408,-1.4335,-0.0901,37.3255,-24.6315,634.3655
1717.408,-1.2085,0.14525,37.3255,-24.6315,634.3655
1717.408,-0.31,0.14525,37.3255,5.063,634.3655
1717.408,-0.5345,0.263,-48.8375,34.757,634.3655
1717.408,-1.2085,0.14525,-77.5585,5.063,634.3655
1717.408,-1.2085,-0.0901,-20.1165,5.063,634.3655
1717.408,-0.984,-0.0901,8.6045,5.063,634.3655
1717.408,-1.2085,-0.0901,8.6045,5.063,634.3655
1717.408,-1.4335,-0.0901,37.3255,-24.6315,634.3655
1717.408,-0.984,0.263,37.3255,-24.6315,634.3655
1717.408,-0.31,0.14525,8.6045,5.063,634.3655
1717.408,-0.7595000000000001,0.263,-48.8375,34.757,634.3655
1717.408,-1.2085,0.14525,-48.8375,5.063,634.3655
1717.408,-1.2085,-0.0901,-20.1165,5.063,634.3655
1717.408,-0.984,-0.0901,8.6045,5.063,634.3655
1717.408,-1.4335,-0.0901,8.6045,5.063,634.3655
1717.408,-1.4335,-0.0901,37.3255,-24.6315,634.3655
1717.408,-0.984,0.14525,66.0465,-24.6315,634.3655
1717.408,-0.31,0.14525,37.3255,34.757,634.3655
1717.408,-0.5345,0.263,-20.1165,5.063,634.3655
1717.408,-0.984,0.263,-77.5585,5.063,634.3655
1717.408,-1.2085,0.027649999999999997,-20.1165,5.063,634.3655
1717.408,-1.2085,-0.0901,8.6045,5.063,634.3655
1717.408,-0.984,-0.0901,8.6045,5.063,634.3655
1717.408,-0.984,-0.0901,8.6045,5.063,634.3655
1717.408,-0.984,-0.0901,8.6045,5.063,634.3655
1717.408,0.813,-0.325,8.6045,5.063,634.3655
1717.408,0.813,-0.325,37.3255,-24.6315,634.3655
1717.408,0.813,-0.443,8.6045,5.063,634.3655
1717.408,0.813,-0.443,8.6045,-24.6315,634.3655
1717.408,1.262,-0.5605,8.6045,5.063,634.3655
1717.408,1.0375,-0.443,-20.1165,5.063,634.3655
1717.408,0.813,-0.325,8.6045,5.063,634.3655
1717.408,0.813,-0.443,8.6045,5.063,634.3655
1717.408,0.813,-0.325,-20.1165,5.063,634.3655
1717.408,0.5885,-0.325,8.6045,5.063,634.3655
1717.408,1.0375,-0.325,8.6045,5.063,634.3655
1717.408,0.813,-0.325,8.6045,5.063,634.3655
1717.408,0.813,-0.443,8.6045,5.063,634.3655
1717.408,0.813,-0.443,8.6045,5.063,634.3655
1717.408,0.813,-0.443,8.6045,-24.6315,634.3655
1717.408,1.262,-0.5605,-20.1165,5.063,634.3655
1717.408,0.813,-0.325,-20.1165,5.063,634.3655
1717.408,0.813,-0.443,8.6045,5.063,634.3655
1717.408,0.813,-0.443,8.6045,5.063,634.3655
1717.408,0.813,-0.443,-20.1165,5.063,634.3655
1717.408,0.5885,-0.325,8.6045,5.063,634.3655
1717.408,0.813,-0.325,8.6045,5.063,634.3655
1717.408,0.5885,-0.325,37.3255,5.063,634.3655
1717.408,0.813,-0.443,8.6045,5.063,634.3655
1717.408,0.813,-0.443,8.6045,-24.6315,634.3655
1717.408,1.262,,-20.1165,5.063,634.3655
1717.408,0.813,-0.443,-20.1165,5.063,634.3655
1717.408,0.813,-0.443,8.6045,5.063,634.3655
1717.408,0.813,-0.443,8.6045,5.063,634.3655
1717.408,0.813,-0.325,-20.1165,5.063,634.3655
1717.408,1.0375,-0.325,-20.1165,5.063,634.3655
1717.408,0.813,-0.325,8.6045,5.063,634.3655
1717.408,1.0375,-0.325,8.6045,5.063,634.3655
1717.408,0.813,-0.325,37.3255,5.063,634.3655
1717.408,0.813,-0.443,37.3255,5.063,634.3655
1717.408,0.813,-0.443,8.6045,-24.6315,634.3655
1717.408,1.262,-0.5605,-20.1165,5.063,634.3655
1717.408,1.0375,-0.443,-20.1165,5.063,634.3655
1717.408,0.813,-0.325,8.6045,5.063,634.3655
1717.408,0.813,-0.325,8.6045,5.063,634.3655
1717.408,0.813,-0.443,8.6045,5.063,634.3655
1717.408,0.813,-0.325,-20.1165,5.063,634.3655
1717.408,0.813,-0.325,-20.1165,5.063,634.3655
1717.408,0.813,-0.325,8.6045,5.063,634.3655
1717.408,1.0375,-0.325,8.6045,5.063,634.3655
1717.408,0.813,-0.325,37.3255,-24.6315,634.3655
1717.408,0.813,-0.443,37.3255,5.063,634.3655
1717.408,0.813,-0.443,8.6045,5.063,634.3655
1717.408,1.0375,-0.5605,-20.1165,5.063,634.3655
1717.408,1.262,-0.5605,-20.1165,5.063,634.3655
1717.408,0.813,-0.325,-20.1165,5.063,634.3655
1717.408,0.813,-0.443,-20.1165,5.063,634.3655
1717.408,0.813,-0.443,8.6045,5.063,634.3655
1717.408,0.813,-0.443,8.6045,5.063,634.3655
1717.408,0.813,-0.443,8.6045,5.063,634.3655
1717.408,0.813,-0.443,-20.1165,5.063,634.3655
1717.408,0.813,-0.325,-20.1165,5.063,634.3655
1717.408,0.813,-0.325,8.6045,5.063,634.3655
1717.408,0.813,-0.325,8.6045,5.063,634.3655
1717.408,0.813,-0.325,8.6045,5.063,634.3655
1717.408,0.813,-0.325,8.6045,5.063,634.3655
1717.408,1.0375,-0.325,-20.1165,5.063,634.3655
1717.408,0.813,-0.443,8.6045,-24.6315,634.3655
1717.408,0.813,-0.443,8.6045,-24.6315,634.3655
1717.408,1.0375,-0.5605,8.6045,5.063,634.3655
1717.408,1.0375,-0.5605,-20.1165,5.063,634.3655
1717.408,0.813,-0.443,-20.1165,5.063,634.3655
1717.408,0.813,-0.443,-20.1165,5.063,634.3655
1717.408,0.813,-0.443,-20.1165,5.063,634.3655
1717.408,0.5885,-0.325,8.6045,-24.6315,634.3655
1717.408,0.813,-0.325,8.6045,5.063,634.3655
1717.408,0.5885,-0.325,8.6045,5.063,634.3655
1717.408,0.813,-0.443,8.6045,5.063,634.3655
1717.408,1.0375,-0.443,8.6045,5.063,634.3655
1717.408,1.262,-0.443,-20.1165,5.063,634.3655
1717.408,0.813,-0.443,8.6045,5.063,634.3655
1717.408,0.813,-0.443,8.6045,5.063,634.3655
1717.408,0.813,-0.443,-20.1165,5.063,634.3655
1717.408,0.813,-0.325,8.6045,5.063,634.3655
1717.408,0.813,-0.325,8.6045,5.063,634.3655
1717.408,0.5885,-0.443,37.3255,5.063,634.3655
1717.408,0.813,-0.443,8.6045,5.063,634.3655
1717.408,1.0375,-0.443,-20.1165,5.063,634.3655
1717.408,1.4865,-0.5605,8.6045,5.063,634.3655
1717.408,0.813,-0.325,8.6045,5.063,634.3655
1717.408,0.813,-0.325,8.6045,5.063,634.3655
1717.408,0.813,-0.443,-20.1165,5.063,634.3655
1717.408,0.813,-0.443,-20.1165,5.063,634.3655
1717.408,0.813,-0.325,-20.1165,5.063,634.3655
1717.408,0.813,-0.325,8.6045,5.063,634.3655
1717.408,0.813,-0.325,8.6045,5.063,634.3655
1717.408,0.813,-0.325,8.6045,5.063,634.3655
1717.408,0.813,-0.325,8.6045,5.063,634.3655
1717.408,0.813,-0.443,37.3255,5.063,634.3655
1717.408,0.813,-0.443,8.6045,5.063,634.3655
1717.408,1.0375,-0.443,8.6045,5.063,634.3655
1717.408,1.262,-0.5605,-20.1165,5.063,634.3655
1717.408,0.813,-0.443,-20.1165,5.063,634.3655
1717.408,0.813,-0.443,8.6045,5.063,634.3655
1717.408,0.813,-0.325,8.6045,5.063,634.3655
1717.408,0.813,-0.325,8.6045,5.063,634.3655
1717.408,0.813,-0.325,8.6045,5.063,634.3655
1717.408,0.813,-0.325,-20.1165,5.063,634.3655
1717.408,0.813,-0.20750000000000002,8.6045,5.063,634.3655
1717.408,0.813,-0.325,8.6045,5.063,634.3655
1717.408,0.813,-0.325,8.6045,5.063,634.3655
1717.408,0.813,-0.325,8.6045,5.063,634.3655
1717.408,0.813,-0.325,8.6045,5.063,634.3655
1717.408,0.813,-0.325,8.6045,5.063,634.3655
1717.408,0.813,-0.325,37.3255,5.063,634.3655
1717.408,0.813,-0.443,8.6045,5.063,634.3655
1717.408,0.813,-0.443,8.6045,-24.6315,634.3655
1717.408,1.262,-0.443,-20.1165,5.063,634.3655
1717.408,0.813,-0.325,-20.1165,5.063,634.3655
1717.408,0.813,-0.325,8.6045,5.063,634.3655
1717.408,0.813,-0.325,8.6045,5.063,634.3655
1717.408,0.813,-0.325,8.6045,5.063,634.3655
1717.408,0.813,-0.325,8.6045,5.063,634.3655
1717.408,0.813,-0.325,8.6045,5.063,634.3655
1717.408,1.0375,-0.325,-20.1165,5.063,634.3655
1717.408,0.813,-0.325,8.6045,5.063,634.3655
1717.408,1.0375,-0.325,8.6045,5.063,634.3655
1717.408,0.813,-0.325,8.6045,5.063,634.3655
1717.408,0.813,-0.325,8.6045,5.063,634.3655
1717.408,0.813,-0.0901,-20.1165,5.063,634.3655
1717.408,0.813,-0.0901,8.6045,5.063,634.3655
1717.408,0.813,-0.0901,8.6045,5.063,634.3655
1717.408,0.813,-0.0901,8.6045,5.063,634.3655
1717.408,0.813,-0.20750000000000002,8.6045,5.063,634.3655
1717.408,0.813,-0.20750000000000002,8.6045,5.063,634.3655
1717.408,0.813,-0.20750000000000002,8.6045,5.063,634.3655
1717.408,1.0375,-0.20750000000000002,-20.1165,-24.6315,634.3655
1717.408,1.0375,-0.0901,-20.1165,5.063,634.3655
1717.408,1.0375,-0.0901,8.6045,5.063,634.3655
1717.408,1.262,-0.0901,8.6045,5.063,634.3655
1717.408,1.0375,-0.20750000000000002,37.3255,5.063,-749.4069999999999
1717.408,0.813,-0.20750000000000002,-20.1165,5.063,634.3655
1717.408,0.813,-0.0901,-20.1165,5.063,634.3655
1717.408,0.813,-0.0901,-20.1165,5.063,634.3655
1717.408,0.813,-0.0901,-20.1165,5.063,634.3655
1717.408,0.813,-0.0901,8.6045,-24.6315,634.3655
1717.408,1.0375,-0.0901,37.3255,5.063,634.3655
1717.408,0.813,-0.0901,37.3255,5.063,634.3655
1717.408,0.813,-0.20750000000000002,8.6045,5.063,634.3655
1717.408,0.813,-0.20750000000000002,-20.1165,-24.6315,634.3655
1717.408,1.0375,-0.20750000000000002,-20.1165,-24.6315,634.3655
1717.408,1.262,-0.20750000000000002,8.6045,5.063,634.3655
1717.408,1.0375,-0.0901,-20.1165,5.063,634.3655
1717.408,1.262,-0.0901,8.6045,5.063,634.3655
1717.408,1.0375,-0.0901,8.6045,5.063,-749.4069999999999
1717.408,0.813,-0.20750000000000002,8.6045,5.063,634.3655
1717.408,0.813,-0.20750000000000002,-20.1165,5.063,634.3655
1717.408,0.813,-0.0901,-20.1165,5.063,634.3655
1717.408,0.813,-0.0901,8.6045,5.063,634.3655
1717.408,0.813,-0.0901,8.6045,5.063,634.3655
1717.408,0.813,-0.0901,8.6045,5.063,634.3655
1717.408,0.813,-0.20750000000000002,37.3255,5.063,634.3655
1717.408,0.813,-0.20750000000000002,8.6045,5.063,634.3655
1717.408,1.0375,-0.20750000000000002,-20.1165,-24.6315,634.3655
1717.408,1.0375,-0.20750000000000002,-20.1165,-24.6315,634.3655
1717.408,1.262,-0.20750000000000002,-20.1165,5.063,634.3655
1717.408,1.0375,-0.0901,8.6045,5.063,634.3655
1717.408,1.262,-0.0901,-20.1165,5.063,634.3655
1717.408,1.262,-0.0901,37.3255,5.063,-749.4069999999999
1717.408,0.813,-0.20750000000000002,8.6045,5.063,634.3655
1717.408,0.813,-0.20750000000000002,-48.8375,5.063,634.3655
1717.408,0.813,-0.0901,-20.1165,5.063,634.3655
1717.408,0.813,-0.0901,8.6045,5.063,634.3655
1717.408,0.813,-0.0901,8.6045,5.063,634.3655
1717.408,1.0375,-0.0901,8.6045,5.063,634.3655
1717.408,0.813,-0.20750000000000002,37.3255,5.063,634.3655
1717.408,0.813,-0.20750000000000002,8.6045,5.063,634.3655
1717.408,0.813,-0.20750000000000002,-20.1165,-24.6315,634.3655
1717.408,1.0375,-0.0901,-20.1165,-24.6315,634.3655
1717.408,1.262,-0.0901,8.6045,5.063,634.3655
1717.408,1.0375,-0.0901,8.6045,5.063,634.3655
1717.408,1.0375,-0.0901,-20.1165,5.063,634.3655
1717.408,1.4865,-0.20750000000000002,8.6045,5.063,-749.4069999999999
1717.408,0.813,-0.0901,8.6045,5.063,634.3655
1717.408,0.813,-0.0901,8.6045,5.063,634.3655
1717.408,0.813,-0.20750000000000002,8.6045,5.063,634.3655
1717.408,0.813,-0.20750000000000002,-20.1165,5.063,634.3655
1717.408,0.813,-0.20750000000000002,-20.1165,5.063,634.3655
1717.408,0.813,-0.0901,8.6045,5.063,634.3655
1717.408,0.813,-0.0901,8.6045,-24.6315,634.3655
1717.408,0.813,-0.20750000000000002,37.3255,5.063,634.3655
1717.408,0.813,-0.20750000000000002,8.6045,-24.6315,634.3655
1717.408,0.813,-0.20750000000000002,8.6045,5.063,634.3655
1717.408,1.0375,-0.20750000000000002,-20.1165,-24.6315,634.3655
1717.408,1.262,-0.20750000000000002,-20.1165,5.063,634.3655
1717.408,1.0375,-0.0901,8.6045,5.063,634.3655
1717.408,1.0375,-0.0901,8.6045,5.063,634.3655
1717.408,1.0375,-0.0901,-20.1165,5.063,634.3655
1717.408,0.813,-0.0901,8.6045,5.063,634.3655
1717.408,0.813,-0.0901,-20.1165,5.063,634.3655
1717.408,0.813,-0.0901,8.6045,5.063,634.3655
1717.408,0.813,-0.0901,8.6045,-24.6315,634.3655
1717.408,0.813,-0.0901,8.6045,5.063,634.3655
1717.408,0.813,-0.0901,37.3255,-24.6315,634.3655
1717.408,0.813,-0.20750000000000002,8.6045,5.063,634.3655
1717.408,0.813,-0.0901,-20.1165,-24.6315,634.3655
1717.408,1.0375,-0.0901,8.6045,-24.6315,634.3655
1717.408,1.0375,-0.0901,-20.1165,5.063,634.3655
1717.408,1.0375,0.027649999999999997,-20.1165,5.063,634.3655
1717.408,1.262,0.14525,8.6045,5.063,634.3655
1717.408,1.0375,0.027649999999999997,37.3255,34.757,634.3655
1717.408,0.813,-0.0901,8.6045,5.063,634.3655
1717.408,0.813,-0.0901,-20.1165,5.063,634.3655
1717.408,0.813,0.027649999999999997,8.6045,5.063,634.3655
1717.408,0.813,0.027649999999999997,8.6045,5.063,634.3655
1717.408,0.813,0.027649999999999997,8.6045,5.063,634.3655
1717.408,0.813,-0.0901,8.6045,5.063,634.3655
1717.408,0.813,-0.0901,37.3255,5.063,634.3655
1717.408,0.813,-0.20750000000000002,8.6045,5.063,634.3655
1717.408,0.813,-0.20750000000000002,8.6045,5.063,634.3655
1717.408,0.813,-0.20750000000000002,-20.1165,-24.6315,634.3655
1717.408,1.0375,-0.0901,-20.1165,-24.6315,634.3655
1717.408,1.262,-0.0901,8.6045,5.063,634.3655
1717.408,1.0375,-0.0901,-20.1165,5.063,634.3655
1717.408,1.4865,-0.0901,8.6045,5.063,634.3655
1717.408,1.0375,-0.20750000000000002,37.3255,5.063,634.3655
1717.408,0.813,-0.20750000000000002,-20.1165,5.063,634.3655
1717.408,0.813,-0.0901,-20.1165,5.063,634.3655
1717.408,0.813,-0.0901,-20.1165,5.063,634.3655
1717.408,0.813,-0.0901,8.6045,5.063,634.3655
1717.408,1.0375,-0.0901,8.6045,5.063,634.3655
1717.408,0.813,-0.0901,8.6045,5.063,634.3655
1717.408,0.813,-0.20750000000000002,37.3255,5.063,634.3655
1717.408,0.813,-0.20750000000000002,8.6045,5.063,634.3655
1717.408,0.813,-0.20750000000000002,8.6045,5.063,634.3655
1717.408,1.0375,-0.20750000000000002,-20.1165,-24.6315,634.3655
1717.408,1.262,-0.0901,-20.1165,5.063,634.3655
1717.408,1.0375,0.027649999999999997,8.6045,5.063,634.3655
1717.408,1.0375,0.027649999999999997,8.6045,5.063,634.3655
1717.408,1.262,-0.0901,37.3255,5.063,-749.4069999999999
1717.408,0.813,-0.0901,8.6045,5.063,634.3655
1717.408,0.813,-0.0901,-20.1165,5.063,634.3655
1717.408,0.813,-0.0901,8.6045,5.063,634.3655
1717.408,0.813,-0.0901,-20.1165,5.063,634.3655
1717.408,0.813,0.027649999999999997,-20.1165,5.063,634.3655
1717.408,0.813,-0.0901,8.6045,-24.6315,634.3655
1717.408,1.0375,-0.0901,8.6045,-24.6315,634.3655
1717.408,0.813,-0.20750000000000002,37.3255,-24.6315,634.3655
1717.408,0.813,-0.20750000000000002,8.6045,5.063,634.3655
1717.408,0.813,-0.20750000000000002,-20.1165,5.063,634.3655
1717.408,0.813,-0.20750000000000002,-20.1165,-24.6315,634.3655
1717.408,1.0375,-0.0901,-20.1165,-24.6315,634.3655
1717.408,1.0375,-0.0901,8.6045,5.063,634.3655
1717.408,1.0375,-0.0901,-20.1165,5.063,634.3655
1717.408,1.0375,-0.0901,8.6045,5.063,634.3655
1717.408,1.262,-0.0901,8.6045,5.063,634.3655
1717.408,0.813,-0.0901,8.6045,5.063,634.3655
1717.408,0.813,-0.20750000000000002,-20.1165,5.063,634.3655
1717.408,0.813,-0.20750000000000002,8.6045,5.063,634.3655
1717.408,0.813,-0.20750000000000002,-20.1165,5.063,634.3655
1717.408,0.813,-0.0901,-20.1165,5.063,634.3655
1717.408,0.813,-0.0901,-20.1165,5.063,634.3655
1717.408,0.813,-0.0901,8.6045,5.063,634.3655
1717.408,0.813,-0.0901,8.6045,5.063,634.3655
1717.408,0.813,-0.0901,8.6045,5.063,634.3655
1717.408,0.813,-0.20750000000000002,8.6045,5.063,634.3655
1717.408,0.813,-0.20750000000000002,-20.1165,-24.6315,634.3655
1717.408,0.813,-0.0901,-20.1165,-24.6315,634.3655
1717.408,1.0375,-0.0901,8.6045,5.063,634.3655
1717.408,1.0375,-0.0901,8.6045,5.063,634.3655
1717.408,1.0375,-0.0901,8.6045,5.063,634.3655
1717.408,1.0375,-0.0901,8.6045,5.063,634.3655
1717.408,1.0375,-0.0901,8.6045,5.063,634.3655
1717.408,1.4865,-0.325,8.6045,5.063,634.3655
1717.408,1.0375,-0.20750000000000002,8.6045,5.063,634.3655
1717.408,0.813,-0.20750000000000002,8.6045,5.063,634.3655
1717.408,0.813,-0.20750000000000002,-20.1165,5.063,634.3655
1717.408,0.813,-0.20750000000000002,-20.1165,5.063,634.3655
1717.408,0.813,-0.0901,8.6045,5.063,634.3655
1717.408,0.813,-0.0901,8.6045,-24.6315,634.3655
1717.408,0.813,-0.20750000000000002,8.6045,5.063,634.3655
1717.408,0.813,-0.20750000000000002,8.6045,5.063,634.3655
1717.408,0.813,-0.20750000000000002,-20.1165,5.063,634.3655
1717.408,0.813,-0.0901,-20.1165,-24.6315,634.3655
1717.408,1.0375,-0.0901,8.6045,-24.6315,634.3655
1717.408,1.0375,-0.0901,8.6045,5.063,634.3655
1717.408,1.0375,-0.0901,8.6045,5.063,634.3655
1717.408,1.262,-0.20750000000000002,8.6045,5.063,634.3655
1717.408,0.813,-0.0901,37.3255,5.063,634.3655
1717.408,0.813,-0.20750000000000002,8.6045,5.063,634.3655
1717.408,0.813,-0.20750000000000002,-20.1165,5.063,634.3655
1717.408,0.813,-0.0901,-20.1165,5.063,634.3655
1717.408,0.813,-0.0901,8.6045,5.063,634.3655
1717.408,0.813,-0.0901,8.6045,-24.6315,634.3655
1717.408,0.813,-0.20750000000000002,37.3255,5.063,634.3655
1717.408,0.813,-0.20750000000000002,8.6045,5.063,634.3655
1717.408,0.813,-0.325,8.6045,-24.6315,634.3655
1717.408,0.813,-0.20750000000000002,-20.1165,-24.6315,634.3655
1717.408,1.0375,-0.20750000000000002,-20.1165,-24.6315,634.3655
1717.408,1.0375,-0.20750000000000002,8.6045,5.063,634.3655
1717.408,1.0375,-0.20750000000000002,-20.1165,5.063,634.3655
1717.408,1.0375,-0.0901,8.6045,5.063,634.3655
1717.408,1.0375,-0.0901,8.6045,5.063,634.3655
1717.408,0.813,-0.20750000000000002,8.6045,5.063,634.3655
1717.408,0.813,-0.20750000000000002,8.6045,5.063,634.3655
1717.408,0.813,-0.20750000000000002,-20.1165,5.063,634.3655
1717.408,0.813,-0.0901,8.6045,5.063,634.3655
1717.408,0.813,-0.0901,8.6045,5.063,634.3655
1717.408,0.813,-0.20750000000000002,8.6045,5.063,634.3655
1717.408,0.813,-0.20750000000000002,8.6045,5.063,634.3655
1717.408,0.813,-0.20750000000000002,37.3255,5.063,634.3655
1717.408,0.813,-0.325,8.6045,5.063,634.3655
1717.408,0.813,-0.20750000000000002,-20.1165,-24.6315,634.3655
1717.408,1.0375,-0.20750000000000002,-20.1165,-24.6315,634.3655
1717.408,1.0375,-0.20750000000000002,8.6045,5.063,634.3655
1717.408,1.0375,-0.0901,8.6045,5.063,634.3655
1717.408,1.0375,-0.0901,-20.1165,5.063,634.3655
1717.408,1.262,-0.20750000000000002,37.3255,5.063,634.3655
1717.408,0.813,-0.20750000000000002,8.6045,5.063,634.3655
1717.408,0.813,-0.325,8.6045,5.063,634.3655
1717.408,0.813,-0.20750000000000002,8.6045,5.063,634.3655
1717.408,0.813,-0.325,-20.1165,5.063,634.3655
1717.408,0.813,-0.20750000000000002,-20.1165,5.063,634.3655
1717.408,0.813,-0.20750000000000002,8.6045,5.063,634.3655
1717.408,0.813,-0.20750000000000002,37.3255,5.063,634.3655
1717.408,0.813,-0.20750000000000002,8.6045,5.063,634.3655
1717.408,0.813,-0.325,-20.1165,-24.6315,634.3655
1717.408,0.813,-0.20750000000000002,-20.1165,-24.6315,634.3655
1717.408,1.0375,-0.0901,-20.1165,-24.6315,634.3655
1717.408,1.0375,-0.0901,8.6045,5.063,634.3655
1717.408,1.0375,-0.0901,8.6045,5.063,634.3655
1717.408,1.0375,-0.0901,-20.1165,5.063,634.3655
1717.408,1.262,-0.20750000000000002,37.3255,5.063,634.3655
1717.408,0.813,-0.20750000000000002,8.6045,5.063,634.3655
1717.408,0.813,-0.20750000000000002,8.6045,5.063,634.3655
1717.408,0.813,-0.325,-20.1165,5.063,634.3655
1717.408,0.813,-0.20750000000000002,-20.1165,5.063,634.3655
1717.408,1.0375,-0.20750000000000002,8.6045,5.063,634.3655
1717.408,0.813,-0.20750000000000002,8.6045,5.063,634.3655
1717.408,0.813,-0.20750000000000002,8.6045,5.063,634.3655
1717.408,0.813,-0.20750000000000002,8.6045,5.063,634.3655
1717.408,0.813,-0.325,-20.1165,-24.6315,634.3655
1717.408,0.813,-0.20750000000000002,-20.1165,-24.6315,634.3655
1717.408,1.262,-0.0901,-20.1165,-24.6315,634.3655
1717.408,1.0375,-0.0901,37.3255,5.063,634.3655
1717.408,1.0375,-0.0901,-20.1165,5.063,634.3655
1717.408,1.0375,-0.0901,-20.1165,5.063,634.3655
1717.408,1.0375,-0.0901,8.6045,5.063,634.3655
1717.408,-0.7595000000000001,0.263,-20.1165,5.063,634.3655
1717.408,-0.984,0.14525,-48.8375,5.063,634.3655
1717.408,-0.984,0.027649999999999997,-20.1165,5.063,634.3655
1717.408,-0.984,-0.0901,8.6045,5.063,634.3655
1717.408,-1.2085,-0.0901,8.6045,5.063,634.3655
1717.408,-1.2085,-0.0901,8.6045,5.063,634.3655
1717.408,-1.4335,-0.0901,37.3255,-24.6315,634.3655
1717.408,-1.2085,0.14525,37.3255,-24.6315,634.3655
1717.408,-0.31,0.14525,8.6045,-24.6315,634.3655
1717.408,-0.5345,0.14525,-20.1165,5.063,634.3655
1717.408,-1.2085,0.14525,-48.8375,5.063,634.3655
1717.408,-0.984,0.027649999999999997,-20.1165,5.063,634.3655
1717.408,-1.2085,-0.0901,8.6045,5.063,634.3655
1717.408,,-0.0901,37.3255,-24.6315,634.3655
1717.408,-0.984,0.14525,37.3255,-24.6315,634.3655
1717.408,-0.08560000000000001,0.14525,-20.1165,5.063,634.3655
1717.408,-0.984,0.14525,-48.8375,5.063,634.3655
1717.408,-1.2085,0.027649999999999997,-20.1165,5.063,634.3655
1717.408,-1.2085,-0.0901,8.6045,5.063,634.3655
1717.408,-1.4335,-0.0901,8.6045,5.063,634.3655
1717.408,-1.2085,0.027649999999999997,66.0465,-24.6315,634.3655
1717.408,-0.7595000000000001,0.14525,8.6045,-24.6315,634.3655
1717.408,-0.31,0.14525,-20.1165,5.063,634.3655
1717.408,-1.2085,0.14525,-48.8375,5.063,634.3655
1717.408,-1.2085,0.027649999999999997,-20.1165,5.063,634.3655
1717.408,-1.2085,-0.0901,8.6045,5.063,634.3655
1717.408,-1.4335,-0.0901,37.3255,-24.6315,634.3655
1717.408,-1.2085,0.14525,37.3255,-24.6315,634.3655
1717.408,-0.31,0.14525,8.6045,-24.6315,634.3655
1717.408,-0.7595000000000001,0.14525,-20.1165,5.063,634.3655
1717.408,-1.2085,0.14525,-48.8375,5.063,634.3655
1717.408,-1.2085,0.027649999999999997,-20.1165,5.063,634.3655
1717.408,-1.2085,-0.0901,8.6045,5.063,634.3655
1717.408,-1.4335,-0.0901,37.3255,-24.6315,634.3655
1717.408,-1.2085,0.14525,37.3255,-24.6315,634.3655
1717.408,-0.5345,0.14525,8.6045,-24.6315,634.3655
1717.408,-0.5345,0.263,-20.1165,5.063,634.3655
1717.408,-1.2085,0.14525,-48.8375,5.063,634.3655
1717.408,-1.2085,-0.0901,-20.1165,5.063,634.3655
1717.408,-1.4335,-0.0901,8.6045,5.063,634.3655
1717.408,-1.4335,0.027649999999999997,37.3255,-24.6315,634.3655
1717.408,-0.984,0.14525,8.6045,-24.6315,634.3655
1717.408,-0.31,0.14525,8.6045,5.063,634.3655
1717.408,-0.984,0.263,-48.8375,34.757,634.3655
1717.408,-1.2085,0.14525,-20.1165,34.757,634.3655
1717.408,-1.2085,0.027649999999999997,8.6045,5.063,634.3655
1717.408,-1.4335,0.027649999999999997,8.6045,-24.6315,634.3655
1717.408,-1.4335,0.027649999999999997,37.3255,-24.6315,634.3655
1717.408,-0.7595000000000001,0.14525,8.6045,-24.6315,634.3655
1717.408,-0.08560000000000001,0.14525,8.6045,5.063,634.3655
1717.408,-0.984,0.263,-20.1165,5.063,634.3655
1717.408,-1.2085,0.027649999999999997,-20.1165,5.063,634.3655
1717.408,-1.2085,-0.0901,8.6045,5.063,634.3655
1717.408,-1.4335,-0.0901,37.3255,5.063,634.3655
1717.408,-1.4335,0.027649999999999997,37.3255,-54.326,634.3655
1717.408,-0.5345,0.263,8.6045,-24.6315,634.3655
1717.408,-0.31,0.14525,-20.1165,5.063,634.3655
1717.408,-1.2085,0.263,-48.8375,5.063,634.3655
1717.408,-1.2085,0.027649999999999997,-20.1165,5.063,634.3655
1717.408,-1.2085,-0.0901,8.6045,5.063,634.3655
1717.408,-1.4335,0.027649999999999997,37.3255,-24.6315,634.3655
1717.408,-1.2085,0.14525,37.3255,-24.6315,634.3655
1717.408,-0.31,0.14525,8.6045,5.063,634.3655
1717.408,-0.7595000000000001,0.263,-20.1165,34.757,634.3655
1717.408,-1.2085,0.14525,-48.8375,5.063,634.3655
1717.408,-1.2085,-0.0901,-20.1165,5.063,634.3655
1717.408,-1.4335,-0.0901,37.3255,5.063,634.3655
1717.408,-1.4335,0.027649999999999997,66.0465,-24.6315,634.3655
1717.408,-0.984,0.263,37.3255,-24.6315,634.3655
1717.408,-0.08560000000000001,0.14525,8.6045,5.063,634.3655
1717.408,-0.7595000000000001,0.263,-48.8375,5.063,634.3655
1717.408,-1.2085,0.027649999999999997,-48.8375,5.063,634.3655
1717.408,-0.984,-0.0901,-20.1165,-24.6315,634.3655
1717.408,-0.984,0.027649999999999997,-20.1165,5.063,634.3655
1717.408,-1.2085,-0.0901,8.6045,5.063,634.3655
1717.408,-1.2085,-0.0901,-20.1165,5.063,634.3655
1717.408,-0.984,-0.0901,-20.1165,5.063,634.3655
1717.408,-0.984,-0.0901,8.6045,5.063,634.3655
1717.408,-0.984,-0.0901,-20.1165,5.063,634.3655
1717.408,-0.984,-0.0901,8.6045,5.063,634.3655
1717.408,-1.2085,-0.0901,8.6045,5.063,634.3655
1717.408,-1.2085,-0.0901,37.3255,5.063,634.3655
1717.408,-1.2085,0.027649999999999997,8.6045,5.063,634.3655
1717.408,-0.7595000000000001,0.14525,8.6045,5.063,634.3655
1717.408,-0.31,0.14525,-20.1165,5.063,634.3655
1717.408,-0.984,0.14525,-20.1165,5.063,634.3655
1717.408,-1.2085,0.027649999999999997,-20.1165,5.063,634.3655
1717.408,-1.2085,-0.0901,8.6045,5.063,634.3655
1717.408,-1.4335,-0.0901,8.6045,5.063,634.3655
1717.408,-1.2085,0.027649999999999997,37.3255,5.063,634.3655
1717.408,-0.984,0.14525,8.6045,-24.6315,634.3655
1717.408,-0.5345,0.14525,-20.1165,5.063,634.3655
1717.408,-0.984,0.14525,-20.1165,5.063,634.3655
1717.408,-1.2085,0.027649999999999997,-20.1165,5.063,634.3655
1717.408,-1.2085,-0.0901,-20.1165,5.063,634.3655
1717.408,-1.4335,-0.0901,8.6045,5.063,634.3655
1717.408,-1.2085,0.027649999999999997,37.3255,5.063,634.3655
1717.408,-0.984,0.14525,37.3255,5.063,634.3655
1717.408,-0.5345,0.14525,8.6045,5.063,634.3655
1717.408,-0.7595000000000001,0.14525,-20.1165,5.063,634.3655
1717.408,-1.2085,0.027649999999999997,-20.1165,5.063,634.3655
1717.408,-1.2085,-0.0901,-20.1165,5.063,634.3655
1717.408,-1.2085,-0.0901,8.6045,5.063,634.3655
1717.408,-0.984,-0.0901,8.6045,5.063,634.3655
1717.408,-0.984,-0.0901,8.6045,5.063,634.3655
1717.408,-1.2085,-0.0901,8.6045,5.063,634.3655
1717.408,-1.2085,0.027649999999999997,37.3255,-24.6315,634.3655
1717.408,-0.984,0.14525,37.3255,5.063,634.3655
1717.408,-0.5345,0.263,8.6045,5.063,634.3655
1717.408,-0.7595000000000001,0.14525,-20.1165,5.063,634.3655
1717.408,-1.2085,0.027649999999999997,-20.1165,5.063,634.3655
1717.408,-1.2085,-0.0901,-20.1165,5.063,634.3655
1717.408,-1.2085,-0.0901,8.6045,5.063,634.3655
1717.408,-1.2085,0.027649999999999997,37.3255,-24.6315,634.3655
1717.408,-0.984,0.14525,37.3255,5.063,634.3655
1717.408,-0.5345,0.263,8.6045,5.063,634.3655
1717.408,-0.7595000000000001,0.263,-48.8375,5.063,634.3655
1717.408,-1.2085,0.14525,-48.8375,5.063,634.3655
1717.408,-1.2085,-0.0901,-20.1165,5.063,634.3655
1717.408,-1.2085,-0.0901,8.6045,5.063,634.3655
1717.408,-0.984,-0.0901,8.6045,5.063,634.3655
1717.408,-0.984,-0.0901,8.6045,5.063,634.3655
1717.408,-0.984,0.027649999999999997,-48.8375,5.063,634.3655
1717.408,-0.984,0.027649999999999997,-20.1165,5.063,634.3655
1717.408,-0.984,-0.0901,8.6045,5.063,634.3655
1717.408,-0.984,-0.0901,8.6045,5.063,634.3655
1717.408,-1.2085,-0.0901,8.6045,5.063,634.3655
1717.408,-1.4335,-0.0901,37.3255,-24.6315,634.3655
1717.408,-1.2085,0.027649999999999997,37.3255,-54.326,634.3655
1717.408,-0.5345,0.14525,8.6045,-24.6315,634.3655
1717.408,-0.31,0.14525,-20.1165,5.063,634.3655
1717.408,-1.2085,0.14525,-20.1165,5.063,634.3655
1717.408,-1.2085,0.027649999999999997,-20.1165,5.063,634.3655
1717.408,-1.2085,0.027649999999999997,8.6045,5.063,634.3655
1717.408,-1.4335,-0.0901,37.3255,5.063,634.3655
1717.408,-1.2085,0.14525,37.3255,-24.6315,634.3655
1717.408,-0.5345,0.14525,8.6045,-24.6315,634.3655
1717.408,-0.5345,0.14525,-20.1165,5.063,634.3655
1717.408,-1.2085,0.14525,-48.8375,5.063,634.3655
1717.408,-1.2085,0.027649999999999997,-20.1165,5.063,634.3655
1717.408,-1.2085,0.027649999999999997,8.6045,5.063,634.3655
1717.408,-1.4335,-0.0901,37.3255,5.063,634.3655
1717.408,-1.2085,0.027649999999999997,37.3255,-24.6315,634.3655
1717.408,-0.7595000000000001,0.263,37.3255,-24.6315,634.3655
1717.408,-0.31,0.14525,8.6045,5.063,634.3655
1717.408,-0.984,0.263,-48.8375,5.063,634.3655
1717.408,-1.2085,0.14525,-48.8375,5.063,634.3655
1717.408,-1.2085,0.027649999999999997,-20.1165,5.063,634.3655
1717.408,-1.2085,-0.0901,8.6045,5.063,634.3655
1717.408,-1.4335,-0.0901,37.3255,-24.6315,634.3655
1717.408,-1.2085,0.14525,37.3255,-24.6315,634.3655
1717.408,-0.7595000000000001,0.263,37.3255,5.063,634.3655
1717.408,-0.31,0.14525,8.6045,5.063,634.3655
1717.408,-0.984,0.263,-48.8375,5.063,634.3655
1717.408,-1.2085,0.14525,-48.8375,5.063,634.3655
1717.408,-1.2085,0.027649999999999997,-20.1165,5.063,634.3655
1717.408,-1.2085,-0.0901,8.6045,5.063,634.3655
1717.408,-1.4335,-0.0901,37.3255,5.063,634.3655
1717.408,-1.2085,0.027649999999999997,37.3255,-24.6315,634.3655
1717.408,-0.7595000000000001,0.263,37.3255,-24.6315,634.3655
1717.408,-0.31,0.14525,8.6045,5.063,634.3655
1717.408,-0.984,0.263,-48.8375,5.063,634.3655
1717.408,-1.2085,0.14525,-48.8375,5.063,634.3655
1717.408,-1.2085,0.027649999999999997,-20.1165,5.063,634.3655
1717.408,-1.2085,0.027649999999999997,8.6045,5.063,634.3655
1717.408,-0.984,0.027649999999999997,8.6045,5.063,634.3655
1717.408,-0.984,0.027649999999999997,8.6045,5.063,634.3655
1717.408,-1.2085,-0.0901,8.6045,5.063,634.3655
1717.408,-1.2085,-0.0901,8.6045,5.063,634.3655
1717.408,-1.4335,0.027649999999999997,8.6045,5.063,634.3655
1717.408,-0.984,0.14525,37.3255,5.063,634.3655
1717.408,-0.5345,0.263,8.6045,5.063,634.3655
1717.408,-0.7595000000000001,0.14525,-20.1165,5.063,634.3655
1717.408,-0.984,0.14525,-20.1165,5.063,634.3655
1717.408,-1.2085,0.027649999999999997,-20.1165,5.063,634.3655
1717.408,-1.2085,-0.0901,8.6045,5.063,634.3655
1717.408,-1.2085,0.027649999999999997,37.3255,5.063,634.3655
1717.408,-0.984,0.14525,37.3255,-24.6315,634.3655
1717.408,-0.5345,0.263,8.6045,5.063,634.3655
1717.408,-0.5345,0.263,-20.1165,5.063,634.3655
1717.408,-0.984,0.14525,-20.1165,5.063,634.3655
1717.408,-1.2085,0.027649999999999997,-20.1165,5.063,634.3655
1717.408,-1.4335,0.027649999999999997,8.6045,5.063,634.3655
1717.408,-1.4335,0.027649999999999997,37.3255,5.063,634.3655
1717.408,-0.984,0.14525,37.3255,-24.6315,634.3655
1717.408,-0.5345,0.263,8.6045,5.063,634.3655
1717.408,-0.5345,0.263,-20.1165,5.063,634.3655
1717.408,-0.984,0.263,-20.1165,5.063,634.3655
1717.408,-1.2085,0.14525,-20.1165,5.063,634.3655
1717.408,-1.2085,0.027649999999999997,8.6045,5.063,634.3655
1717.408,-1.2085,0.027649999999999997,8.6045,5.063,634.3655
1717.408,-1.2085,0.14525,37.3255,-24.6315,634.3655
1717.408,-0.7595000000000001,0.263,37.3255,5.063,634.3655
1717.408,-0.5345,0.263,-20.1165,5.063,634.3655
1717.408,-0.984,0.263,-20.1165,5.063,634.3655
1717.408,-1.2085,0.14525,-20.1165,5.063,634.3655
1717.408,-1.2085,0.027649999999999997,-20.1165,5.063,634.3655
1717.408,-0.984,0.027649999999999997,-20.1165,5.063,634.3655
1717.408,-1.2085,-0.0901,8.6045,5.063,634.3655
1717.408,-1.2085,0.027649999999999997,37.3255,-24.6315,634.3655
1717.408,-0.984,0.14525,37.3255,-24.6315,634.3655
1717.408,-0.7595000000000001,0.263,8.6045,5.063,634.3655
1717.408,-0.5345,0.263,-20.1165,5.063,634.3655
1717.408,-0.984,0.263,-20.1165,5.063,634.3655
1717.408,-1.2085,0.14525,-20.1165,5.063,634.3655
1717.408,-1.2085,0.027649999999999997,-20.1165,5.063,634.3655
1717.408,-0.984,0.027649999999999997,8.6045,5.063,634.3655
1717.408,-0.984,0.027649999999999997,8.6045,5.063,634.3655
1717.408,-0.7595000000000001,0.14525,-48.8375,5.063,634.3655
1717.408,-0.984,0.027649999999999997,-48.8375,5.063,634.3655
1717.408,-0.984,0.027649999999999997,-20.1165,-24.6315,634.3655
1717.408,-0.984,-0.0901,8.6045,5.063,634.3655
1717.408,-0.984,-0.0901,8.6045,5.063,634.3655
1717.408,-1.2085,-0.0901,8.6045,5.063,634.3655
1717.408,-1.4335,-0.20750000000000002,37.3255,-24.6315,634.3655
1717.408,-1.2085,0.027649999999999997,37.3255,-24.6315,634.3655
1717.408,-0.5345,0.14525,37.3255,-24.6315,634.3655
1717.408,-0.5345,0.14525,-20.1165,34.757,634.3655
1717.408,-1.2085,0.14525,-48.8375,5.063,634.3655
1717.408,-1.2085,0.027649999999999997,-20.1165,5.063,634.3655
1717.408,-0.984,-0.0901,8.6045,5.063,634.3655
1717.408,-1.2085,-0.0901,8.6045,5.063,634.3655
1717.408,-1.4335,-0.0901,37.3255,-24.6315,634.3655
1717.408,-0.984,0.14525,66.0465,-54.326,634.3655
1717.408,-0.08560000000000001,0.263,8.6045,34.757,634.3655
1717.408,-0.7595000000000001,0.14525,-48.8375,5.063,634.3655
1717.408,-1.2085,0.027649999999999997,-48.8375,5.063,634.3655
1717.408,-1.2085,-0.0901,-20.1165,5.063,634.3655
1717.408,-1.2085,-0.0901,8.6045,5.063,634.3655
1717.408,-1.4335,-0.0901,37.3255,-24.6315,634.3655
1717.408,-1.2085,0.14525,37.3255,-24.6315,634.3655
1717.408,-0.31,0.14525,37.3255,5.063,634.3655
1717.408,-0.5345,0.263,-48.8375,34.757,634.3655
1717.408,-1.2085,0.14525,-77.5585,5.063,634.3655
1717.408,-1.2085,-0.0901,-20.1165,5.063,634.3655
1717.408,-0.984,-0.0901,8.6045,5.063,634.3655
1717.408,-1.2085,-0.0901,8.6045,5.063,634.3655
1717.408,-1.4335,-0.0901,37.3255,-24.6315,634.3655
1717.408,-0.984,0.263,37.3255,-24.6315,634.3655
1717.408,-0.31,0.14525,8.6045,5.063,634.3655
1717.408,-0.7595000000000001,0.263,-48.8375,34.757,634.3655
1717.408,-1.2085,0.14525,-48.8375,5.063,634.3655
1717.408,-1.2085,-0.0901,-20.1165,5.063,634.3655
1717.408,-0.984,-0.0901,8.6045,5.063,634.3655
1717.408,-1.4335,-0.0901,8.6045,5.063,634.3655
1717.408,-1.4335,-0.0901,37.3255,-24.6315,634.3655
1717.408,-0.984,0.14525,66.0465,-24.6315,634.3655
1717.408,-0.31,0.14525,37.3255,34.757,634.3655
1717.408,-0.5345,0.263,-20.1165,5.063,634.3655
1717.408,-0.984,0.263,-77.5585,5.063,634.3655
1717.408,-1.2085,0.027649999999999997,-20.1165,5.063,634.3655
1717.408,-1.2085,-0.0901,8.6045,5.063,634.3655
1717.408,-0.984,-0.0901,8.6045,5.063,634.3655
1717.408,-0.984,-0.0901,8.6045,5.063,634.3655
1717.408,-0.984,-0.0901,8.6045,5.063,634.3655
1717.408,0.5885,0.851,8.6045,5.063,634.3655
1717.408,0.5885,0.7335,8.6045,5.063,634.3655
1717.408,0.5885,0.7335,8.6045,5.063,634.3655
1717.408,0.5885,0.7335,8.6045,5.063,634.3655
1717.408,0.5885,0.6160000000000001,8.6045,5.063,634.3655
1717.408,0.5885,0.6160000000000001,-20.1165,5.063,634.3655
1717.408,0.5885,0.7335,-20.1165,5.063,634.3655
1717.408,0.5885,0.7335,-20.1165,5.063,634.3655
1717.408,0.5885,0.7335,8.6045,5.063,634.3655
1717.408,0.5885,0.851,-20.1165,5.063,634.3655
1717.408,0.5885,0.851,8.6045,5.063,634.3655
1717.408,0.5885,0.851,8.6045,5.063,634.3655
1717.408,0.5885,0.9690000000000001,8.6045,5.063,634.3655
1717.408,0.5885,0.9690000000000001,-20.1165,5.063,634.3655
1717.408,0.5885,0.851,8.6045,5.063,634.3655
1717.408,0.3635,0.851,8.6045,5.063,634.3655
1717.408,0.5885,0.851,8.6045,5.063,634.3655
1717.408,0.5885,0.851,8.6045,5.063,634.3655
1717.408,0.5885,0.7335,8.6045,5.063,634.3655
1717.408,0.5885,0.498,8.6045,5.063,634.3655
1717.408,0.5885,0.6160000000000001,-20.1165,5.063,634.3655
1717.408,0.5885,0.7335,8.6045,5.063,634.3655
1717.408,0.5885,0.6160000000000001,8.6045,5.063,634.3655
1717.408,0.5885,0.7335,8.6045,5.063,634.3655
1717.408,0.5885,0.6160000000000001,-20.1165,5.063,634.3655
1717.408,0.5885,0.6160000000000001,-20.1165,5.063,634.3655
1717.408,0.5885,0.7335,-20.1165,5.063,634.3655
1717.408,0.5885,0.7335,-20.1165,5.063,634.3655
1717.408,0.5885,0.851,-20.1165,5.063,634.3655
1717.408,0.5885,0.851,-20.1165,5.063,634.3655
1717.408,0.5885,0.851,8.6045,5.063,634.3655
1717.408,0.5885,0.9690000000000001,8.6045,5.063,634.3655
1717.408,0.5885,0.9690000000000001,-20.1165,5.063,634.3655
1717.408,0.3635,0.851,8.6045,5.063,634.3655
1717.408,0.3635,0.851,8.6045,5.063,634.3655
1717.408,0.5885,0.851,8.6045,5.063,634.3655
1717.408,0.5885,0.851,37.3255,5.063,634.3655
1717.408,0.5885,0.7335,8.6045,5.063,634.3655
1717.408,0.3635,0.6160000000000001,8.6045,5.063,634.3655
1717.408,0.5885,0.498,8.6045,5.063,634.3655
1717.408,0.5885,0.7335,8.6045,5.063,634.3655
1717.408,0.5885,0.6160000000000001,8.6045,5.063,634.3655
1717.408,0.5885,0.7335,8.6045,5.063,634.3655
1717.408,0.5885,0.6160000000000001,8.6045,5.063,634.3655
1717.408,0.5885,0.6160000000000001,8.6045,5.063,634.3655
1717.408,0.5885,0.6160000000000001,-20.1165,5.063,634.3655
1717.408,0.5885,0.7335,-20.1165,5.063,634.3655
1717.408,0.5885,0.7335,-20.1165,5.063,634.3655
1717.408,0.3635,0.851,-20.1165,5.063,634.3655
1717.408,0.3635,0.851,-20.1165,5.063,634.3655
1717.408,0.3635,0.9690000000000001,8.6045,5.063,634.3655
1717.408,0.5885,,-20.1165,5.063,634.3655
1717.408,0.3635,0.9690000000000001,8.6045,5.063,634.3655
1717.408,0.3635,0.851,8.6045,5.063,634.3655
1717.408,0.3635,0.851,8.6045,5.063,634.3655
1717.408,0.3635,0.851,37.3255,5.063,634.3655
1717.408,0.5885,0.851,37.3255,5.063,634.3655
1717.408,0.5885,0.7335,37.3255,5.063,634.3655
1717.408,0.3635,0.6160000000000001,8.6045,5.063,634.3655
1717.408,0.5885,0.6160000000000001,-20.1165,5.063,634.3655
1717.408,0.5885,0.7335,8.6045,5.063,634.3655
1717.408,0.5885,0.7335,8.6045,5.063,634.3655
1717.408,0.5885,0.7335,8.6045,5.063,634.3655
1717.408,0.5885,0.7335,8.6045,5.063,634.3655
1717.408,0.5885,0.6160000000000001,-20.1165,5.063,634.3655
1717.408,0.3635,0.6160000000000001,-20.1165,5.063,634.3655
1717.408,0.5885,0.7335,-20.1165,5.063,634.3655
1717.408,0.5885,0.7335,-20.1165,5.063,634.3655
1717.408,0.5885,0.851,-20.1165,5.063,634.3655
1717.408,0.3635,0.851,-20.1165,5.063,634.3655
1717.408,0.5885,0.9690000000000001,8.6045,5.063,634.3655
1717.408,0.5885,0.9690000000000001,8.6045,5.063,634.3655
1717.408,0.3635,0.9690000000000001,8.6045,5.063,634.3655
1717.408,0.3635,0.851,-20.1165,5.063,634.3655
1717.408,0.3635,0.851,8.6045,5.063,634.3655
1717.408,0.3635,0.851,8.6045,5.063,634.3655
1717.408,0.3635,0.851,37.3255,5.063,634.3655
1717.408,0.5885,0.851,37.3255,5.063,634.3655
1717.408,0.5885,0.7335,8.6045,5.063,634.3655
1717.408,0.3635,0.6160000000000001,8.6045,5.063,634.3655
1717.408,0.5885,0.6160000000000001,-20.1165,5.063,634.3655
1717.408,0.5885,0.7335,8.6045,5.063,634.3655
1717.408,0.5885,0.7335,8.6045,5.063,634.3655
1717.408,0.5885,0.7335,8.6045,5.063,634.3655
1717.408,0.5885,0.6160000000000001,8.6045,5.063,634.3655
1717.408,0.5885,0.6160000000000001,8.6045,5.063,634.3655
1717.408,0.5885,0.6160000000000001,8.6045,5.063,634.3655
1717.408,0.5885,0.498,8.6045,5.063,634.3655
1717.408,0.5885,0.498,8.6045,5.063,634.3655
1717.408,0.5885,0.498,-20.1165,5.063,634.3655
1717.408,0.5885,0.498,8.6045,5.063,634.3655
1717.408,0.5885,0.6160000000000001,-20.1165,5.063,634.3655
1717.408,0.5885,0.6160000000000001,-20.1165,5.063,634.3655
1717.408,0.5885,0.6160000000000001,8.6045,5.063,634.3655
1717.408,0.5885,0.7335,8.6045,5.063,634.3655
1717.408,0.813,0.851,-20.1165,5.063,634.3655
1717.408,0.5885,0.7335,-20.1165,5.063,634.3655
1717.408,0.5885,0.7335,8.6045,5.063,634.3655
1717.408,0.5885,0.851,37.3255,5.063,634.3655
1717.408,0.3635,0.498,8.6045,5.063,634.3655
1717.408,0.3635,0.3805,8.6045,5.063,634.3655
1717.408,0.5885,0.7335,8.6045,5.063,634.3655
1717.408,0.5885,0.498,8.6045,-24.6315,634.3655
1717.408,0.5885,0.498,8.6045,-24.6315,634.3655
1717.408,0.5885,0.498,-20.1165,5.063,634.3655
1717.408,0.5885,0.498,-20.1165,5.063,634.3655
1717.408,0.5885,0.6160000000000001,-20.1165,5.063,634.3655
1717.408,0.5885,0.6160000000000001,-20.1165,5.063,634.3655
1717.408,0.5885,0.7335,-20.1165,5.063,634.3655
1717.408,0.5885,0.851,-20.1165,5.063,634.3655
1717.408,0.5885,0.7335,-20.1165,5.063,634.3655
1717.408,0.5885,0.7335,8.6045,5.063,634.3655
1717.408,0.5885,0.851,8.6045,5.063,634.3655
1717.408,0.3635,0.6160000000000001,37.3255,5.063,634.3655
1717.408,0.3635,0.263,8.6045,5.063,634.3655
1717.408,0.813,0.7335,8.6045,5.063,634.3655
1717.408,0.5885,0.498,8.6045,5.063,634.3655
1717.408,0.5885,0.6160000000000001,8.6045,5.063,634.3655
1717.408,0.5885,0.498,8.6045,-24.6315,634.3655
1717.408,0.5885,0.498,8.6045,-24.6315,634.3655
1717.408,0.5885,0.498,-20.1165,5.063,634.3655
1717.408,0.5885,0.6160000000000001,-20.1165,5.063,634.3655
1717.408,0.5885,0.6160000000000001,-20.1165,5.063,634.3655
1717.408,0.5885,0.7335,-20.1165,5.063,634.3655
1717.408,0.5885,0.7335,8.6045,5.063,634.3655
1717.408,0.5885,0.851,-20.1165,5.063,634.3655
1717.408,0.5885,0.7335,8.6045,5.063,634.3655
1717.408,0.5885,0.7335,8.6045,5.063,634.3655
1717.408,0.5885,0.851,8.6045,5.063,634.3655
1717.408,0.5885,0.7335,37.3255,5.063,634.3655
1717.408,0.1389,0.263,8.6045,5.063,634.3655
1717.408,0.5885,0.7335,8.6045,5.063,634.3655
1717.408,0.5885,0.498,8.6045,5.063,634.3655
1717.408,0.5885,0.6160000000000001,8.6045,5.063,634.3655
1717.408,0.5885,0.498,8.6045,5.063,634.3655
1717.408,0.5885,0.6160000000000001,8.6045,-24.6315,634.3655
1717.408,0.5885,0.498,-20.1165,5.063,634.3655
1717.408,0.5885,0.498,-20.1165,5.063,634.3655
1717.408,0.5885,0.6160000000000001,-20.1165,5.063,634.3655
1717.408,0.5885,0.6160000000000001,-20.1165,5.063,634.3655
1717.408,0.5885,0.7335,-20.1165,5.063,634.3655
1717.408,0.5885,0.7335,-20.1165,5.063,634.3655
1717.408,0.5885,0.851,-20.1165,5.063,634.3655
1717.408,0.3635,0.7335,8.6045,5.063,634.3655
1717.408,0.3635,0.7335,8.6045,5.063,634.3655
1717.408,0.5885,0.851,8.6045,5.063,634.3655
1717.408,0.5885,0.7335,37.3255,5.063,634.3655
1717.408,0.3635,0.3805,8.6045,5.063,634.3655
1717.408,0.813,0.6160000000000001,8.6045,-24.6315,634.3655
1717.408,0.5885,0.6160000000000001,8.6045,5.063,634.3655
1717.408,0.5885,0.7335,8.6045,5.063,634.3655
1717.408,0.5885,0.6160000000000001,8.6045,5.063,634.3655
1717.408,0.5885,0.6160000000000001,8.6045,5.063,634.3655
1717.408,0.5885,0.6160000000000001,8.6045,5.063,634.3655
1717.408,0.5885,0.6160000000000001,8.6045,5.063,634.3655
1717.408,0.5885,0.498,8.6045,5.063,634.3655
1717.408,0.3635,0.498,-20.1165,5.063,634.3655
1717.408,0.5885,0.6160000000000001,8.6045,5.063,634.3655
1717.408,0.5885,0.6160000000000001,-20.1165,5.063,634.3655
1717.408,0.5885,0.7335,-20.1165,5.063,634.3655
1717.408,0.5885,0.7335,8.6045,5.063,634.3655
1717.408,0.5885,0.851,-20.1165,5.063,634.3655
1717.408,0.3635,0.7335,8.6045,5.063,634.3655
1717.408,0.3635,0.7335,8.6045,5.063,634.3655
1717.408,0.5885,0.7335,8.6045,5.063,634.3655
1717.408,0.5885,0.7335,8.6045,5.063,634.3655
1717.408,0.3635,0.3805,8.6045,5.063,634.3655
1717.408,0.5885,0.498,8.6045,5.063,634.3655
1717.408,0.5885,0.6160000000000001,8.6045,5.063,634.3655
1717.408,0.5885,0.6160000000000001,8.6045,5.063,634.3655
1717.408,0.5885,0.6160000000000001,8.6045,5.063,634.3655
1717.408,0.5885,0.6160000000000001,-20.1165,5.063,634.3655
1717.408,0.5885,0.7335,8.6045,5.063,634.3655
1717.408,0.5885,0.7335,-20.1165,5.063,634.3655
1717.408,0.5885,0.7335,8.6045,5.063,634.3655
1717.408,0.5885,0.851,-20.1165,5.063,634.3655
1717.408,0.5885,0.7335,8.6045,5.063,634.3655
1717.408,0.5885,0.851,8.6045,5.063,634.3655
1717.408,0.5885,0.851,8.6045,5.063,634.3655
1717.408,0.5885,0.851,-20.1165,5.063,634.3655
1717.408,0.5885,0.851,8.6045,5.063,634.3655
1717.408,0.5885,0.7335,8.6045,5.063,634.3655
1717.408,0.5885,0.7335,8.6045,5.063,634.3655
1717.408,0.813,0.7335,8.6045,5.063,634.3655
1717.408,0.5885,0.7335,8.6045,5.063,634.3655
1717.408,0.5885,0.498,8.6045,5.063,634.3655
1717.408,0.5885,0.6160000000000001,-20.1165,5.063,634.3655
1717.408,0.5885,0.7335,8.6045,5.063,634.3655
1717.408,0.5885,0.7335,8.6045,5.063,634.3655
1717.408,0.5885,0.6160000000000001,8.6045,5.063,634.3655
1717.408,0.5885,0.6160000000000001,8.6045,5.063,634.3655
1717.408,0.5885,0.6160000000000001,-20.1165,5.063,634.3655
1717.408,0.5885,0.7335,-20.1165,5.063,634.3655
1717.408,0.5885,0.7335,-20.1165,5.063,634.3655
1717.408,0.5885,0.851,8.6045,5.063,634.3655
1717.408,0.5885,0.851,-20.1165,5.063,634.3655
1717.408,0.5885,0.9690000000000001,8.6045,5.063,634.3655
1717.408,0.5885,0.9690000000000001,8.6045,5.063,634.3655
1717.408,0.5885,0.851,-20.1165,5.063,634.3655
1717.408,0.5885,0.851,-20.1165,5.063,634.3655
1717.408,0.5885,0.851,8.6045,5.063,634.3655
1717.408,0.5885,0.851,8.6045,5.063,634.3655
1717.408,0.5885,0.851,37.3255,5.063,634.3655
1717.408,0.5885,0.6160000000000001,37.3255,5.063,634.3655
1717.408,0.3635,0.3805,8.6045,5.063,634.3655
1717.408,0.813,0.6160000000000001,8.6045,5.063,634.3655
1717.408,0.5885,0.6160000000000001,8.6045,5.063,634.3655
1717.408,0.5885,0.6160000000000001,8.6045,5.063,634.3655
1717.408,0.5885,0.6160000000000001,8.6045,5.063,634.3655
1717.408,0.5885,0.498,-20.1165,5.063,634.3655
1717.408,0.5885,0.6160000000000001,-20.1165,5.063,634.3655
1717.408,0.5885,0.7335,-20.1165,5.063,634.3655
1717.408,0.5885,0.851,-20.1165,5.063,634.3655
1717.408,0.5885,0.851,8.6045,5.063,634.3655
1717.408,0.5885,0.851,8.6045,5.063,634.3655
1717.408,0.5885,0.9690000000000001,8.6045,5.063,634.3655
1717.408,0.5885,0.851,8.6045,5.063,634.3655
1717.408,0.5885,0.7335,-20.1165,5.063,634.3655
1717.408,0.5885,0.851,-20.1165,5.063,634.3655
1717.408,0.5885,0.7335,8.6045,5.063,634.3655
1717.408,0.5885,0.851,8.6045,5.063,634.3655
1717.408,0.5885,0.851,8.6045,5.063,634.3655
1717.408,0.813,0.7335,8.6045,5.063,634.3655
1717.408,0.5885,0.6160000000000001,8.6045,5.063,634.3655
1717.408,0.3635,0.498,8.6045,5.063,634.3655
1717.408,0.5885,0.6160000000000001,8.6045,5.063,634.3655
1717.408,0.5885,0.6160000000000001,8.6045,5.063,634.3655
1717.408,0.5885,0.7335,-20.1165,5.063,634.3655
1717.408,0.5885,0.6160000000000001,8.6045,5.063,634.3655
1717.408,0.5885,0.7335,8.6045,5.063,634.3655
1717.408,0.5885,0.6160000000000001,8.6045,5.063,634.3655
1717.408,0.5885,0.498,-20.1165,5.063,634.3655
1717.408,0.5885,0.6160000000000001,-20.1165,5.063,634.3655
1717.408,0.5885,0.7335,-20.1165,5.063,634.3655
1717.408,0.5885,0.7335,8.6045,5.063,634.3655
1717.408,0.5885,0.851,-20.1165,5.063,634.3655
1717.408,0.5885,0.851,8.6045,5.063,634.3655
1717.408,0.5885,0.9690000000000001,8.6045,5.063,634.3655
1717.408,0.5885,0.851,-20.1165,5.063,634.3655
1717.408,0.5885,0.7335,-20.1165,5.063,634.3655
1717.408,0.5885,0.7335,8.6045,5.063,634.3655
1717.408,0.5885,0.7335,8.6045,5.063,634.3655
1717.408,0.5885,0.851,8.6045,5.063,634.3655
1717.408,0.5885,0.851,8.6045,5.063,634.3655
1717.408,0.813,0.7335,37.3255,5.063,634.3655
1717.408,0.5885,0.6160000000000001,8.6045,5.063,634.3655
1717.408,0.3635,0.3805,-20.1165,5.063,634.3655
1717.408,0.813,0.6160000000000001,8.6045,5.063,634.3655
1717.408,0.5885,0.6160000000000001,8.6045,5.063,634.3655
1717.408,0.5885,0.7335,-20.1165,5.063,634.3655
1717.408,0.5885,0.6160000000000001,8.6045,5.063,634.3655
1717.408,0.5885,0.6160000000000001,8.6045,5.063,634.3655
1717.408,0.5885,0.6160000000000001,8.6045,5.063,634.3655
1717.408,0.5885,0.498,-20.1165,5.063,634.3655
1717.408,0.5885,0.6160000000000001,-20.1165,5.063,634.3655
1717.408,0.5885,0.7335,-20.1165,5.063,634.3655
1717.408,0.5885,0.851,-20.1165,5.063,634.3655
1717.408,0.5885,0.851,8.6045,5.063,634.3655
1717.408,0.5885,0.851,8.6045,5.063,634.3655
1717.408,0.5885,0.9690000000000001,-20.1165,5.063,634.3655
1717.408,0.5885,0.851,-20.1165,5.063,634.3655
1717.408,0.5885,0.851,8.6045,5.063,634.3655
1717.408,0.5885,0.851,8.6045,5.063,634.3655
1717.408,0.5885,0.851,8.6045,5.063,634.3655
1717.408,0.5885,0.851,8.6045,-24.6315,634.3655
1717.408,0.5885,0.851,37.3255,5.063,634.3655
1717.408,0.813,0.6160000000000001,37.3255,5.063,634.3655
1717.408,0.5885,0.3805,-20.1165,5.063,634.3655
1717.408,0.5885,0.6160000000000001,-20.1165,5.063,634.3655
1717.408,0.5885,0.7335,8.6045,5.063,634.3655
1717.408,0.5885,0.7335,8.6045,5.063,634.3655
1717.408,0.5885,0.7335,8.6045,5.063,634.3655
1717.408,0.5885,0.7335,8.6045,5.063,634.3655
1717.408,0.5885,0.7335,8.6045,5.063,634.3655
1717.408,0.5885,0.7335,8.6045,5.063,634.3655
1717.408,0.5885,0.7335,8.6045,5.063,634.3655
1717.408,0.5885,0.6160000000000001,8.6045,5.063,634.3655
1717.408,0.5885,0.7335,8.6045,5.063,634.3655
1717.408,0.5885,0.6160000000000001,8.6045,5.063,634.3655
1717.408,0.5885,0.6160000000000001,8.6045,5.063,634.3655
1717.408,0.5885,0.6160000000000001,8.6045,5.063,634.3655
1717.408,0.5885,0.6160000000000001,-20.1165,5.063,634.3655
1717.408,0.5885,0.6160000000000001,8.6045,5.063,634.3655
1717.408,0.5885,0.6160000000000001,-20.1165,5.063,634.3655
1717.408,0.5885,0.6160000000000001,8.6045,5.063,634.3655
1717.408,0.5885,0.7335,8.6045,5.063,634.3655
1717.408,0.5885,0.7335,8.6045,5.063,634.3655
1717.408,0.5885,0.7335,8.6045,5.063,634.3655
1717.408,0.5885,0.7335,8.6045,5.063,634.3655
1717.408,0.5885,0.7335,-20.1165,5.063,634.3655
1717.408,0.5885,0.851,-20.1165,5.063,634.3655
1717.408,0.5885,0.851,-20.1165,5.063,634.3655
1717.408,0.5885,0.851,8.6045,5.063,634.3655
1717.408,0.5885,0.9690000000000001,8.6045,5.063,634.3655
1717.408,0.5885,0.851,37.3255,5.063,634.3655
1717.408,0.1389,0.3805,8.6045,5.063,634.3655
1717.408,0.5885,0.6160000000000001,8.6045,-24.6315,634.3655
1717.408,0.5885,0.7335,-20.1165,5.063,634.3655
1717.408,0.5885,0.6160000000000001,8.6045,5.063,634.3655
1717.408,0.5885,0.6160000000000001,8.6045,-24.6315,634.3655
1717.408,0.5885,0.6160000000000001,8.6045,-24.6315,634.3655
1717.408,0.5885,0.498,-20.1165,5.063,634.3655
1717.408,0.5885,0.6160000000000001,-20.1165,5.063,634.3655
1717.408,0.5885,0.7335,8.6045,5.063,634.3655
1717.408,0.5885,0.7335,-20.1165,5.063,634.3655
1717.408,0.5885,0.7335,-20.1165,5.063,634.3655
1717.408,0.5885,0.851,8.6045,5.063,634.3655
1717.408,0.5885,0.851,-20.1165,5.063,634.3655
1717.408,0.5885,0.851,8.6045,5.063,634.3655
1717.408,0.5885,0.851,8.6045,5.063,634.3655
1717.408,0.5885,0.851,8.6045,5.063,634.3655
1717.408,0.5885,0.851,37.3255,5.063,634.3655
1717.408,0.1389,0.263,-20.1165,5.063,634.3655
1717.408,0.5885,0.7335,8.6045,-24.6315,634.3655
1717.408,0.5885,0.7335,8.6045,-24.6315,634.3655
1717.408,0.5885,0.7335,8.6045,-24.6315,634.3655
1717.408,0.5885,0.6160000000000001,8.6045,5.063,634.3655
1717.408,0.5885,0.6160000000000001,8.6045,5.063,634.3655
1717.408,0.5885,0.498,8.6045,-24.6315,634.3655
1717.408,0.5885,0.498,-20.1165,5.063,634.3655
1717.408,0.5885,0.498,-20.1165,5.063,634.3655
1717.408,0.5885,0.6160000000000001,-20.1165,5.063,634.3655
1717.408,0.5885,0.7335,-20.1165,5.063,634.3655
1717.408,0.5885,0.7335,-20.1165,5.063,634.3655
1717.408,0.5885,0.851,-20.1165,5.063,634.3655
1717.408,0.5885,0.851,8.6045,5.063,634.3655
1717.408,0.5885,0.851,8.6045,5.063,634.3655
1717.408,0.3635,0.7335,8.6045,5.063,634.3655
1717.408,0.5885,0.851,8.6045,5.063,634.3655
1717.408,0.5885,0.9690000000000001,37.3255,5.063,634.3655
1717.408,0.3635,0.6160000000000001,8.6045,5.063,634.3655
1717.408,0.3635,0.263,8.6045,5.063,634.3655
1717.408,0.813,0.851,8.6045,5.063,634.3655
1717.408,0.5885,0.498,8.6045,5.063,634.3655
1717.408,0.5885,0.7335,8.6045,5.063,634.3655
1717.408,0.5885,0.6160000000000001,8.6045,5.063,634.3655
1717.408,0.5885,0.6160000000000001,8.6045,5.063,634.3655
1717.408,0.5885,0.6160000000000001,8.6045,-24.6315,634.3655
1717.408,0.5885,0.498,-20.1165,5.063,634.3655
1717.408,0.5885,0.498,-20.1165,5.063,634.3655
1717.408,0.5885,0.7335,-20.1165,5.063,634.3655
1717.408,0.5885,0.7335,-20.1165,5.063,634.3655
1717.408,0.5885,0.7335,-20.1165,5.063,634.3655
1717.408,0.5885,0.7335,-20.1165,5.063,634.3655
1717.408,0.5885,0.851,-20.1165,5.063,634.3655
1717.408,0.5885,0.851,8.6045,5.063,634.3655
1717.408,0.3635,0.851,8.6045,5.063,
1717.408,0.5885,0.851,37.3255,5.063,634.3655
1717.408,0.5885,0.9690000000000001,8.6045,5.063,634.3655
1717.408,0.3635,0.498,8.6045,5.063,634.3655
1717.408,0.5885,0.498,8.6045,-24.6315,634.3655
1717.408,0.5885,0.7335,-20.1165,5.063,634.3655
1717.408,0.5885,0.6160000000000001,8.6045,5.063,634.3655
1717.408,0.5885,0.6160000000000001,8.6045,5.063,634.3655
1717.408,0.5885,0.6160000000000001,8.6045,5.063,634.3655
1717.408,0.5885,0.6160000000000001,8.6045,5.063,634.3655
1717.408,0.5885,0.6160000000000001,8.6045,5.063,634.3655
1717.408,0.5885,0.498,-20.1165,5.063,634.3655
1717.408,0.5885,0.498,-20.1165,5.063,634.3655
1717.408,0.5885,0.7335,8.6045,5.063,634.3655
1717.408,0.5885,0.7335,-20.1165,5.063,634.3655
1717.408,0.5885,0.7335,-20.1165,5.063,634.3655
1717.408,0.5885,0.7335,8.6045,5.063,634.3655
1717.408,0.5885,0.851,-20.1165,5.063,634.3655
1717.408,0.5885,0.851,-20.1165,5.063,634.3655
1717.408,0.5885,0.7335,-20.1165,5.063,634.3655
1717.408,0.3635,0.851,8.6045,5.063,634.3655
1717.408,0.3635,0.851,8.6045,5.063,634.3655
1717.408,0.5885,0.9690000000000001,8.6045,5.063,634.3655
1717.408,0.3635,0.6160000000000001,8.6045,5.063,634.3655
1717.408,0.3635,0.3805,8.6045,-24.6315,634.3655
1717.408,0.813,0.851,8.6045,5.063,634.3655
1717.408,0.5885,0.6160000000000001,8.6045,5.063,634.3655
1717.408,0.5885,0.7335,-20.1165,5.063,634.3655
1717.408,0.5885,0.6160000000000001,8.6045,5.063,634.3655
1717.408,0.5885,0.7335,8.6045,5.063,634.3655
1717.408,0.5885,0.6160000000000001,8.6045,5.063,634.3655
1717.408,0.5885,0.7335,8.6045,5.063,634.3655
1717.408,0.5885,0.7335,8.6045,5.063,634.3655
1717.408,0.5885,0.7335,8.6045,5.063,634.3655
1717.408,0.5885,0.7335,8.6045,5.063,634.3655
1717.408,0.5885,0.7335,-20.1165,5.063,634.3655
1717.408,0.5885,0.7335,-20.1165,5.063,634.3655
1717.408,0.5885,0.7335,-20.1165,5.063,634.3655
1717.408,0.5885,0.851,8.6045,5.063,634.3655
1717.408,0.5885,0.851,-20.1165,5.063,634.3655
1717.408,0.5885,0.851,8.6045,5.063,634.3655
1717.408,0.5885,0.9690000000000001,8.6045,5.063,634.3655
1717.408,0.5885,0.9690000000000001,8.6045,5.063,634.3655
1717.408,0.5885,0.851,8.6045,5.063,634.3655
1717.408,0.5885,0.851,-20.1165,5.063,634.3655
1717.408,0.5885,0.851,8.6045,5.063,634.3655
1717.408,0.5885,0.851,8.6045,5.063,634.3655
1717.408,0.5885,0.851,8.6045,5.063,634.3655
1717.408,0.5885,0.7335,8.6045,5.063,634.3655
1717.408,0.3635,0.498,8.6045,5.063,634.3655
1717.408,0.5885,0.7335,8.6045,5.063,634.3655
1717.408,0.5885,0.7335,-20.1165,5.063,634.3655
1717.408,0.5885,0.6160000000000001,-20.1165,5.063,634.3655
1717.408,0.5885,0.6160000000000001,-20.1165,5.063,634.3655
1717.408,0.5885,0.7335,-20.1165,5.063,634.3655
1717.408,0.5885,0.851,-20.1165,5.063,634.3655
1717.408,0.5885,0.851,-20.1165,5.063,634.3655
1717.408,0.5885,0.851,8.6045,5.063,634.3655
1717.408,0.5885,0.9690000000000001,-20.1165,5.063,634.3655
1717.408,0.5885,0.9690000000000001,8.6045,5.063,634.3655
1717.408,0.5885,0.851,8.6045,5.063,634.3655
1717.408,0.5885,0.851,-20.1165,5.063,634.3655
1717.408,0.5885,0.851,8.6045,5.063,634.3655
1717.408,0.5885,0.9690000000000001,8.6045,5.063,634.3655
1717.408,0.5885,0.851,8.6045,5.063,634.3655
1717.408,0.5885,0.6160000000000001,37.3255,5.063,634.3655
1717.408,0.5885,0.6160000000000001,8.6045,5.063,634.3655
1717.408,0.5885,0.851,8.6045,5.063,634.3655
1717.408,0.5885,0.7335,8.6045,5.063,634.3655
1717.408,0.5885,0.851,8.6045,5.063,634.3655
1717.408,0.5885,0.6160000000000001,-20.1165,5.063,634.3655
1717.408,0.5885,0.6160000000000001,-20.1165,5.063,634.3655
1717.408,0.5885,0.851,-20.1165,5.063,634.3655
1717.408,0.5885,0.851,-20.1165,5.063,634.3655
1717.408,0.5885,0.851,8.6045,5.063,634.3655
1717.408,0.5885,0.9690000000000001,8.6045,5.063,634.3655
1717.408,0.5885,0.9690000000000001,8.6045,5.063,634.3655
1717.408,0.5885,0.9690000000000001,-20.1165,5.063,634.3655
1717.408,0.3635,0.851,8.6045,5.063,634.3655
1717.408,0.3635,0.851,8.6045,5.063,634.3655
1717.408,0.5885,0.9690000000000001,8.6045,5.063,634.3655
1717.408,0.5885,0.851,8.6045,5.063,634.3655
1717.408,0.5885,0.851,8.6045,5.063,634.3655
1717.408,0.3635,0.498,8.6045,5.063,634.3655
1717.408,0.5885,0.7335,8.6045,5.063,634.3655
1717.408,0.5885,0.7335,8.6045,5.063,634.3655
1717.408,0.5885,0.7335,8.6045,5.063,634.3655
1717.408,0.5885,0.6160000000000001,8.6045,5.063,634.3655
1717.408,0.5885,0.6160000000000001,-20.1165,5.063,634.3655
1717.408,0.5885,0.7335,-20.1165,5.063,634.3655
1717.408,0.5885,0.851,-20.1165,5.063,634.3655
1717.408,0.5885,0.851,8.6045,5.063,634.3655
1717.408,0.5885,0.851,8.6045,5.063,634.3655
1717.408,0.5885,0.9690000000000001,8.6045,5.063,634.3655
1717.408,0.5885,0.9690000000000001,8.6045,5.063,634.3655
1717.408,0.5885,0.9690000000000001,-20.1165,5.063,634.3655
1717.408,0.5885,0.851,-20.1165,5.063,634.3655
1717.408,0.3635,0.851,8.6045,-24.6315,634.3655
1717.408,0.3635,0.851,8.6045,5.063,634.3655
1717.408,0.3635,0.851,8.6045,5.063,634.3655
1717.408,0.5885,0.9690000000000001,8.6045,5.063,634.3655
1717.408,0.5885,0.851,8.6045,5.063,634.3655
1717.408,0.5885,0.851,8.6045,5.063,634.3655
1717.408,0.5885,0.6160000000000001,8.6045,5.063,634.3655
1717.408,0.5885,0.6160000000000001,8.6045,5.063,634.3655
1717.408,0.5885,0.851,8.6045,5.063,634.3655
1717.408,0.5885,0.7335,8.6045,5.063,634.3655
1717.408,0.5885,0.7335,8.6045,5.063,634.3655
1717.408,0.5885,0.6160000000000001,-20.1165,5.063,634.3655
1717.408,0.5885,0.6160000000000001,-20.1165,-24.6315,634.3655
1717.408,0.5885,0.851,-20.1165,5.063,634.3655
1717.408,0.5885,0.851,8.6045,5.063,634.3655
1717.408,0.5885,0.851,-20.1165,5.063,634.3655
1717.408,0.5885,0.851,8.6045,5.063,634.3655
1717.408,0.5885,0.9690000000000001,8.6045,-24.6315,634.3655
1717.408,0.5885,0.9690000000000001,8.6045,5.063,634.3655
1717.408,0.5885,0.851,-20.1165,5.063,634.3655
1717.408,0.3635,0.851,8.6045,5.063,634.3655
1717.408,0.3635,0.851,8.6045,5.063,634.3655
1717.408,0.3635,0.851,8.6045,5.063,634.3655
1717.408,0.5885,0.851,8.6045,5.063,634.3655
1717.408,0.5885,0.851,8.6045,5.063,634.3655
1717.408,0.5885,0.851,8.6045,5.063,634.3655
1717.408,0.5885,0.851,8.6045,5.063,634.3655
1717.408,0.5885,0.6160000000000001,-20.1165,5.063,634.3655
1717.408,0.3635,0.6160000000000001,8.6045,5.063,634.3655
1717.408,0.5885,0.851,8.6045,5.063,634.3655
1717.408,0.5885,0.7335,8.6045,5.063,634.3655
1717.408,0.5885,0.851,8.6045,5.063,634.3655
1717.408,0.5885,0.6160000000000001,8.6045,5.063,634.3655
1717.408,0.5885,0.7335,8.6045,5.063,634.3655
1717.408,0.5885,0.7335,8.6045,5.063,634.3655
1717.408,0.5885,0.7335,8.6045,5.063,634.3655
1717.408,0.5885,0.7335,-20.1165,5.063,634.3655
1717.408,0.5885,0.851,-20.1165,5.063,634.3655
1717.408,0.5885,0.9690000000000001,-20.1165,5.063,634.3655
1717.408,0.3635,0.851,8.6045,5.063,634.3655
1717.408,0.3635,0.851,8.6045,5.063,634.3655
1717.408,0.5885,0.9690000000000001,8.6045,5.063,634.3655
1717.408,0.3635,0.6160000000000001,37.3255,-24.6315,634.3655
1717.408,0.3635,0.3805,-20.1165,5.063,634.3655
1717.408,0.5885,0.7335,8.6045,-24.6315,634.3655
1717.408,0.5885,0.6160000000000001,8.6045,5.063,634.3655
1717.408,0.5885,0.7335,8.6045,-24.6315,634.3655
1717.408,0.5885,0.6160000000000001,8.6045,-24.6315,634.3655
1717.408,0.5885,0.498,-20.1165,5.063,634.3655
1717.408,0.5885,0.498,-20.1165,5.063,634.3655
1717.408,0.5885,0.6160000000000001,-20.1165,5.063,634.3655
1717.408,0.5885,0.7335,-20.1165,5.063,634.3655
1717.408,0.5885,0.7335,-20.1165,5.063,634.3655
1717.408,0.5885,0.851,-20.1165,5.063,634.3655
1717.408,0.5885,0.9690000000000001,-20.1165,5.063,634.3655
1717.408,0.5885,0.851,8.6045,5.063,634.3655
1717.408,0.3635,0.7335,8.6045,5.063,634.3655
1717.408,0.5885,0.851,8.6045,5.063,634.3655
1717.408,0.5885,0.851,37.3255,5.063,634.3655
1717.408,0.1389,0.3805,8.6045,5.063,634.3655
1717.408,0.5885,0.6160000000000001,8.6045,-24.6315,634.3655
1717.408,0.5885,0.7335,8.6045,5.063,634.3655
1717.408,0.5885,0.7335,8.6045,5.063,634.3655
1717.408,0.5885,0.6160000000000001,8.6045,5.063,634.3655
1717.408,0.5885,0.7335,8.6045,5.063,634.3655
1717.408,0.5885,0.6160000000000001,8.6045,-24.6315,634.3655
1717.408,0.3635,0.498,-20.1165,5.063,634.3655
1717.408,0.5885,0.6160000000000001,-20.1165,5.063,634.3655
1717.408,0.5885,0.7335,8.6045,5.063,634.3655
1717.408,0.5885,0.7335,-20.1165,5.063,634.3655
1717.408,0.5885,0.7335,-20.1165,5.063,634.3655
1717.408,0.5885,0.851,-20.1165,5.063,634.3655
1717.408,0.5885,0.851,8.6045,5.063,634.3655
1717.408,0.3635,0.851,8.6045,5.063,634.3655
1717.408,0.3635,0.851,8.6045,5.063,634.3655
1717.408,0.5885,0.851,8.6045,5.063,634.3655
1717.408,0.5885,0.851,37.3255,5.063,634.3655
1717.408,0.1389,0.263,8.6045,5.063,634.3655
1717.408,0.5885,0.7335,8.6045,5.063,634.3655
1717.408,0.5885,0.6160000000000001,8.6045,5.063,634.3655
1717.408,0.5885,0.7335,8.6045,5.063,634.3655
1717.408,0.5885,0.6160000000000001,8.6045,5.063,634.3655
1717.408,0.5885,0.7335,8.6045,5.063,634.3655
1717.408,0.5885,0.498,37.3255,-24.6315,634.3655
1717.408,0.5885,0.498,-20.1165,5.063,634.3655
1717.408,0.5885,0.6160000000000001,-20.1165,5.063,634.3655
1717.408,0.5885,0.7335,-20.1165,5.063,634.3655
1717.408,0.5885,0.7335,-20.1165,5.063,634.3655
1717.408,0.5885,0.7335,-20.1165,5.063,634.3655
1717.408,0.5885,0.851,-20.1165,5.063,634.3655
1717.408,0.5885,0.851,8.6045,5.063,634.3655
1717.408,0.3635,0.851,-20.1165,5.063,634.3655
1717.408,0.3635,0.7335,8.6045,5.063,634.3655
1717.408,0.3635,0.851,8.6045,5.063,634.3655
1717.408,0.5885,0.9690000000000001,8.6045,5.063,634.3655
1717.408,0.5885,0.7335,37.3255,5.063,634.3655
1717.408,0.3635,0.3805,-20.1165,5.063,634.3655
1717.408,0.813,0.851,8.6045,-24.6315,634.3655
1717.408,0.5885,0.6160000000000001,8.6045,5.063,634.3655
1717.408,0.5885,0.7335,-20.1165,5.063,634.3655
1717.408,0.5885,0.6160000000000001,8.6045,5.063,634.3655
1717.408,0.5885,0.7335,8.6045,5.063,634.3655
1717.408,0.5885,0.6160000000000001,8.6045,5.063,634.3655
1717.408,0.5885,0.6160000000000001,8.6045,5.063,634.3655
1717.408,0.5885,0.498,-20.1165,5.063,634.3655
1717.408,0.5885,0.498,8.6045,5.063,634.3655
1717.408,0.5885,0.7335,-20.1165,5.063,634.3655
1717.408,0.5885,0.7335,-20.1165,5.063,634.3655
1717.408,0.5885,0.7335,-20.1165,5.063,634.3655
1717.408,0.3635,0.851,-20.1165,5.063,634.3655
1717.408,0.5885,0.9690000000000001,-20.1165,5.063,634.3655
1717.408,0.3635,0.9690000000000001,-20.1165,5.063,634.3655
1717.408,0.3635,0.851,8.6045,5.063,634.3655
1717.408,0.3635,0.851,8.6045,5.063,634.3655
1717.408,0.3635,0.851,37.3255,5.063,634.3655
1717.408,0.5885,0.9690000000000001,8.6045,5.063,634.3655
1717.408,0.3635,0.7335,8.6045,5.063,634.3655
1717.408,0.1389,0.263,8.6045,5.063,634.3655
1717.408,0.5885,0.851,37.3255,-24.6315,634.3655
1717.408,-0.984,-0.0901,-20.1165,5.063,634.3655
1717.408,-0.984,-0.20750000000000002,8.6045,5.063,634.3655
1717.408,-0.984,-0.20750000000000002,8.6045,-24.6315,634.3655
1717.408,-1.2085,-0.20750000000000002,8.6045,5.063,634.3655
1717.408,-1.2085,-0.20750000000000002,8.6045,5.063,634.3655
1717.408,-1.2085,-0.20750000000000002,8.6045,5.063,634.3655
1717.408,-0.984,-0.0901,37.3255,5.063,634.3655
1717.408,-0.7595000000000001,0.027649999999999997,37.3255,5.063,634.3655
1717.408,-0.984,0.14525,-20.1165,5.063,634.3655
1717.408,-0.7595000000000001,0.027649999999999997,-20.1165,5.063,634.3655
1717.408,-0.7595000000000001,-0.0901,-20.1165,-24.6315,634.3655
1717.408,-0.984,-0.20750000000000002,-20.1165,-24.6315,634.3655
1717.408,-1.2085,-0.20750000000000002,8.6045,5.063,634.3655
1717.408,-1.2085,-0.325,8.6045,5.063,634.3655
1717.408,-0.984,-0.20750000000000002,8.6045,5.063,634.3655
1717.408,-0.984,-0.20750000000000002,8.6045,-24.6315,634.3655
1717.408,-1.2085,-0.20750000000000002,8.6045,5.063,634.3655
1717.408,-1.2085,-0.20750000000000002,8.6045,5.063,634.3655
1717.408,-0.984,-0.0901,37.3255,5.063,634.3655
1717.408,-0.5345,0.14525,66.0465,5.063,634.3655
1717.408,-0.984,0.14525,-20.1165,5.063,634.3655
1717.408,-0.984,0.14525,-20.1165,5.063,634.3655
1717.408,-0.7595000000000001,-0.0901,-48.8375,-24.6315,634.3655
1717.408,-0.984,-0.20750000000000002,-20.1165,5.063,634.3655
1717.408,-0.984,-0.20750000000000002,-20.1165,5.063,634.3655
1717.408,-1.2085,-0.325,-20.1165,5.063,634.3655
1717.408,-0.984,-0.325,8.6045,5.063,634.3655
1717.408,-0.984,-0.20750000000000002,8.6045,5.063,634.3655
1717.408,-1.2085,-0.325,8.6045,5.063,634.3655
1717.408,-1.2085,-0.20750000000000002,8.6045,5.063,634.3655
1717.408,-0.984,-0.20750000000000002,37.3255,5.063,634.3655
1717.408,-0.5345,0.027649999999999997,66.0465,5.063,634.3655
1717.408,-0.7595000000000001,0.14525,8.6045,5.063,634.3655
1717.408,-0.984,0.14525,-20.1165,5.063,634.3655
1717.408,-0.7595000000000001,0.027649999999999997,-48.8375,5.063,634.3655
1717.408,-0.984,-0.0901,-20.1165,5.063,634.3655
1717.408,-0.984,-0.20750000000000002,8.6045,5.063,634.3655
1717.408,-1.2085,-0.20750000000000002,-20.1165,5.063,634.3655
1717.408,-1.2085,-0.20750000000000002,8.6045,5.063,634.3655
1717.408,-0.984,-0.20750000000000002,8.6045,5.063,634.3655
1717.408,-0.984,-0.20750000000000002,8.6045,5.063,634.3655
1717.408,-1.2085,-0.325,8.6045,5.063,634.3655
1717.408,-1.2085,-0.20750000000000002,8.6045,5.063,634.3655
1717.408,-0.7595000000000001,-0.0901,37.3255,5.063,634.3655
1717.408,-0.5345,0.027649999999999997,37.3255,5.063,634.3655
1717.408,-0.984,0.14525,-20.1165,5.063,634.3655
1717.408,-0.984,0.027649999999999997,-20.1165,5.063,634.3655
1717.408,-0.7595000000000001,-0.0901,-20.1165,5.063,634.3655
1717.408,-0.984,-0.20750000000000002,-20.1165,5.063,634.3655
1717.408,-1.2085,-0.20750000000000002,-20.1165,5.063,634.3655
1717.408,-1.2085,-0.325,8.6045,5.063,634.3655
1717.408,-1.2085,-0.20750000000000002,8.6045,5.063,634.3655
1717.408,-0.984,-0.20750000000000002,8.6045,5.063,634.3655
1717.408,-1.2085,-0.20750000000000002,8.6045,5.063,634.3655
1717.408,-1.2085,-0.20750000000000002,8.6045,5.063,634.3655
1717.408,-1.2085,-0.20750000000000002,8.6045,5.063,634.3655
1717.408,-0.7595000000000001,-0.0901,37.3255,5.063,634.3655
1717.408,-0.5345,0.14525,37.3255,5.063,634.3655
1717.408,-0.984,0.14525,-20.1165,5.063,634.3655
1717.408,-0.7595000000000001,0.14525,-20.1165,5.063,634.3655
1717.408,-0.7595000000000001,-0.0901,-48.8375,5.063,634.3655
1717.408,-0.984,-0.20750000000000002,-20.1165,-24.6315,634.3655
1717.408,-1.2085,-0.20750000000000002,8.6045,5.063,634.3655
1717.408,-1.4335,-0.325,8.6045,5.063,634.3655
1717.408,-0.984,-0.20750000000000002,-20.1165,5.063,634.3655
1717.408,-0.984,-0.20750000000000002,8.6045,-24.6315,634.3655
1717.408,-1.2085,-0.20750000000000002,8.6045,5.063,634.3655
1717.408,-1.2085,-0.20750000000000002,8.6045,5.063,634.3655
1717.408,-1.2085,-0.20750000000000002,8.6045,5.063,634.3655
1717.408,-0.7595000000000001,-0.0901,37.3255,5.063,634.3655
1717.408,-0.7595000000000001,0.14525,37.3255,5.063,634.3655
1717.408,-0.984,0.14525,-20.1165,5.063,634.3655
1717.408,-0.7595000000000001,0.027649999999999997,-48.8375,5.063,634.3655
1717.408,-0.7595000000000001,-0.0901,-20.1165,5.063,634.3655
1717.408,-0.984,-0.20750000000000002,-20.1165,5.063,634.3655
1717.408,-1.2085,-0.20750000000000002,-20.1165,5.063,634.3655
1717.408,-1.2085,-0.20750000000000002,8.6045,5.063,634.3655
1717.408,-0.984,-0.20750000000000002,8.6045,5.063,634.3655
1717.408,-0.984,-0.20750000000000002,8.6045,-24.6315,634.3655
1717.408,-1.2085,-0.325,8.6045,5.063,634.3655
1717.408,-1.2085,-0.20750000000000002,8.6045,5.063,634.3655
1717.408,-1.2085,-0.20750000000000002,8.6045,5.063,634.3655
1717.408,-0.7595000000000001,-0.0901,37.3255,5.063,634.3655
1717.408,-0.5345,0.14525,37.3255,5.063,634.3655
1717.408,-0.984,0.14525,-20.1165,5.063,634.3655
1717.408,-0.7595000000000001,0.027649999999999997,-48.8375,5.063,634.3655
1717.408,-0.7595000000000001,-0.0901,-20.1165,5.063,634.3655
1717.408,-1.2085,-0.20750000000000002,-20.1165,5.063,634.3655
1717.408,-1.2085,-0.325,-20.1165,5.063,634.3655
1717.408,-1.2085,-0.20750000000000002,8.6045,5.063,634.3655
1717.408,-0.984,-0.20750000000000002,8.6045,5.063,634.3655
1717.408,-0.984,-0.20750000000000002,8.6045,-24.6315,634.3655
1717.408,-0.984,-0.20750000000000002,8.6045,5.063,634.3655
1717.408,-1.2085,-0.20750000000000002,8.6045,5.063,634.3655
1717.408,-1.2085,-0.20750000000000002,8.6045,5.063,634.3655
1717.408,-0.7595000000000001,-0.0901,37.3255,5.063,634.3655
1717.408,-0.5345,0.027649999999999997,37.3255,5.063,634.3655
1717.408,-0.984,0.14525,-20.1165,5.063,634.3655
1717.408,-0.7595000000000001,0.14525,-20.1165,5.063,634.3655
1717.408,-0.7595000000000001,0.027649999999999997,-20.1165,5.063,634.3655
1717.408,-0.984,-0.20750000000000002,-20.1165,5.063,634.3655
1717.408,-1.2085,-0.20750000000000002,-20.1165,5.063,634.3655
1717.408,-1.2085,-0.325,8.6045,5.063,634.3655
1717.408,-1.2085,-0.20750000000000002,8.6045,5.063,634.3655
1717.408,-0.984,-0.20750000000000002,8.6045,5.063,634.3655
1717.408,-0.984,-0.20750000000000002,8.6045,5.063,634.3655
1717.408,-1.2085,-0.20750000000000002,8.6045,-24.6315,634.3655
1717.408,-1.2085,-0.325,8.6045,5.063,634.3655
1717.408,-1.2085,-0.20750000000000002,8.6045,5.063,634.3655
1717.408,-0.7595000000000001,-0.0901,66.0465,5.063,634.3655
1717.408,-0.7595000000000001,0.14525,8.6045,5.063,634.3655
1717.408,-0.984,0.027649999999999997,-20.1165,5.063,634.3655
1717.408,-0.7595000000000001,-0.0901,-20.1165,5.063,634.3655
1717.408,-0.984,-0.20750000000000002,-20.1165,5.063,634.3655
1717.408,-0.984,-0.20750000000000002,-20.1165,5.063,634.3655
1717.408,-1.2085,-0.325,8.6045,5.063,634.3655
1717.408,-1.2085,-0.20750000000000002,8.6045,5.063,634.3655
1717.408,-0.984,-0.20750000000000002,8.6045,5.063,634.3655
1717.408,-0.984,-0.20750000000000002,-20.1165,5.063,634.3655
1717.408,-0.984,-0.20750000000000002,8.6045,-24.6315,634.3655
1717.408,-1.2085,-0.20750000000000002,8.6045,5.063,634.3655
1717.408,-1.2085,-0.20750000000000002,8.6045,5.063,634.3655
1717.408,-0.984,-0.0901,37.3255,5.063,634.3655
1717.408,-0.5345,0.027649999999999997,37.3255,5.063,634.3655
1717.408,-0.984,0.14525,-20.1165,5.063,634.3655
1717.408,-0.7595000000000001,0.027649999999999997,-20.1165,-24.6315,634.3655
1717.408,-0.7595000000000001,-0.0901,-48.8375,5.063,634.3655
1717.408,-0.984,-0.20750000000000002,-20.1165,5.063,634.3655
1717.408,-1.2085,-0.325,-20.1165,5.063,634.3655
1717.408,-1.2085,-0.443,8.6045,5.063,634.3655
1717.408,-0.984,-0.20750000000000002,-20.1165,5.063,634.3655
1717.408,-0.984,-0.20750000000000002,8.6045,5.063,634.3655
1717.408,-0.984,-0.20750000000000002,8.6045,34.757,634.3655
1717.408,-0.984,-0.20750000000000002,8.6045,5.063,634.3655
1717.408,-0.984,-0.20750000000000002,8.6045,5.063,634.3655
1717.408,-0.984,-0.325,8.6045,5.063,634.3655
1717.408,-0.984,-0.20750000000000002,8.6045,5.063,634.3655
1717.408,-1.2085,-0.20750000000000002,8.6045,-24.6315,634.3655
1717.408,-1.2085,-0.0901,8.6045,-24.6315,634.3655
1717.408,-1.2085,-0.0901,8.6045,5.063,634.3655
1717.408,-0.984,-0.0901,37.3255,5.063,634.3655
1717.408,-0.7595000000000001,0.027649999999999997,66.0465,-24.6315,634.3655
1717.408,-0.7595000000000001,0.263,37.3255,5.063,634.3655
1717.408,-0.984,0.3805,8.6045,5.063,634.3655
1717.408,-0.984,0.3805,-20.1165,5.063,634.3655
1717.408,-0.984,0.263,-48.8375,-24.6315,634.3655
1717.408,-0.984,0.14525,-48.8375,5.063,634.3655
1717.408,-0.984,0.027649999999999997,-20.1165,5.063,634.3655
1717.408,-0.984,-0.0901,8.6045,5.063,634.3655
1717.408,-0.984,-0.0901,8.6045,5.063,634.3655
1717.408,-1.2085,-0.0901,-20.1165,5.063,634.3655
1717.408,-1.2085,-0.0901,8.6045,5.063,634.3655
1717.408,-0.984,-0.0901,8.6045,5.063,634.3655
1717.408,-1.2085,-0.0901,8.6045,5.063,634.3655
1717.408,-1.2085,-0.0901,8.6045,5.063,634.3655
1717.408,-1.2085,-0.0901,8.6045,5.063,634.3655
1717.408,-0.984,0.027649999999999997,37.3255,5.063,634.3655
1717.408,-0.7595000000000001,0.14525,66.0465,-24.6315,634.3655
1717.408,-0.984,0.3805,8.6045,5.063,634.3655
1717.408,-0.984,0.3805,-20.1165,5.063,634.3655
1717.408,-0.984,0.263,-48.8375,5.063,634.3655
1717.408,-0.984,0.14525,-48.8375,5.063,634.3655
1717.408,-0.984,0.027649999999999997,-20.1165,5.063,634.3655
1717.408,-0.984,0.027649999999999997,8.6045,5.063,634.3655
1717.408,-0.984,-0.0901,8.6045,5.063,634.3655
1717.408,-1.2085,0.027649999999999997,-20.1165,5.063,634.3655
1717.408,-1.2085,-0.0901,8.6045,5.063,634.3655
1717.408,-0.984,0.027649999999999997,8.6045,5.063,634.3655
1717.408,-1.2085,0.027649999999999997,8.6045,5.063,634.3655
1717.408,-1.2085,-0.0901,8.6045,5.063,634.3655
1717.408,-1.2085,-0.0901,8.6045,5.063,634.3655
1717.408,-0.984,0.027649999999999997,37.3255,5.063,634.3655
1717.408,-0.7595000000000001,0.027649999999999997,66.0465,5.063,634.3655
1717.408,-0.7595000000000001,0.263,37.3255,5.063,634.3655
1717.408,-0.984,0.3805,8.6045,5.063,634.3655
1717.408,-0.984,0.3805,-20.1165,5.063,634.3655
1717.408,-0.7595000000000001,0.263,-48.8375,5.063,634.3655
1717.408,-0.984,0.14525,-48.8375,5.063,634.3655
1717.408,-0.984,0.027649999999999997,-20.1165,5.063,634.3655
1717.408,-0.984,-0.0901,8.6045,5.063,634.3655
1717.408,-0.984,-0.0901,8.6045,5.063,634.3655
1717.408,-1.2085,-0.0901,-20.1165,5.063,634.3655
1717.408,-1.2085,-0.0901,8.6045,5.063,634.3655
1717.408,-0.984,-0.0901,8.6045,5.063,634.3655
1717.408,-1.2085,-0.0901,8.6045,5.063,634.3655
1717.408,-1.2085,-0.0901,8.6045,5.063,634.3655
1717.408,-1.2085,-0.0901,8.6045,5.063,634.3655
1717.408,-0.7595000000000001,0.027649999999999997,37.3255,5.063,634.3655
1717.408,-0.5345,0.263,66.0465,-24.6315,634.3655
1717.408,-0.984,0.3805,8.6045,5.063,634.3655
1717.408,-0.984,0.498,-20.1165,5.063,634.3655
1717.408,-0.984,0.263,-48.8375,5.063,634.3655
1717.408,-0.984,0.14525,-48.8375,5.063,634.3655
1717.408,-0.984,0.027649999999999997,-20.1165,5.063,634.3655
1717.408,-0.984,0.027649999999999997,-20.1165,5.063,634.3655
1717.408,-0.984,-0.0901,8.6045,5.063,634.3655
1717.408,-0.984,-0.0901,8.6045,5.063,634.3655
1717.408,-1.2085,-0.0901,8.6045,5.063,634.3655
1717.408,-1.2085,-0.0901,8.6045,5.063,634.3655
1717.408,-0.984,-0.0901,8.6045,5.063,634.3655
1717.408,-1.2085,-0.0901,8.6045,5.063,634.3655
1717.408,-1.2085,-0.0901,8.6045,5.063,634.3655
1717.408,-1.2085,-0.0901,8.6045,5.063,634.3655
1717.408,-0.984,0.027649999999999997,37.3255,5.063,634.3655
1717.408,-0.7595000000000001,0.14525,66.0465,,634.3655
1717.408,-0.7595000000000001,0.263,37.3255,-24.6315,634.3655
1717.408,-0.984,0.498,8.6045,5.063,634.3655
1717.408,-0.984,0.3805,-20.1165,5.063,634.3655
1717.408,-0.984,0.3805,-48.8375,5.063,634.3655
1717.408,-0.984,0.14525,-48.8375,5.063,634.3655
1717.408,-0.984,0.027649999999999997,-20.1165,5.063,634.3655
1717.408,-0.984,0.027649999999999997,-20.1165,-24.6315,634.3655
1717.408,-0.984,-0.0901,8.6045,5.063,634.3655
1717.408,-0.984,-0.0901,8.6045,5.063,634.3655
1717.408,-1.2085,-0.0901,-20.1165,5.063,634.3655
1717.408,-1.2085,-0.0901,8.6045,5.063,634.3655
1717.408,-1.2085,-0.0901,8.6045,5.063,634.3655
1717.408,-1.2085,-0.0901,8.6045,5.063,634.3655
1717.408,-1.2085,-0.0901,8.6045,,634.3655
1717.408,-0.984,-0.0901,8.6045,5.063,634.3655
1717.408,-0.7595000000000001,0.027649999999999997,66.0465,5.063,634.3655
1717.408,-0.7595000000000001,0.263,66.0465,-24.6315,634.3655
1717.408,-0.984,0.3805,8.6045,5.063,634.3655
1717.408,-0.984,0.3805,-20.1165,5.063,634.3655
1717.408,-0.984,0.3805,-20.1165,5.063,634.3655
1717.408,-0.7595000000000001,0.14525,-48.8375,5.063,634.3655
1717.408,-0.984,0.027649999999999997,-20.1165,5.063,634.3655
1717.408,-0.984,0.027649999999999997,8.6045,-24.6315,634.3655
1717.408,-0.984,-0.0901,8.6045,5.063,634.3655
1717.408,-0.984,-0.0901,8.6045,5.063,634.3655
1717.408,-1.2085,-0.0901,-20.1165,5.063,634.3655
1717.408,-1.2085,-0.0901,8.6045,5.063,634.3655
1717.408,-0.984,-0.0901,8.6045,5.063,634.3655
1717.408,-1.2085,-0.0901,8.6045,5.063,634.3655
1717.408,-1.2085,-0.0901,8.6045,5.063,634.3655
1717.408,-1.2085,-0.0901,8.6045,5.063,634.3655
1717.408,-0.984,-0.0901,37.3255,5.063,634.3655
1717.408,-0.7595000000000001,0.14525,94.7675,-24.6315,634.3655
1717.408,-0.7595000000000001,0.3805,37.3255,5.063,634.3655
1717.408,-0.984,0.3805,8.6045,5.063,634.3655
1717.408,-0.984,0.3805,-20.1165,5.063,634.3655
1717.408,-0.984,0.263,-48.8375,5.063,634.3655
1717.408,-0.984,0.14525,-48.8375,5.063,634.3655
1717.408,-0.984,0.027649999999999997,-20.1165,5.063,634.3655
1717.408,-0.984,0.027649999999999997,8.6045,5.063,634.3655
1717.408,-0.984,-0.0901,8.6045,5.063,634.3655
1717.408,-0.984,-0.0901,8.6045,5.063,634.3655
1717.408,-1.2085,-0.0901,8.6045,5.063,634.3655
1717.408,-1.2085,-0.0901,8.6045,5.063,634.3655
1717.408,-0.984,-0.0901,8.6045,5.063,634.3655
1717.408,-0.984,-0.0901,8.6045,5.063,634.3655
1717.408,-1.2085,-0.0901,8.6045,5.063,634.3655
1717.408,-1.2085,-0.0901,-20.1165,5.063,634.3655
1717.408,-1.2085,-0.0901,8.6045,5.063,634.3655
1717.408,-0.984,-0.0901,37.3255,5.063,634.3655
1717.408,-0.7595000000000001,0.027649999999999997,66.0465,-24.6315,634.3655
1717.408,-0.984,0.263,8.6045,5.063,634.3655
1717.408,-0.984,0.3805,-20.1165,5.063,634.3655
1717.408,-0.984,0.263,-48.8375,5.063,634.3655
1717.408,-0.7595000000000001,0.14525,-48.8375,5.063,634.3655
1717.408,-0.984,0.027649999999999997,-20.1165,5.063,634.3655
1717.408,-0.984,0.027649999999999997,8.6045,5.063,634.3655
1717.408,-0.984,-0.0901,8.6045,5.063,634.3655
1717.408,-1.2085,-0.0901,8.6045,5.063,634.3655
1717.408,-1.2085,-0.0901,-20.1165,5.063,634.3655
1717.408,-1.2085,-0.0901,8.6045,5.063,634.3655
1717.408,-1.2085,-0.0901,8.6045,5.063,634.3655
1717.408,-1.2085,-0.0901,8.6045,5.063,634.3655
1717.408,-1.2085,-0.0901,8.6045,-24.6315,634.3655
1717.408,-0.984,-0.0901,37.3255,5.063,634.3655
1717.408,-0.7595000000000001,0.027649999999999997,66.0465,-24.6315,634.3655
1717.408,-0.7595000000000001,0.263,37.3255,5.063,634.3655
1717.408,-0.984,0.3805,8.6045,5.063,634.3655
1717.408,-0.984,0.3805,-20.1165,5.063,634.3655
1717.408,-0.7595000000000001,0.263,-48.8375,5.063,634.3655
1717.408,-0.984,0.14525,-48.8375,5.063,634.3655
1717.408,-0.984,0.027649999999999997,-20.1165,5.063,634.3655
1717.408,-0.984,-0.0901,8.6045,5.063,634.3655
1717.408,-0.984,-0.0901,8.6045,5.063,634.3655
1717.408,-1.2085,-0.0901,-20.1165,5.063,634.3655
1717.408,-1.2085,-0.20750000000000002,8.6045,5.063,634.3655
1717.408,-0.984,-0.0901,8.6045,5.063,634.3655
1717.408,-1.2085,-0.0901,8.6045,5.063,634.3655
1717.408,-1.2085,-0.0901,8.6045,5.063,634.3655
1717.408,-1.2085,-0.0901,8.6045,5.063,634.3655
1717.408,-0.984,-0.0901,37.3255,5.063,634.3655
1717.408,-0.7595000000000001,0.027649999999999997,66.0465,5.063,634.3655
1717.408,-0.7595000000000001,0.263,66.0465,5.063,634.3655
1717.408,-0.984,0.498,8.6045,5.063,634.3655
1717.408,-0.984,0.498,-20.1165,5.063,634.3655
1717.408,-0.984,0.3805,-48.8375,5.063,634.3655
1717.408,-0.7595000000000001,0.14525,-48.8375,5.063,634.3655
1717.408,-0.984,0.027649999999999997,-20.1165,5.063,634.3655
1717.408,-0.984,-0.0901,8.6045,5.063,634.3655
1717.408,-0.984,-0.0901,8.6045,5.063,634.3655
1717.408,-0.984,-0.0901,-20.1165,5.063,634.3655
1717.408,-1.2085,-0.20750000000000002,-20.1165,-24.6315,634.3655
1717.408,-1.2085,-0.20750000000000002,-20.1165,5.063,634.3655
1717.408,-0.984,-0.20750000000000002,8.6045,5.063,634.3655
1717.408,-0.984,0.027649999999999997,8.6045,-24.6315,634.3655
1717.408,-0.984,0.027649999999999997,-20.1165,5.063,634.3655
1717.408,-0.984,-0.0901,-20.1165,-24.6315,634.3655
1717.408,-0.984,-0.0901,8.6045,5.063,634.3655
1717.408,-0.984,-0.0901,8.6045,-24.6315,634.3655
1717.408,-1.2085,-0.0901,8.6045,5.063,634.3655
1717.408,-1.2085,-0.0901,8.6045,5.063,634.3655
1717.408,-1.2085,-0.0901,8.6045,5.063,634.3655
1717.408,-1.2085,-0.0901,8.6045,5.063,634.3655
1717.408,-0.984,0.027649999999999997,37.3255,5.063,634.3655
1717.408,-0.5345,0.14525,37.3255,5.063,634.3655
1717.408,-0.984,0.263,-20.1165,5.063,634.3655
1717.408,-0.7595000000000001,0.14525,-48.8375,5.063,634.3655
1717.408,-0.984,0.14525,-20.1165,-24.6315,634.3655
1717.408,-0.984,0.027649999999999997,-20.1165,5.063,634.3655
1717.408,-0.984,-0.0901,8.6045,5.063,634.3655
1717.408,-1.2085,-0.0901,8.6045,-24.6315,634.3655
1717.408,-1.2085,-0.0901,8.6045,5.063,634.3655
1717.408,-0.984,-0.0901,8.6045,5.063,634.3655
1717.408,-1.2085,-0.0901,8.6045,5.063,634.3655
1717.408,-1.2085,-0.0901,8.6045,5.063,634.3655
1717.408,-1.2085,-0.0901,8.6045,5.063,634.3655
1717.408,-0.984,0.027649999999999997,66.0465,5.063,634.3655
1717.408,-0.5345,0.263,37.3255,5.063,634.3655
1717.408,-0.984,0.263,-20.1165,5.063,634.3655
1717.408,-0.7595000000000001,0.14525,-48.8375,5.063,634.3655
1717.408,-0.984,0.027649999999999997,-20.1165,-24.6315,634.3655
1717.408,-0.984,-0.0901,8.6045,5.063,634.3655
1717.408,-1.2085,-0.0901,8.6045,5.063,634.3655
1717.408,-1.2085,-0.0901,8.6045,5.063,634.3655
1717.408,-0.984,0.027649999999999997,-20.1165,34.757,634.3655
1717.408,-1.2085,0.027649999999999997,8.6045,-24.6315,634.3655
1717.408,-0.984,-0.0901,8.6045,5.063,634.3655
1717.408,-1.2085,-0.0901,8.6045,5.063,634.3655
1717.408,-1.2085,-0.0901,8.6045,5.063,634.3655
1717.408,-1.2085,-0.0901,8.6045,5.063,634.3655
1717.408,-0.7595000000000001,0.027649999999999997,66.0465,5.063,634.3655
1717.408,-0.5345,0.263,8.6045,5.063,634.3655
1717.408,-0.984,0.263,-48.8375,5.063,634.3655
1717.408,-0.7595000000000001,0.14525,-20.1165,-24.6315,634.3655
1717.408,-0.984,-0.0901,-20.1165,5.063,634.3655
1717.408,-0.984,-0.0901,-20.1165,5.063,634.3655
1717.408,-1.2085,-0.0901,8.6045,-24.6315,634.3655
1717.408,-1.2085,0.027649999999999997,-20.1165,34.757,634.3655
1717.408,-0.984,-0.0901,-20.1165,5.063,634.3655
1717.408,-0.984,-0.0901,8.6045,-24.6315,634.3655
1717.408,-0.984,-0.0901,8.6045,5.063,634.3655
1717.408,-0.984,-0.0901,8.6045,5.063,634.3655
1717.408,-1.2085,-0.0901,8.6045,5.063,634.3655
1717.408,-1.2085,-0.0901,8.6045,5.063,634.3655
1717.408,-1.2085,-0.0901,8.6045,5.063,634.3655
,-0.7595000000000001,0.027649999999999997,37.3255,5.063,634.3655
,-0.5345,0.263,8.6045,5.063,634.3655
1717.408,-0.984,0.263,-20.1165,5.063,634.3655
1717.408,-0.7595000000000001,0.14525,-48.8375,5.063,634.3655
1717.408,-0.984,0.027649999999999997,-20.1165,5.063,634.3655
1717.408,-0.984,-0.0901,-20.1165,5.063,634.3655
1717.408,-1.2085,-0.0901,8.6045,5.063,634.3655
1717.408,-1.2085,-0.0901,8.6045,5.063,634.3655
1717.408,-1.2085,-0.0901,-20.1165,34.757,634.3655
1717.408,-0.984,-0.0901,8.6045,34.757,634.3655
1717.408,-1.2085,0.027649999999999997,-20.1165,-24.6315,634.3655
1717.408,-0.984,-0.20750000000000002,8.6045,-24.6315,634.3655
1717.408,-0.984,0.027649999999999997,8.6045,5.063,634.3655
1717.408,-1.2085,0.027649999999999997,-20.1165,5.063,634.3655
1717.408,-1.2085,-0.0901,8.6045,5.063,634.3655
1717.408,-1.2085,-0.0901,8.6045,5.063,634.3655
1717.408,-0.984,0.027649999999999997,37.3255,5.063,634.3655
1717.408,-0.5345,0.027649999999999997,37.3255,5.063,634.3655
1717.408,-0.7595000000000001,0.263,-20.1165,5.063,634.3655
1717.408,-0.7595000000000001,0.14525,-20.1165,5.063,634.3655
1717.408,-0.7595000000000001,0.027649999999999997,-20.1165,5.063,634.3655
1717.408,-0.984,-0.0901,-20.1165,5.063,634.3655
1717.408,-1.2085,-0.0901,8.6045,5.063,634.3655
1717.408,-1.2085,-0.0901,8.6045,-24.6315,634.3655
1717.408,-1.2085,-0.0901,8.6045,5.063,634.3655
1717.408,-0.984,-0.0901,8.6045,34.757,634.3655
1717.408,-0.984,-0.0901,8.6045,-24.6315,634.3655
1717.408,-0.984,0.027649999999999997,-20.1165,5.063,634.3655
1717.408,-0.984,-0.0901,8.6045,5.063,634.3655
1717.408,-0.984,-0.0901,8.6045,5.063,634.3655
1717.408,-0.984,-0.0901,-20.1165,5.063,634.3655
1717.408,-1.2085,-0.0901,8.6045,5.063,634.3655
1717.408,-1.2085,-0.0901,8.6045,5.063,634.3655
1717.408,-1.2085,-0.0901,8.6045,5.063,634.3655
1717.408,-0.984,0.027649999999999997,37.3255,5.063,634.3655
1717.408,-0.7595000000000001,0.027649999999999997,37.3255,5.063,634.3655
1717.408,-0.7595000000000001,0.263,-20.1165,5.063,634.3655
1717.408,-0.984,0.263,-20.1165,5.063,634.3655
1717.408,-0.7595000000000001,0.027649999999999997,-20.1165,5.063,634.3655
1717.408,-0.984,0.027649999999999997,-20.1165,-24.6315,634.3655
1717.408,-1.2085,-0.0901,8.6045,5.063,634.3655
1717.408,-1.2085,-0.0901,8.6045,-24.6315,634.3655
1717.408,-1.2085,-0.0901,8.6045,5.063,634.3655
1717.408,-0.984,0.027649999999999997,-20.1165,34.757,634.3655
1717.408,-0.984,-0.0901,8.6045,-24.6315,634.3655
1717.408,-0.984,-0.0901,8.6045,5.063,634.3655
1717.408,-1.2085,-0.0901,8.6045,-24.6315,634.3655
1717.408,-1.2085,-0.0901,8.6045,5.063,634.3655
1717.408,-1.2085,-0.0901,8.6045,5.063,634.3655
1717.408,-0.984,0.027649999999999997,37.3255,5.063,634.3655
1717.408,-0.5345,0.14525,37.3255,-24.6315,634.3655
1717.408,-0.984,0.263,-20.1165,5.063,634.3655
1717.408,-0.7595000000000001,0.14525,-48.8375,5.063,634.3655
1717.408,-0.984,0.027649999999999997,-20.1165,5.063,634.3655
1717.408,-0.984,-0.0901,8.6045,-24.6315,634.3655
1717.408,-1.2085,-0.0901,-20.1165,-24.6315,634.3655
1717.408,-1.2085,-0.0901,8.6045,34.757,634.3655
1717.408,-0.984,-0.0901,-20.1165,64.45150000000001,634.3655
1717.408,-0.984,-0.0901,8.6045,5.063,634.3655
1717.408,-0.984,0.027649999999999997,8.6045,-24.6315,634.3655
1717.408,-0.984,0.027649999999999997,8.6045,5.063,634.3655
1717.408,-0.984,-0.0901,8.6045,-24.6315,634.3655
1717.408,-0.984,-0.0901,-20.1165,5.063,634.3655
1717.408,-1.2085,-0.0901,8.6045,-24.6315,634.3655
1717.408,-1.2085,-0.0901,8.6045,-24.6315,634.3655
1717.408,-1.2085,-0.0901,8.6045,5.063,634.3655
1717.408,-0.984,0.027649999999999997,37.3255,5.063,634.3655
1717.408,-0.7595000000000001,0.027649999999999997,37.3255,5.063,634.3655
1717.408,-0.7595000000000001,0.263,-20.1165,5.063,634.3655
1717.408,-0.7595000000000001,0.14525,-48.8375,5.063,-4900.724
1717.408,-0.7595000000000001,0.027649999999999997,-20.1165,-24.6315,634.3655
1717.408,-0.984,-0.0901,8.6045,5.063,634.3655
1717.408,-1.2085,-0.0901,8.6045,-24.6315,634.3655
1717.408,-1.2085,-0.20750000000000002,8.6045,5.063,634.3655
1717.408,-0.984,0.027649999999999997,-20.1165,5.063,634.3655
1717.408,-0.984,-0.0901,8.6045,34.757,634.3655
1717.408,-0.984,0.027649999999999997,8.6045,-24.6315,634.3655
1717.408,-0.984,-0.0901,8.6045,5.063,634.3655
1717.408,-0.984,0.027649999999999997,8.6045,-24.6315,634.3655
1717.408,-1.2085,-0.0901,8.6045,5.063,634.3655
1717.408,-1.2085,-0.0901,8.6045,5.063,634.3655
1717.408,-1.2085,-0.0901,8.6045,5.063,634.3655
1717.408,-0.984,0.027649999999999997,37.3255,5.063,634.3655
1717.408,-0.7595000000000001,0.027649999999999997,37.3255,5.063,634.3655
1717.408,-0.7595000000000001,0.263,-20.1165,5.063,634.3655
1717.408,-0.7595000000000001,0.14525,-20.1165,5.063,634.3655
1717.408,-0.984,0.027649999999999997,-20.1165,5.063,634.3655
1717.408,-0.984,-0.0901,-20.1165,-24.6315,634.3655
1717.408,-1.2085,-0.0901,8.6045,5.063,634.3655
1717.408,-1.2085,-0.20750000000000002,8.6045,34.757,634.3655
1717.408,-0.984,0.027649999999999997,-20.1165,94.146,634.3655
1717.408,-0.984,-0.0901,8.6045,-54.326,634.3655
1717.408,-0.984,-0.0901,8.6045,5.063,634.3655
1717.408,-0.984,0.027649999999999997,8.6045,-24.6315,634.3655
1717.408,-0.984,0.027649999999999997,8.6045,-24.6315,634.3655
1717.408,-1.2085,0.027649999999999997,8.6045,5.063,634.3655
1717.408,-1.2085,-0.0901,8.6045,5.063,634.3655
1717.408,-1.2085,-0.0901,8.6045,5.063,634.3655
1717.408,-1.2085,0.027649999999999997,8.6045,5.063,634.3655
1717.408,-0.7595000000000001,0.027649999999999997,37.3255,5.063,634.3655
1717.408,-0.7595000000000001,0.14525,8.6045,-24.6315,634.3655
1717.408,-0.984,0.263,-48.8375,5.063,634.3655
1717.408,-0.7595000000000001,0.027649999999999997,-48.8375,5.063,634.3655
1717.408,-0.984,0.027649999999999997,-20.1165,-24.6315,634.3655
1717.408,-1.2085,-0.0901,8.6045,-24.6315,634.3655
1717.408,-1.2085,-0.0901,8.6045,5.063,634.3655
1717.408,-1.2085,-0.0901,8.6045,34.757,634.3655
1717.408,-0.984,0.027649999999999997,8.6045,5.063,634.3655
1717.408,-0.984,-0.0901,8.6045,5.063,634.3655
1717.408,-0.984,-0.0901,8.6045,5.063,634.3655
1717.408,-0.984,0.027649999999999997,8.6045,5.063,634.3655
1717.408,-0.984,-0.0901,8.6045,5.063,634.3655
1717.408,-0.984,0.027649999999999997,8.6045,5.063,634.3655
1717.408,-0.984,-0.0901,8.6045,5.063,634.3655
1717.408,-0.984,-0.0901,8.6045,5.063,634.3655
,-0.984,-0.0901,8.6045,5.063,634.3655
1717.408,-1.2085,-0.0901,8.6045,34.757,634.3655
1717.408,-1.2085,-0.0901,37.3255,5.063,634.3655
1717.408,-1.2085,-0.0901,8.6045,-54.326,634.3655
1717.408,-0.984,0.14525,37.3255,-54.326,634.3655
1717.408,-0.984,0.14525,66.0465,-84.0205,634.3655
1717.408,-0.5345,0.263,66.0465,-54.326,634.3655
1717.408,-0.7595000000000001,0.498,8.6045,34.757,634.3655
1717.408,-0.984,-0.20750000000000002,8.6045,5.063,634.3655
1717.408,-0.984,-0.0901,8.6045,5.063,634.3655
1717.408,-0.984,-0.20750000000000002,8.6045,-24.6315,634.3655
1717.408,-0.984,-0.0901,8.6045,5.063,634.3655
1717.408,-0.984,-0.0901,8.6045,5.063,634.3655
1717.408,-1.2085,-0.0901,8.6045,-24.6315,634.3655
1717.408,-1.2085,-0.0901,8.6045,-24.6315,634.3655
1717.408,-0.984,-0.0901,8.6045,5.063,634.3655
1717.408,-0.984,0.027649999999999997,66.0465,-24.6315,634.3655
1717.408,-0.7595000000000001,0.14525,66.0465,5.063,634.3655
1717.408,-0.7595000000000001,0.3805,8.6045,5.063,634.3655
1717.408,-0.984,0.3805,-20.1165,5.063,634.3655
1717.408,-0.984,0.3805,-48.8375,5.063,634.3655
1717.408,-0.984,0.14525,-48.8375,5.063,634.3655
1717.408,-0.984,0.027649999999999997,-20.1165,5.063,634.3655
1717.408,-0.984,0.027649999999999997,8.6045,5.063,634.3655
1717.408,-0.984,-0.0901,8.6045,5.063,634.3655
1717.408,-0.984,-0.0901,8.6045,5.063,634.3655
1717.408,-1.4335,-0.0901,8.6045,-24.6315,634.3655
1717.408,-0.984,0.027649999999999997,8.6045,5.063,634.3655
1717.408,-1.2085,-0.0901,8.6045,5.063,634.3655
1717.408,-1.2085,-0.0901,-20.1165,5.063,634.3655
1717.408,-1.2085,-0.0901,8.6045,-24.6315,634.3655
1717.408,-1.2085,-0.0901,37.3255,5.063,634.3655
1717.408,-0.984,0.027649999999999997,66.0465,-24.6315,634.3655
1717.408,-0.5345,0.263,37.3255,5.063,634.3655
1717.408,-0.984,0.3805,-20.1165,5.063,634.3655
1717.408,-0.7595000000000001,0.3805,-48.8375,5.063,634.3655
1717.408,-0.984,0.14525,-48.8375,5.063,634.3655
1717.408,-0.984,0.027649999999999997,-20.1165,5.063,634.3655
1717.408,-0.984,-0.0901,8.6045,5.063,634.3655
1717.408,-0.984,-0.0901,8.6045,5.063,634.3655
1717.408,-1.2085,-0.0901,8.6045,5.063,634.3655
1717.408,-1.4335,-0.0901,8.6045,5.063,634.3655
1717.408,-1.2085,-0.0901,8.6045,5.063,634.3655
1717.408,-1.2085,-0.0901,8.6045,5.063,634.3655
1717.408,-0.984,-0.0901,8.6045,5.063,634.3655
1717.408,-0.7595000000000001,0.027649999999999997,66.0465,-24.6315,634.3655
1717.408,-0.5345,0.263,37.3255,5.063,634.3655
1717.408,-0.984,0.3805,-20.1165,5.063,634.3655
1717.408,-0.984,0.263,-48.8375,5.063,634.3655
1717.408,-0.984,0.14525,-48.8375,5.063,634.3655
1717.408,-0.984,0.027649999999999997,-20.1165,5.063,634.3655
1717.408,-0.984,-0.0901,-20.1165,5.063,634.3655
1717.408,-0.984,-0.0901,8.6045,5.063,634.3655
1717.408,-0.984,-0.0901,8.6045,5.063,634.3655
1717.408,-1.2085,-0.0901,8.6045,5.063,634.3655
1717.408,-1.2085,-0.0901,8.6045,5.063,634.3655
1717.408,-1.2085,-0.0901,8.6045,5.063,634.3655
1717.408,-1.2085,-0.0901,8.6045,5.063,634.3655
1717.408,-0.984,-0.0901,37.3255,5.063,634.3655
1717.408,-0.7595000000000001,0.027649999999999997,66.0465,-24.6315,634.3655
1717.408,-0.5345,0.3805,8.6045,5.063,634.3655
1717.408,-0.984,0.3805,-20.1165,5.063,634.3655
1717.408,-0.7595000000000001,0.14525,-48.8375,5.063,634.3655
1717.408,-0.984,0.027649999999999997,-48.8375,5.063,634.3655
1717.408,-0.984,-0.0901,-20.1165,-24.6315,634.3655
1717.408,-0.984,-0.0901,8.6045,5.063,634.3655
1717.408,-0.984,-0.0901,8.6045,5.063,634.3655
1717.408,-1.2085,-0.0901,8.6045,5.063,634.3655
1717.408,-1.4335,-0.0901,8.6045,5.063,634.3655
1717.408,-1.2085,-0.0901,8.6045,5.063,634.3655
1717.408,-1.2085,-0.0901,8.6045,5.063,634.3655
1717.408,-0.984,-0.0901,37.3255,5.063,634.3655
1717.408,-0.7595000000000001,0.027649999999999997,94.7675,-24.6315,634.3655
1717.408,-0.7595000000000001,0.263,8.6045,5.063,634.3655
1717.408,-0.984,0.3805,-20.1165,5.063,634.3655
1717.408,-0.7595000000000001,0.263,-48.8375,5.063,634.3655
1717.408,-0.984,0.14525,-48.8375,5.063,634.3655
1717.408,-0.984,0.027649999999999997,-20.1165,5.063,634.3655
1717.408,-0.984,-0.0901,8.6045,5.063,634.3655
1717.408,-0.984,-0.0901,8.6045,5.063,634.3655
1717.408,-0.984,-0.0901,8.6045,5.063,634.3655
1717.408,-1.4335,-0.0901,8.6045,5.063,634.3655
1717.408,-1.2085,-0.0901,8.6045,5.063,634.3655
1717.408,-1.2085,-0.0901,8.6045,5.063,634.3655
1717.408,-0.984,-0.0901,8.6045,5.063,634.3655
1717.408,-0.984,0.027649999999999997,66.0465,5.063,634.3655
1717.408,-0.7595000000000001,0.14525,66.0465,-24.6315,634.3655
1717.408,-0.7595000000000001,0.3805,8.6045,5.063,634.3655
1717.408,-0.984,0.498,-20.1165,5.063,634.3655
1717.408,-0.7595000000000001,0.263,-48.8375,5.063,634.3655
1717.408,-0.984,0.14525,-48.8375,5.063,634.3655
1717.408,-0.984,0.027649999999999997,-20.1165,5.063,634.3655
1717.408,-0.984,-0.0901,8.6045,5.063,634.3655
1717.408,-0.984,-0.0901,8.6045,5.063,634.3655
1717.408,-1.2085,-0.0901,8.6045,5.063,634.3655
1717.408,-1.2085,-0.0901,8.6045,5.063,634.3655
1717.408,-1.2085,-0.0901,8.6045,5.063,634.3655
1717.408,-1.2085,-0.0901,8.6045,5.063,634.3655
1717.408,-1.2085,-0.0901,8.6045,5.063,634.3655
1717.408,-0.984,-0.0901,37.3255,5.063,634.3655
1717.408,-0.7595000000000001,0.027649999999999997,94.7675,-24.6315,634.3655
1717.408,-0.5345,0.263,37.3255,5.063,634.3655
1717.408,-0.984,0.6160000000000001,8.6045,5.063,634.3655
1717.408,-0.7595000000000001,0.3805,-48.8375,5.063,634.3655
1717.408,-0.984,0.263,-48.8375,5.063,634.3655
1717.408,-0.984,0.14525,-48.8375,5.063,634.3655
1717.408,-0.984,0.027649999999999997,-20.1165,5.063,634.3655
1717.408,-0.984,-0.0901,8.6045,5.063,634.3655
1717.408,-0.984,-0.0901,8.6045,5.063,634.3655
1717.408,-1.2085,-0.0901,-20.1165,5.063,634.3655
1717.408,-1.2085,-0.20750000000000002,8.6045,5.063,634.3655
1717.408,-1.2085,-0.0901,8.6045,5.063,634.3655
1717.408,-1.2085,-0.0901,8.6045,5.063,634.3655
1717.408,-0.984,-0.0901,8.6045,5.063,634.3655
1717.408,-0.984,0.027649999999999997,94.7675,5.063,634.3655
1717.408,-0.5345,0.263,37.3255,5.063,634.3655
1717.408,-0.984,0.3805,8.6045,5.063,634.3655
1717.408,-0.7595000000000001,0.498,-20.1165,5.063,634.3655
1717.408,-0.984,0.3805,-48.8375,5.063,634.3655
1717.408,-0.7595000000000001,0.263,-48.8375,5.063,634.3655
1717.408,-0.984,0.027649999999999997,-20.1165,-24.6315,634.3655
1717.408,-0.984,0.027649999999999997,-20.1165,5.063,634.3655
1717.408,-0.984,-0.0901,8.6045,5.063,634.3655
1717.408,-0.984,-0.0901,8.6045,5.063,634.3655
1717.408,-1.2085,-0.0901,8.6045,5.063,634.3655
1717.408,-1.2085,-0.0901,8.6045,5.063,634.3655
1717.408,-1.2085,-0.0901,8.6045,5.063,634.3655
1717.408,-1.2085,-0.0901,8.6045,5.063,634.3655
1717.408,-1.2085,-0.0901,8.6045,5.063,634.3655
1717.408,-0.984,-0.0901,37.3255,5.063,634.3655
1717.408,-0.7595000000000001,0.027649999999999997,94.7675,-24.6315,634.3655
1717.408,-0.7595000000000001,0.3805,8.6045,5.063,634.3655
1717.408,-0.984,0.498,8.6045,5.063,634.3655
1717.408,-0.984,0.498,-20.1165,5.063,634.3655
1717.408,-0.984,0.3805,-48.8375,5.063,634.3655
1717.408,-0.984,0.14525,-48.8375,5.063,634.3655
1717.408,-0.984,0.027649999999999997,-20.1165,5.063,634.3655
1717.408,-0.984,-0.0901,-20.1165,-24.6315,634.3655
1717.408,-0.984,-0.0901,8.6045,5.063,634.3655
1717.408,-0.984,-0.0901,8.6045,5.063,634.3655
1717.408,-1.2085,-0.0901,8.6045,5.063,634.3655
1717.408,-1.2085,-0.0901,8.6045,5.063,634.3655
1717.408,-1.2085,-0.0901,8.6045,5.063,
1717.408,-1.2085,-0.0901,8.6045,5.063,634.3655
1717.408,-0.984,-0.0901,37.3255,5.063,634.3655
1717.408,-0.7595000000000001,0.027649999999999997,66.0465,-24.6315,634.3655
1717.408,-0.5345,0.263,37.3255,5.063,634.3655
1717.408,-0.984,0.3805,8.6045,5.063,634.3655
1717.408,-0.984,0.3805,-20.1165,5.063,634.3655
1717.408,-0.984,0.3805,-48.8375,5.063,634.3655
1717.408,-0.7595000000000001,0.14525,-48.8375,5.063,634.3655
1717.408,-0.984,0.027649999999999997,-20.1165,5.063,634.3655
1717.408,-0.984,0.027649999999999997,-20.1165,5.063,634.3655
1717.408,-0.984,-0.0901,8.6045,5.063,634.3655
1717.408,-0.984,-0.0901,8.6045,5.063,634.3655
1717.408,-0.984,-0.0901,-20.1165,5.063,634.3655
1717.408,-1.2085,-0.20750000000000002,8.6045,5.063,634.3655
1717.408,-0.984,-0.0901,-20.1165,34.757,634.3655
1717.408,-0.984,-0.0901,-20.1165,34.757,634.3655
1717.408,-0.984,-0.20750000000000002,8.6045,-24.6315,634.3655
1717.408,-0.984,-0.0901,8.6045,5.063,634.3655
1717.408,-1.2085,-0.20750000000000002,8.6045,5.063,634.3655
1717.408,-1.2085,-0.20750000000000002,8.6045,5.063,634.3655
1717.408,-1.2085,-0.0901,8.6045,5.063,634.3655
1717.408,-0.984,-0.0901,37.3255,5.063,634.3655
1717.408,-0.7595000000000001,0.027649999999999997,37.3255,5.063,634.3655
1717.408,-0.984,0.14525,8.6045,5.063,634.3655
1717.408,-0.984,0.14525,-20.1165,5.063,634.3655
1717.408,-0.7595000000000001,0.027649999999999997,-20.1165,-24.6315,634.3655
1717.408,-0.984,-0.0901,-20.1165,5.063,634.3655
1717.408,-0.984,-0.0901,8.6045,5.063,634.3655
1717.408,-0.984,-0.0901,8.6045,5.063,634.3655
1717.408,-1.2085,-0.20750000000000002,8.6045,5.063,634.3655
1717.408,-0.984,-0.0901,-20.1165,5.063,634.3655
1717.408,-0.984,-0.0901,8.6045,-24.6315,634.3655
1717.408,-1.2085,-0.0901,8.6045,5.063,634.3655
1717.408,-1.2085,-0.20750000000000002,8.6045,5.063,634.3655
1717.408,-1.2085,-0.20750000000000002,8.6045,5.063,634.3655
1717.408,-0.984,-0.0901,37.3255,5.063,634.3655
1717.408,-0.7595000000000001,0.027649999999999997,66.0465,5.063,634.3655
1717.408,-0.7595000000000001,0.14525,8.6045,-24.6315,634.3655
1717.408,-0.984,0.263,-20.1165,5.063,634.3655
1717.408,-0.7595000000000001,0.14525,-20.1165,5.063,634.3655
1717.408,-0.7595000000000001,0.027649999999999997,-20.1165,-24.6315,634.3655
1717.408,-0.984,-0.0901,-20.1165,5.063,634.3655
1717.408,-1.2085,-0.20750000000000002,8.6045,5.063,634.3655
1717.408,-1.2085,-0.20750000000000002,8.6045,5.063,634.3655
1717.408,-1.2085,-0.0901,8.6045,5.063,634.3655
1717.408,-0.984,-0.20750000000000002,-20.1165,5.063,634.3655
1717.408,-0.984,-0.20750000000000002,8.6045,-24.6315,634.3655
1717.408,-0.984,-0.0901,8.6045,5.063,634.3655
1717.408,-1.2085,-0.0901,8.6045,5.063,634.3655
1717.408,-1.2085,-0.0901,8.6045,5.063,634.3655
1717.408,-1.2085,-0.0901,8.6045,5.063,634.3655
1717.408,-0.984,-0.0901,37.3255,5.063,634.3655
1717.408,-0.7595000000000001,0.027649999999999997,37.3255,5.063,634.3655
1717.408,-0.7595000000000001,0.263,-20.1165,5.063,634.3655
1717.408,-0.984,0.14525,-20.1165,5.063,634.3655
1717.408,-0.7595000000000001,0.027649999999999997,-20.1165,5.063,634.3655
1717.408,-0.984,-0.0901,-20.1165,5.063,634.3655
1717.408,-0.984,-0.0901,8.6045,5.063,634.3655
1717.408,-1.2085,-0.0901,8.6045,5.063,634.3655
1717.408,-1.2085,-0.0901,8.6045,34.757,634.3655
1717.408,-0.984,-0.0901,8.6045,64.45150000000001,634.3655
1717.408,-1.2085,-0.0901,8.6045,-54.326,634.3655
1717.408,-0.984,-0.20750000000000002,8.6045,-24.6315,634.3655
1717.408,-0.984,-0.0901,8.6045,-24.6315,634.3655
1717.408,-0.984,-0.0901,8.6045,5.063,634.3655
1717.408,-0.984,-0.0901,8.6045,5.063,634.3655
1717.408,-1.2085,-0.0901,8.6045,5.063,634.3655
1717.408,-1.2085,-0.0901,8.6045,5.063,634.3655
1717.408,-1.2085,-0.0901,8.6045,5.063,634.3655
1717.408,-0.984,-0.0901,37.3255,5.063,634.3655
1717.408,-0.5345,0.14525,37.3255,5.063,634.3655
1717.408,-0.984,0.14525,-20.1165,5.063,634.3655
1717.408,-0.7595000000000001,0.14525,-48.8375,5.063,634.3655
1717.408,-0.984,-0.0901,-20.1165,5.063,634.3655
1717.408,-0.984,-0.0901,8.6045,-24.6315,634.3655
1717.408,-0.984,-0.0901,8.6045,5.063,634.3655
1717.408,-1.2085,-0.0901,8.6045,5.063,634.3655
1717.408,-1.2085,-0.0901,8.6045,5.063,634.3655
1717.408,-0.984,-0.0901,-20.1165,34.757,634.3655
1717.408,-0.984,-0.20750000000000002,8.6045,-54.326,634.3655
1717.408,-0.984,-0.0901,8.6045,-24.6315,634.3655
1717.408,-0.984,-0.0901,8.6045,-24.6315,634.3655
1717.408,-1.2085,-0.0901,8.6045,5.063,634.3655
1717.408,-1.2085,-0.20750000000000002,8.6045,-24.6315,634.3655
1717.408,-1.2085,-0.0901,8.6045,5.063,634.3655
1717.408,-0.984,-0.0901,37.3255,34.757,634.3655
1717.408,-0.7595000000000001,0.027649999999999997,37.3255,-24.6315,634.3655
1717.408,-0.7595000000000001,0.14525,-20.1165,5.063,634.3655
1717.408,-0.984,0.14525,-20.1165,5.063,634.3655
1717.408,-0.7595000000000001,0.027649999999999997,-20.1165,5.063,634.3655
1717.408,-0.984,-0.0901,-20.1165,5.063,634.3655
1717.408,-0.984,-0.0901,-20.1165,-24.6315,634.3655
1717.408,-0.984,-0.20750000000000002,8.6045,5.063,634.3655
1717.408,-1.2085,-0.20750000000000002,8.6045,34.757,634.3655
1717.408,-0.984,-0.0901,8.6045,5.063,634.3655
1717.408,-0.984,-0.0901,8.6045,5.063,634.3655
1717.408,-0.984,-0.0901,8.6045,5.063,634.3655
1717.408,-0.984,-0.325,-20.1165,-24.6315,634.3655
1717.408,-0.984,-0.20750000000000002,-20.1165,5.063,634.3655
1717.408,-0.984,-0.20750000000000002,37.3255,5.063,634.3655
1717.408,-0.984,-0.20750000000000002,8.6045,5.063,634.3655
1717.408,-1.2085,-0.0901,8.6045,5.063,634.3655
1717.408,-1.2085,-0.0901,8.6045,-24.6315,634.3655
1717.408,-0.984,-0.0901,8.6045,5.063,634.3655
1717.408,-0.984,-0.0901,37.3255,5.063,634.3655
1717.408,-0.7595000000000001,0.14525,66.0465,-24.6315,634.3655
1717.408,-0.984,0.263,-20.1165,5.063,634.3655
1717.408,-0.7595000000000001,0.263,-48.8375,5.063,634.3655
1717.408,-0.984,0.14525,-48.8375,5.063,634.3655
1717.408,-0.984,-0.0901,-20.1165,5.063,634.3655
1717.408,-0.984,-0.0901,8.6045,5.063,634.3655
1717.408,-0.984,-0.0901,8.6045,5.063,634.3655
1717.408,-1.2085,-0.0901,-20.1165,5.063,634.3655
1717.408,-1.2085,-0.0901,-20.1165,5.063,634.3655
1717.408,-1.2085,-0.0901,8.6045,5.063,634.3655
1717.408,-1.2085,-0.0901,-20.1165,5.063,634.3655
1717.408,-1.2085,-0.0901,8.6045,5.063,634.3655
1717.408,-0.984,-0.0901,37.3255,5.063,634.3655
1717.408,-0.5345,0.14525,66.0465,5.063,634.3655
1717.408,-0.7595000000000001,0.263,8.6045,5.063,634.3655
1717.408,-0.7595000000000001,0.263,-48.8375,5.063,634.3655
1717.408,-0.984,0.14525,-48.8375,5.063,634.3655
1717.408,-0.984,0.027649999999999997,-20.1165,-24.6315,634.3655
1717.408,-0.984,-0.0901,8.6045,5.063,634.3655
1717.408,-0.984,-0.0901,8.6045,5.063,634.3655
1717.408,-1.2085,-0.0901,8.6045,5.063,634.3655
1717.408,-1.4335,-0.0901,8.6045,5.063,634.3655
1717.408,-1.2085,-0.0901,8.6045,5.063,634.3655
1717.408,-1.2085,-0.0901,-20.1165,5.063,634.3655
1717.408,-1.2085,-0.0901,8.6045,5.063,634.3655
1717.408,-0.984,0.027649999999999997,37.3255,5.063,634.3655
1717.408,-0.7595000000000001,0.14525,66.0465,5.063,634.3655
1717.408,-0.7595000000000001,0.263,8.6045,5.063,634.3655
1717.408,-0.984,0.3805,-48.8375,5.063,634.3655
1717.408,-0.984,0.14525,-48.8375,5.063,634.3655
1717.408,-0.984,0.027649999999999997,-20.1165,-24.6315,634.3655
1717.408,-0.984,-0.0901,8.6045,5.063,634.3655
1717.408,-0.984,-0.0901,8.6045,5.063,634.3655
1717.408,-1.2085,-0.0901,8.6045,5.063,634.3655
1717.408,-1.4335,-0.0901,8.6045,5.063,634.3655
1717.408,-1.2085,-0.0901,8.6045,5.063,634.3655
1717.408,-1.2085,-0.0901,-20.1165,5.063,634.3655
1717.408,-1.2085,-0.0901,8.6045,5.063,634.3655
1717.408,-0.984,0.027649999999999997,37.3255,5.063,634.3655
1717.408,-0.7595000000000001,0.14525,66.0465,5.063,634.3655
1717.408,-0.7595000000000001,0.263,8.6045,5.063,634.3655
1717.408,-0.984,0.3805,-48.8375,5.063,634.3655
1717.408,-0.7595000000000001,0.14525,-48.8375,5.063,634.3655
1717.408,-0.984,0.027649999999999997,-20.1165,5.063,634.3655
1717.408,-0.984,-0.0901,8.6045,5.063,634.3655
1717.408,-0.984,-0.0901,8.6045,5.063,634.3655
1717.408,-0.984,-0.0901,8.6045,5.063,634.3655
1717.408,-1.4335,-0.0901,8.6045,5.063,634.3655
1717.408,-1.2085,-0.0901,8.6045,5.063,634.3655
1717.408,-1.2085,-0.0901,8.6045,5.063,634.3655
1717.408,-0.984,-0.0901,8.6045,5.063,634.3655
1717.408,-0.984,0.027649999999999997,37.3255,5.063,634.3655
1717.408,-0.7595000000000001,0.14525,66.0465,5.063,634.3655
1717.408,-0.7595000000000001,0.3805,8.6045,5.063,634.3655
1717.408,-0.984,0.3805,-48.8375,5.063,634.3655
1717.408,-0.7595000000000001,0.14525,-48.8375,5.063,634.3655
1717.408,-0.984,0.027649999999999997,-20.1165,-24.6315,634.3655
1717.408,-0.984,-0.0901,-20.1165,5.063,634.3655
1717.408,-0.984,-0.0901,8.6045,5.063,634.3655
1717.408,-0.984,-0.0901,8.6045,5.063,634.3655
1717.408,-1.4335,-0.0901,8.6045,5.063,634.3655
1717.408,-1.2085,-0.0901,8.6045,5.063,634.3655
1717.408,-1.2085,-0.0901,8.6045,5.063,634.3655
1717.408,-1.2085,-0.0901,8.6045,5.063,634.3655
1717.408,-0.984,-0.0901,37.3255,5.063,634.3655
1717.408,-0.7595000000000001,0.027649999999999997,94.7675,-24.6315,634.3655
1717.408,-0.7595000000000001,0.3805,37.3255,5.063,634.3655
1717.408,-0.984,0.498,-20.1165,5.063,634.3655
1717.408,-0.7595000000000001,0.3805,-48.8375,5.063,634.3655
1717.408,-0.7595000000000001,0.14525,-48.8375,5.063,634.3655
1717.408,-0.984,0.027649999999999997,-20.1165,5.063,634.3655
1717.408,-0.984,-0.0901,8.6045,5.063,634.3655
1717.408,-0.984,-0.0901,8.6045,5.063,634.3655
1717.408,-1.2085,-0.0901,8.6045,5.063,634.3655
1717.408,-1.2085,-0.0901,8.6045,5.063,634.3655
1717.408,-1.2085,-0.0901,8.6045,5.063,634.3655
1717.408,-1.2085,-0.0901,8.6045,5.063,634.3655
1717.408,-1.2085,-0.0901,8.6045,5.063,634.3655
1717.408,-0.984,0.027649999999999997,66.0465,5.063,634.3655
1717.408,-0.5345,0.14525,94.7675,5.063,634.3655
1717.408,-0.984,0.498,8.6045,5.063,634.3655
1717.408,-0.7595000000000001,0.498,-20.1165,5.063,634.3655
1717.408,-0.7595000000000001,0.3805,-48.8375,5.063,634.3655
1717.408,-0.984,0.14525,-48.8375,5.063,634.3655
1717.408,-0.984,0.027649999999999997,-20.1165,5.063,634.3655
1717.408,-0.984,0.027649999999999997,-20.1165,5.063,634.3655
1717.408,-0.984,-0.0901,8.6045,5.063,634.3655
1717.408,-1.2085,-0.0901,8.6045,5.063,634.3655
1717.408,-1.2085,-0.0901,8.6045,5.063,634.3655
1717.408,-1.2085,-0.0901,8.6045,5.063,634.3655
1717.408,-1.2085,-0.0901,8.6045,5.063,634.3655
1717.408,-1.2085,-0.0901,8.6045,5.063,634.3655
1717.408,-0.984,-0.0901,66.0465,5.063,634.3655
1717.408,-0.5345,0.14525,94.7675,5.063,634.3655
1717.408,-0.7595000000000001,0.3805,8.6045,5.063,634.3655
1717.408,-0.984,0.498,8.6045,5.063,634.3655
1717.408,-0.984,0.498,-20.1165,5.063,634.3655
1717.408,-0.7595000000000001,0.3805,-48.8375,5.063,634.3655
1717.408,-0.984,0.14525,-48.8375,5.063,634.3655
1717.408,-0.984,0.027649999999999997,-20.1165,5.063,634.3655
1717.408,-0.984,-0.0901,-20.1165,5.063,634.3655
1717.408,-0.984,-0.0901,8.6045,5.063,634.3655
1717.408,-1.2085,-0.0901,-20.1165,5.063,634.3655
1717.408,-1.4335,-0.20750000000000002,8.6045,5.063,634.3655
1717.408,-1.2085,-0.20750000000000002,8.6045,5.063,634.3655
1717.408,-1.2085,-0.20750000000000002,8.6045,5.063,634.3655
1717.408,-1.2085,-0.0901,8.6045,5.063,634.3655
1717.408,-0.984,0.027649999999999997,66.0465,5.063,634.3655
1717.408,-0.7595000000000001,0.14525,94.7675,5.063,634.3655
1717.408,-0.7595000000000001,0.3805,8.6045,5.063,634.3655
1717.408,-0.984,0.498,-20.1165,5.063,634.3655
1717.408,-0.984,0.3805,-20.1165,5.063,634.3655
1717.408,-0.7595000000000001,0.3805,-48.8375,5.063,634.3655
1717.408,-0.7595000000000001,0.14525,-77.5585,5.063,634.3655
1717.408,-0.984,0.027649999999999997,-20.1165,5.063,634.3655
1717.408,-0.984,-0.0901,-20.1165,5.063,634.3655
1717.408,-0.984,-0.0901,8.6045,5.063,634.3655
1717.408,-1.2085,-0.0901,8.6045,5.063,634.3655
1717.408,-1.2085,-0.20750000000000002,8.6045,5.063,634.3655
1717.408,-1.2085,-0.0901,8.6045,5.063,634.3655
1717.408,-1.2085,-0.20750000000000002,8.6045,5.063,634.3655
1717.408,-0.984,-0.0901,8.6045,5.063,634.3655
1717.408,-0.984,-0.0901,37.3255,5.063,634.3655
1717.408,-0.7595000000000001,0.027649999999999997,94.7675,-24.6315,634.3655
1717.408,-0.5345,0.263,8.6045,5.063,634.3655
1717.408,-1.2085,0.6160000000000001,8.6045,5.063,634.3655
1717.408,-0.7595000000000001,0.498,8.6045,5.063,634.3655
1717.408,-0.984,0.498,-20.1165,5.063,634.3655
1717.408,-0.7595000000000001,0.263,-48.8375,5.063,634.3655
1717.408,-0.984,0.14525,-48.8375,5.063,634.3655
1717.408,-0.984,0.027649999999999997,-20.1165,5.063,634.3655
1717.408,-0.984,-0.0901,-20.1165,5.063,634.3655
1717.408,-0.984,-0.0901,8.6045,5.063,634.3655
1717.408,-0.984,-0.20750000000000002,8.6045,5.063,634.3655
1717.408,-1.2085,-0.20750000000000002,8.6045,-24.6315,634.3655
1717.408,-0.984,-0.20750000000000002,-20.1165,5.063,634.3655
1717.408,-0.984,-0.0901,-20.1165,5.063,634.3655
1717.408,-0.984,-0.20750000000000002,8.6045,5.063,634.3655
1717.408,-0.984,-0.20750000000000002,8.6045,34.757,634.3655
1717.408,-0.984,-0.0901,8.6045,34.757,634.3655
1717.408,-0.984,-0.0901,8.6045,5.063,634.3655
1717.408,-1.2085,-0.0901,8.6045,5.063,634.3655
1717.408,-1.2085,-0.0901,37.3255,5.063,634.3655
1717.408,-1.2085,0.027649999999999997,8.6045,5.063,634.3655
1717.408,-0.7595000000000001,0.14525,8.6045,5.063,634.3655
1717.408,-0.31,0.14525,-20.1165,5.063,634.3655
1717.408,-0.984,0.14525,-20.1165,5.063,634.3655
1717.408,-1.2085,0.027649999999999997,-20.1165,5.063,634.3655
1717.408,-1.2085,-0.0901,8.6045,5.063,634.3655
1717.408,-1.4335,-0.0901,8.6045,5.063,634.3655
1717.408,-1.2085,0.027649999999999997,37.3255,5.063,634.3655
1717.408,-0.984,0.14525,8.6045,-24.6315,634.3655
1717.408,-0.5345,0.14525,-20.1165,5.063,634.3655
1717.408,-0.984,0.14525,-20.1165,5.063,634.3655
1717.408,-1.2085,0.027649999999999997,-20.1165,5.063,634.3655
1717.408,-1.2085,-0.0901,-20.1165,5.063,634.3655
1717.408,-1.4335,-0.0901,8.6045,5.063,634.3655
1717.408,-1.2085,0.027649999999999997,37.3255,5.063,634.3655
1717.408,-0.984,0.14525,37.3255,5.063,634.3655
1717.408,-0.5345,0.14525,8.6045,5.063,634.3655
1717.408,-0.7595000000000001,0.14525,-20.1165,5.063,634.3655
1717.408,-1.2085,0.027649999999999997,-20.1165,5.063,634.3655
1717.408,-1.2085,-0.0901,-20.1165,5.063,634.3655
1717.408,-1.2085,-0.0901,8.6045,5.063,634.3655
1717.408,-0.984,-0.0901,8.6045,5.063,634.3655
1717.408,-0.984,-0.0901,8.6045,5.063,634.3655
1717.408,-1.2085,-0.0901,8.6045,5.063,634.3655
1717.408,-1.2085,0.027649999999999997,37.3255,-24.6315,634.3655
1717.408,-0.984,0.14525,37.3255,5.063,634.3655
1717.408,-0.5345,0.263,8.6045,5.063,634.3655
1717.408,-0.7595000000000001,0.14525,-20.1165,5.063,634.3655
1717.408,-1.2085,0.027649999999999997,-20.1165,5.063,634.3655
1717.408,-1.2085,-0.0901,-20.1165,5.063,634.3655
1717.408,-1.2085,-0.0901,8.6045,5.063,634.3655
1717.408,-1.2085,0.027649999999999997,37.3255,-24.6315,634.3655
1717.408,-0.984,0.14525,37.3255,5.063,634.3655
1717.408,-0.5345,0.263,8.6045,5.063,634.3655
1717.408,-0.7595000000000001,0.263,-48.8375,5.063,634.3655
1717.408,-1.2085,0.14525,-48.8375,5.063,634.3655
1717.408,-1.2085,-0.0901,-20.1165,5.063,634.3655
1717.408,-1.2085,-0.0901,8.6045,5.063,634.3655
1717.408,-0.984,-0.0901,8.6045,5.063,634.3655
1717.408,-0.984,-0.0901,8.6045,5.063,634.3655
1717.408,-0.984,0.027649999999999997,8.6045,5.063,634.3655
1717.408,-1.2085,-0.0901,8.6045,5.063,634.3655
1717.408,-1.2085,-0.0901,8.6045,5.063,634.3655
1717.408,-1.4335,0.027649999999999997,8.6045,5.063,634.3655
1717.408,-0.984,0.14525,37.3255,5.063,634.3655
1717.408,-0.5345,0.263,8.6045,5.063,634.3655
1717.408,-0.7595000000000001,0.14525,-20.1165,5.063,634.3655
1717.408,-0.984,0.14525,-20.1165,5.063,634.3655
1717.408,-1.2085,0.027649999999999997,-20.1165,5.063,634.3655
1717.408,-1.2085,-0.0901,8.6045,5.063,634.3655
1717.408,-1.2085,0.027649999999999997,37.3255,5.063,634.3655
1717.408,-0.984,0.14525,37.3255,-24.6315,634.3655
1717.408,-0.5345,0.263,8.6045,5.063,634.3655
1717.408,-0.5345,0.263,-20.1165,5.063,634.3655
1717.408,-0.984,0.14525,-20.1165,5.063,634.3655
1717.408,-1.2085,0.027649999999999997,-20.1165,5.063,634.3655
1717.408,-1.4335,0.027649999999999997,8.6045,5.063,634.3655
1717.408,-1.4335,0.027649999999999997,37.3255,5.063,634.3655
1717.408,-0.984,0.14525,37.3255,-24.6315,634.3655
1717.408,-0.5345,0.263,8.6045,5.063,634.3655
1717.408,-0.5345,0.263,-20.1165,5.063,634.3655
1717.408,-0.984,0.263,-20.1165,5.063,634.3655
1717.408,-1.2085,0.14525,-20.1165,5.063,634.3655
1717.408,-1.2085,0.027649999999999997,8.6045,5.063,634.3655
1717.408,-1.2085,0.027649999999999997,8.6045,5.063,634.3655
1717.408,-1.2085,0.14525,37.3255,-24.6315,634.3655
1717.408,-0.7595000000000001,0.263,37.3255,5.063,634.3655
1717.408,-0.5345,0.263,-20.1165,5.063,634.3655
1717.408,-0.984,0.263,-20.1165,5.063,634.3655
1717.408,-1.2085,0.14525,-20.1165,5.063,634.3655
1717.408,-1.2085,0.027649999999999997,-20.1165,5.063,634.3655
1717.408,-0.984,0.027649999999999997,-20.1165,5.063,634.3655
1717.408,-1.2085,-0.0901,8.6045,5.063,634.3655
1717.408,-1.2085,0.027649999999999997,37.3255,-24.6315,634.3655
1717.408,-0.984,0.14525,37.3255,-24.6315,634.3655
1717.408,-0.7595000000000001,0.263,8.6045,5.063,634.3655
1717.408,-0.5345,0.263,-20.1165,5.063,634.3655
1717.408,-0.984,0.263,-20.1165,5.063,634.3655
1717.408,-1.2085,0.14525,-20.1165,5.063,634.3655
1717.408,-1.2085,0.027649999999999997,-20.1165,5.063,634.3655
1717.408,-0.984,0.027649999999999997,8.6045,5.063,634.3655
1717.408,-0.984,0.027649999999999997,8.6045,5.063,634.3655
1717.408,0.5885,0.6160000000000001,8.6045,5.063,634.3655
1717.408,0.5885,0.6160000000000001,8.6045,5.063,634.3655
1717.408,0.5885,0.6160000000000001,-20.1165,5.063,634.3655
1717.408,0.5885,0.7335,8.6045,5.063,634.3655
1717.408,0.5885,0.7335,-20.1165,5.063,634.3655
1717.408,0.5885,0.7335,8.6045,5.063,634.3655
1717.408,0.5885,0.851,-20.1165,5.063,634.3655
1717.408,0.5885,0.7335,8.6045,5.063,634.3655
1717.408,0.5885,0.851,8.6045,5.063,634.3655
1717.408,0.5885,0.851,8.6045,5.063,634.3655
1717.408,0.5885,0.851,-20.1165,5.063,634.3655
1717.408,0.5885,0.851,8.6045,5.063,634.3655
1717.408,0.5885,0.7335,8.6045,5.063,634.3655
1717.408,0.5885,0.7335,8.6045,5.063,634.3655
1717.408,0.813,0.7335,8.6045,5.063,634.3655
1717.408,0.5885,0.7335,8.6045,5.063,634.3655
1717.408,0.5885,0.498,8.6045,5.063,634.3655
1717.408,0.5885,0.6160000000000001,-20.1165,5.063,634.3655
1717.408,0.5885,0.7335,8.6045,5.063,634.3655
1717.408,0.5885,0.7335,8.6045,5.063,634.3655
1717.408,0.5885,0.6160000000000001,8.6045,5.063,634.3655
1717.408,0.5885,0.6160000000000001,8.6045,5.063,634.3655
1717.408,0.5885,0.6160000000000001,-20.1165,5.063,634.3655
1717.408,0.5885,0.7335,-20.1165,5.063,634.3655
1717.408,0.5885,0.7335,-20.1165,5.063,634.3655
1717.408,0.5885,0.851,8.6045,5.063,634.3655
1717.408,0.5885,0.851,-20.1165,5.063,634.3655
1717.408,0.5885,0.9690000000000001,8.6045,5.063,634.3655
1717.408,0.5885,0.9690000000000001,8.6045,5.063,634.3655
1717.408,0.5885,0.851,-20.1165,5.063,634.3655
1717.408,0.5885,0.851,-20.1165,5.063,634.3655
1717.408,0.5885,0.851,8.6045,5.063,634.3655
1717.408,0.5885,0.851,8.6045,5.063,634.3655
1717.408,0.5885,0.851,37.3255,5.063,634.3655
1717.408,0.5885,0.6160000000000001,37.3255,5.063,634.3655
1717.408,0.3635,0.3805,8.6045,5.063,634.3655
1717.408,0.813,0.6160000000000001,8.6045,5.063,634.3655
1717.408,0.5885,0.6160000000000001,8.6045,5.063,634.3655
1717.408,0.5885,0.6160000000000001,8.6045,5.063,634.3655
1717.408,0.5885,0.6160000000000001,8.6045,5.063,634.3655
1717.408,0.5885,0.498,-20.1165,5.063,634.3655
1717.408,0.5885,0.6160000000000001,-20.1165,5.063,634.3655
1717.408,0.5885,0.7335,-20.1165,5.063,634.3655
1717.408,0.5885,0.851,-20.1165,5.063,634.3655
1717.408,0.5885,0.851,8.6045,5.063,634.3655
1717.408,0.5885,0.851,8.6045,5.063,634.3655
1717.408,0.5885,0.9690000000000001,8.6045,5.063,634.3655
1717.408,0.5885,0.851,8.6045,5.063,634.3655
1717.408,0.5885,0.7335,-20.1165,5.063,634.3655
1717.408,0.5885,0.851,-20.1165,5.063,634.3655
1717.408,0.5885,0.7335,8.6045,5.063,634.3655
1717.408,0.5885,0.851,8.6045,5.063,634.3655
1717.408,0.5885,0.851,8.6045,5.063,634.3655
1717.408,0.813,0.7335,8.6045,5.063,634.3655
1717.408,0.5885,0.6160000000000001,8.6045,5.063,634.3655
1717.408,0.3635,0.498,8.6045,5.063,634.3655
1717.408,0.5885,0.6160000000000001,8.6045,5.063,634.3655
1717.408,0.5885,0.6160000000000001,8.6045,5.063,634.3655
1717.408,0.5885,0.7335,-20.1165,5.063,634.3655
1717.408,0.5885,0.6160000000000001,8.6045,5.063,634.3655
1717.408,0.5885,0.7335,8.6045,5.063,634.3655
1717.408,0.5885,0.6160000000000001,8.6045,5.063,634.3655
1717.408,0.5885,0.498,-20.1165,5.063,634.3655
1717.408,0.5885,0.6160000000000001,-20.1165,5.063,634.3655
1717.408,0.5885,0.7335,-20.1165,5.063,634.3655
1717.408,0.5885,0.7335,8.6045,5.063,634.3655
1717.408,0.5885,0.851,-20.1165,5.063,634.3655
1717.408,0.5885,0.851,8.6045,5.063,634.3655
1717.408,0.5885,0.9690000000000001,8.6045,5.063,634.3655
1717.408,0.5885,0.851,-20.1165,5.063,634.3655
1717.408,0.5885,0.7335,-20.1165,5.063,634.3655
1717.408,0.5885,0.7335,8.6045,5.063,634.3655
1717.408,0.5885,0.7335,8.6045,5.063,634.3655
1717.408,0.5885,0.851,8.6045,5.063,634.3655
1717.408,0.5885,0.851,8.6045,5.063,634.3655
1717.408,0.813,0.7335,37.3255,5.063,634.3655
1717.408,0.5885,0.6160000000000001,8.6045,5.063,634.3655
1717.408,0.3635,0.3805,-20.1165,5.063,634.3655
1717.408,0.813,0.6160000000000001,8.6045,5.063,634.3655
1717.408,0.5885,0.6160000000000001,8.6045,5.063,634.3655
1717.408,0.5885,0.7335,-20.1165,5.063,634.3655
1717.408,0.5885,0.6160000000000001,8.6045,5.063,634.3655
1717.408,0.5885,0.6160000000000001,8.6045,5.063,634.3655
1717.408,0.5885,0.6160000000000001,8.6045,5.063,634.3655
1717.408,0.5885,0.498,-20.1165,5.063,634.3655
1717.408,0.5885,0.6160000000000001,-20.1165,5.063,634.3655
1717.408,0.5885,0.7335,-20.1165,5.063,634.3655
1717.408,0.5885,0.851,-20.1165,5.063,634.3655
1717.408,0.5885,0.851,8.6045,5.063,634.3655
1717.408,0.5885,0.851,8.6045,5.063,634.3655
1717.408,0.5885,0.9690000000000001,-20.1165,5.063,634.3655
1717.408,0.5885,0.851,-20.1165,5.063,634.3655
1717.408,0.5885,0.851,8.6045,5.063,634.3655
1717.408,0.5885,0.851,8.6045,5.063,634.3655
1717.408,0.5885,0.851,8.6045,5.063,634.3655
1717.408,0.5885,0.851,8.6045,-24.6315,634.3655
1717.408,0.5885,0.851,37.3255,5.063,634.3655
1717.408,0.813,0.6160000000000001,37.3255,5.063,634.3655
1717.408,0.5885,0.3805,-20.1165,5.063,634.3655
1717.408,0.5885,0.6160000000000001,-20.1165,5.063,634.3655
1717.408,0.5885,0.7335,8.6045,5.063,634.3655
1717.408,0.5885,0.7335,8.6045,5.063,634.3655
1717.408,0.5885,0.7335,8.6045,5.063,634.3655
1717.408,0.5885,0.7335,8.6045,5.063,634.3655
1717.408,0.5885,0.7335,8.6045,5.063,634.3655
1717.408,0.5885,0.7335,8.6045,5.063,634.3655
1717.408,0.5885,0.7335,8.6045,5.063,634.3655
1717.408,0.5885,0.7335,-20.1165,5.063,634.3655
1717.408,0.5885,0.7335,-20.1165,5.063,634.3655
1717.408,0.5885,0.7335,-20.1165,5.063,634.3655
1717.408,0.5885,0.851,8.6045,5.063,634.3655
1717.408,0.5885,0.851,-20.1165,5.063,634.3655
1717.408,0.5885,0.851,8.6045,5.063,634.3655
1717.408,0.5885,0.9690000000000001,8.6045,5.063,634.3655
1717.408,0.5885,0.9690000000000001,8.6045,5.063,634.3655
1717.408,0.5885,0.851,8.6045,5.063,634.3655
1717.408,0.5885,0.851,-20.1165,5.063,634.3655
1717.408,0.5885,0.851,8.6045,5.063,634.3655
1717.408,0.5885,0.851,8.6045,5.063,634.3655
1717.408,0.5885,0.851,8.6045,5.063,634.3655
1717.408,0.5885,0.7335,8.6045,5.063,634.3655
1717.408,0.3635,0.498,8.6045,5.063,634.3655
1717.408,0.5885,0.7335,8.6045,5.063,634.3655
1717.408,0.5885,0.7335,-20.1165,5.063,634.3655
1717.408,0.5885,0.6160000000000001,-20.1165,5.063,634.3655
1717.408,0.5885,0.6160000000000001,-20.1165,5.063,634.3655
1717.408,0.5885,0.7335,-20.1165,5.063,634.3655
1717.408,0.5885,0.851,-20.1165,5.063,634.3655
1717.408,0.5885,0.851,-20.1165,5.063,634.3655
1717.408,0.5885,0.851,8.6045,5.063,634.3655
1717.408,0.5885,0.9690000000000001,-20.1165,5.063,634.3655
1717.408,0.5885,0.9690000000000001,8.6045,5.063,634.3655
1717.408,0.5885,0.851,8.6045,5.063,634.3655
1717.408,0.5885,0.851,-20.1165,5.063,634.3655
1717.408,0.5885,0.851,8.6045,5.063,634.3655
1717.408,0.5885,0.9690000000000001,8.6045,5.063,634.3655
1717.408,0.5885,0.851,8.6045,5.063,634.3655
1717.408,0.5885,0.6160000000000001,37.3255,5.063,634.3655
1717.408,0.5885,0.6160000000000001,8.6045,5.063,634.3655
1717.408,0.5885,0.851,8.6045,5.063,634.3655
1717.408,0.5885,0.7335,8.6045,5.063,634.3655
1717.408,0.5885,0.851,8.6045,5.063,634.3655
1717.408,0.5885,0.6160000000000001,-20.1165,5.063,634.3655
1717.408,0.5885,0.6160000000000001,-20.1165,5.063,634.3655
1717.408,0.5885,0.851,-20.1165,5.063,634.3655
1717.408,0.5885,0.851,-20.1165,5.063,634.3655
1717.408,0.5885,0.851,8.6045,5.063,634.3655
1717.408,0.5885,0.9690000000000001,8.6045,5.063,634.3655
1717.408,0.5885,0.9690000000000001,8.6045,5.063,634.3655
1717.408,0.5885,0.9690000000000001,-20.1165,5.063,634.3655
1717.408,0.3635,0.851,8.6045,5.063,634.3655
1717.408,0.3635,0.851,8.6045,5.063,634.3655
1717.408,0.5885,0.9690000000000001,8.6045,5.063,634.3655
1717.408,0.5885,0.851,8.6045,5.063,634.3655
1717.408,0.5885,0.851,8.6045,5.063,634.3655
1717.408,0.3635,0.498,8.6045,5.063,634.3655
1717.408,0.5885,0.7335,8.6045,5.063,634.3655
1717.408,0.5885,0.7335,8.6045,5.063,634.3655
1717.408,0.5885,0.7335,8.6045,5.063,634.3655
1717.408,0.5885,0.6160000000000001,8.6045,5.063,634.3655
1717.408,0.5885,0.6160000000000001,-20.1165,5.063,634.3655
1717.408,0.5885,0.7335,-20.1165,5.063,634.3655
1717.408,0.5885,0.851,-20.1165,5.063,634.3655
1717.408,0.5885,0.851,8.6045,5.063,634.3655
1717.408,0.5885,0.851,8.6045,5.063,634.3655
1717.408,0.5885,0.9690000000000001,8.6045,5.063,634.3655
1717.408,0.5885,0.9690000000000001,8.6045,5.063,634.3655
1717.408,0.5885,0.9690000000000001,-20.1165,5.063,634.3655
1717.408,0.5885,0.851,-20.1165,5.063,634.3655
1717.408,0.3635,0.851,8.6045,-24.6315,634.3655
1717.408,0.3635,0.851,8.6045,5.063,634.3655
1717.408,0.3635,0.851,8.6045,5.063,634.3655
1717.408,0.5885,0.9690000000000001,8.6045,5.063,634.3655
1717.408,0.5885,0.851,8.6045,5.063,634.3655
1717.408,0.5885,0.851,8.6045,5.063,634.3655
1717.408,0.5885,0.6160000000000001,8.6045,5.063,634.3655
1717.408,0.5885,0.6160000000000001,8.6045,5.063,634.3655
1717.408,0.5885,0.851,8.6045,5.063,634.3655
1717.408,0.5885,0.7335,8.6045,5.063,634.3655
1717.408,0.5885,0.7335,8.6045,5.063,634.3655
1717.408,0.5885,0.6160000000000001,-20.1165,5.063,634.3655
1717.408,0.5885,0.6160000000000001,-20.1165,-24.6315,634.3655
1717.408,0.5885,0.851,-20.1165,5.063,634.3655
1717.408,0.5885,0.851,8.6045,5.063,634.3655
1717.408,0.5885,0.851,-20.1165,5.063,634.3655
1717.408,0.5885,0.851,8.6045,5.063,634.3655
1717.408,0.5885,0.9690000000000001,8.6045,-24.6315,634.3655
1717.408,0.5885,0.9690000000000001,8.6045,5.063,634.3655
1717.408,0.5885,0.851,-20.1165,5.063,634.3655
1717.408,0.3635,0.851,8.6045,5.063,634.3655
1717.408,0.3635,0.851,8.6045,5.063,634.3655
1717.408,0.3635,0.851,8.6045,5.063,634.3655
1717.408,0.5885,0.851,8.6045,5.063,634.3655
1717.408,0.5885,0.851,8.6045,5.063,634.3655
1717.408,0.5885,0.851,8.6045,5.063,634.3655
1717.408,0.5885,0.851,8.6045,5.063,634.3655
1717.408,0.5885,0.6160000000000001,-20.1165,5.063,634.3655
1717.408,0.3635,0.6160000000000001,8.6045,5.063,634.3655
1717.408,0.5885,0.851,8.6045,5.063,634.3655
1717.408,0.5885,0.7335,8.6045,5.063,634.3655
1717.408,0.5885,0.851,8.6045,5.063,634.3655
1717.408,-0.984,-0.0901,-20.1165,5.063,634.3655
1717.408,-0.984,-0.20750000000000002,8.6045,5.063,634.3655
1717.408,-0.984,-0.20750000000000002,8.6045,-24.6315,634.3655
1717.408,-1.2085,-0.20750000000000002,8.6045,5.063,634.3655
1717.408,-1.2085,-0.20750000000000002,8.6045,5.063,634.3655
1717.408,-1.2085,-0.20750000000000002,8.6045,5.063,634.3655
1717.408,-0.984,-0.0901,37.3255,5.063,634.3655
1717.408,-0.7595000000000001,0.027649999999999997,37.3255,5.063,634.3655
1717.408,-0.984,0.14525,-20.1165,5.063,634.3655
1717.408,-0.7595000000000001,0.027649999999999997,-20.1165,5.063,634.3655
1717.408,-0.7595000000000001,-0.0901,-20.1165,-24.6315,634.3655
1717.408,-0.984,-0.20750000000000002,-20.1165,-24.6315,634.3655
1717.408,-1.2085,-0.20750000000000002,8.6045,5.063,634.3655
1717.408,-1.2085,-0.325,8.6045,5.063,634.3655
1717.408,-0.984,-0.20750000000000002,8.6045,5.063,634.3655
1717.408,-0.984,-0.20750000000000002,8.6045,-24.6315,634.3655
1717.408,-1.2085,-0.20750000000000002,8.6045,5.063,634.3655
1717.408,-1.2085,-0.20750000000000002,8.6045,5.063,634.3655
1717.408,-0.984,-0.0901,37.3255,5.063,634.3655
1717.408,-0.5345,0.14525,66.0465,5.063,634.3655
1717.408,-0.984,0.14525,-20.1165,5.063,634.3655
1717.408,-0.984,0.14525,-20.1165,5.063,634.3655
1717.408,-0.7595000000000001,-0.0901,-48.8375,-24.6315,634.3655
1717.408,-0.984,-0.20750000000000002,-20.1165,5.063,634.3655
1717.408,-0.984,-0.20750000000000002,-20.1165,5.063,634.3655
1717.408,-1.2085,-0.325,-20.1165,5.063,634.3655
1717.408,-0.984,-0.325,8.6045,5.063,634.3655
1717.408,-0.984,-0.20750000000000002,8.6045,5.063,634.3655
1717.408,-1.2085,-0.325,8.6045,5.063,634.3655
1717.408,-1.2085,-0.20750000000000002,8.6045,5.063,634.3655
1717.408,-0.984,-0.20750000000000002,37.3255,5.063,634.3655
1717.408,-0.5345,0.027649999999999997,66.0465,5.063,634.3655
1717.408,-0.7595000000000001,0.14525,8.6045,5.063,634.3655
1717.408,-0.984,0.14525,-20.1165,5.063,634.3655
1717.408,-0.7595000000000001,0.027649999999999997,-48.8375,5.063,634.3655
1717.408,-0.984,-0.0901,-20.1165,5.063,634.3655
1717.408,-0.984,-0.20750000000000002,8.6045,5.063,634.3655
1717.408,-1.2085,-0.20750000000000002,-20.1165,5.063,634.3655
1717.408,-1.2085,-0.20750000000000002,8.6045,5.063,634.3655
1717.408,-0.984,-0.20750000000000002,8.6045,5.063,634.3655
1717.408,-0.984,-0.20750000000000002,8.6045,5.063,634.3655
1717.408,-1.2085,-0.325,8.6045,5.063,634.3655
1717.408,-1.2085,-0.20750000000000002,8.6045,5.063,634.3655
1717.408,-0.7595000000000001,-0.0901,37.3255,5.063,634.3655
1717.408,-0.5345,0.027649999999999997,37.3255,5.063,634.3655
1717.408,-0.984,0.14525,-20.1165,5.063,634.3655
1717.408,-0.984,0.027649999999999997,-20.1165,5.063,634.3655
1717.408,-0.7595000000000001,-0.0901,-20.1165,5.063,634.3655
1717.408,-0.984,-0.20750000000000002,-20.1165,5.063,634.3655
1717.408,-1.2085,-0.20750000000000002,-20.1165,5.063,634.3655
1717.408,-1.2085,-0.325,8.6045,5.063,634.3655
1717.408,-1.2085,-0.20750000000000002,8.6045,5.063,634.3655
1717.408,-0.984,-0.20750000000000002,8.6045,5.063,634.3655
1717.408,-1.2085,-0.20750000000000002,8.6045,5.063,634.3655
1717.408,-1.2085,-0.20750000000000002,8.6045,5.063,634.3655
1717.408,-1.2085,-0.20750000000000002,8.6045,5.063,634.3655
1717.408,-0.7595000000000001,-0.0901,37.3255,5.063,634.3655
1717.408,-0.5345,0.14525,37.3255,5.063,634.3655
1717.408,-0.984,0.14525,-20.1165,5.063,634.3655
1717.408,-0.7595000000000001,0.14525,-20.1165,5.063,634.3655
1717.408,-0.7595000000000001,-0.0901,-48.8375,5.063,634.3655
1717.408,-0.984,-0.20750000000000002,-20.1165,-24.6315,634.3655
1717.408,-1.2085,-0.20750000000000002,8.6045,5.063,634.3655
1717.408,-1.4335,-0.325,8.6045,5.063,634.3655
1717.408,-0.984,-0.20750000000000002,-20.1165,5.063,634.3655
1717.408,-0.984,-0.20750000000000002,8.6045,-24.6315,634.3655
1717.408,-1.2085,-0.20750000000000002,8.6045,5.063,634.3655
1717.408,-1.2085,-0.20750000000000002,8.6045,5.063,634.3655
1717.408,-1.2085,-0.20750000000000002,8.6045,5.063,634.3655
1717.408,-0.7595000000000001,-0.0901,37.3255,5.063,634.3655
1717.408,-0.7595000000000001,0.14525,37.3255,5.063,634.3655
1717.408,-0.984,0.14525,-20.1165,5.063,634.3655
1717.408,-0.7595000000000001,0.027649999999999997,-48.8375,5.063,634.3655
1717.408,-0.7595000000000001,-0.0901,-20.1165,5.063,634.3655
1717.408,-0.984,-0.20750000000000002,-20.1165,5.063,634.3655
1717.408,-1.2085,-0.20750000000000002,-20.1165,5.063,634.3655
1717.408,-1.2085,-0.20750000000000002,8.6045,5.063,634.3655
1717.408,-0.984,-0.20750000000000002,8.6045,5.063,634.3655
1717.408,-0.984,-0.20750000000000002,8.6045,-24.6315,634.3655
1717.408,-1.2085,-0.325,8.6045,5.063,634.3655
1717.408,-1.2085,-0.20750000000000002,8.6045,5.063,634.3655
1717.408,-1.2085,-0.20750000000000002,8.6045,5.063,634.3655
1717.408,-0.7595000000000001,-0.0901,37.3255,5.063,634.3655
1717.408,-0.5345,0.14525,37.3255,5.063,634.3655
1717.408,-0.984,0.14525,-20.1165,5.063,634.3655
1717.408,-0.7595000000000001,0.027649999999999997,-48.8375,5.063,634.3655
1717.408,-0.7595000000000001,-0.0901,-20.1165,5.063,634.3655
1717.408,-1.2085,-0.20750000000000002,-20.1165,5.063,634.3655
1717.408,-1.2085,-0.325,-20.1165,5.063,634.3655
1717.408,-1.2085,-0.20750000000000002,8.6045,5.063,634.3655
1717.408,-0.984,-0.20750000000000002,8.6045,5.063,634.3655
1717.408,-0.984,-0.20750000000000002,8.6045,-24.6315,634.3655
1717.408,-0.984,-0.20750000000000002,8.6045,5.063,634.3655
1717.408,-1.2085,-0.20750000000000002,8.6045,5.063,634.3655
1717.408,-1.2085,-0.20750000000000002,8.6045,5.063,634.3655
1717.408,-0.7595000000000001,-0.0901,37.3255,5.063,634.3655
1717.408,-0.5345,0.027649999999999997,37.3255,5.063,634.3655
1717.408,-0.984,0.14525,-20.1165,5.063,634.3655
1717.408,-0.7595000000000001,0.14525,-20.1165,5.063,634.3655
1717.408,-0.7595000000000001,0.027649999999999997,-20.1165,5.063,634.3655
1717.408,-0.984,-0.20750000000000002,-20.1165,5.063,634.3655
1717.408,-1.2085,-0.20750000000000002,-20.1165,5.063,634.3655
1717.408,-1.2085,-0.325,8.6045,5.063,634.3655
1717.408,-1.2085,-0.20750000000000002,8.6045,5.063,634.3655
1717.408,-0.984,-0.20750000000000002,8.6045,5.063,634.3655
1717.408,-0.984,-0.20750000000000002,8.6045,5.063,634.3655
1717.408,-1.2085,-0.20750000000000002,8.6045,-24.6315,634.3655
1717.408,-1.2085,-0.325,8.6045,5.063,634.3655
1717.408,-1.2085,-0.20750000000000002,8.6045,5.063,634.3655
1717.408,-0.7595000000000001,-0.0901,66.0465,5.063,634.3655
1717.408,-0.7595000000000001,0.14525,8.6045,5.063,634.3655
1717.408,-0.984,0.027649999999999997,-20.1165,5.063,634.3655
1717.408,-0.7595000000000001,-0.0901,-20.1165,5.063,634.3655
1717.408,-0.984,-0.20750000000000002,-20.1165,5.063,634.3655
1717.408,-0.984,-0.20750000000000002,-20.1165,5.063,634.3655
1717.408,-1.2085,-0.325,8.6045,5.063,634.3655
1717.408,-1.2085,-0.20750000000000002,8.6045,5.063,634.3655
1717.408,-0.984,-0.20750000000000002,8.6045,5.063,634.3655
1717.408,-0.984,-0.20750000000000002,-20.1165,5.063,634.3655
1717.408,-0.984,-0.20750000000000002,8.6045,-24.6315,634.3655
1717.408,-1.2085,-0.20750000000000002,8.6045,5.063,634.3655
1717.408,-1.2085,-0.20750000000000002,8.6045,5.063,634.3655
1717.408,-0.984,-0.0901,37.3255,5.063,634.3655
1717.408,-0.5345,0.027649999999999997,37.3255,5.063,634.3655
1717.408,-0.984,0.14525,-20.1165,5.063,634.3655
1717.408,-0.7595000000000001,0.027649999999999997,-20.1165,-24.6315,634.3655
1717.408,-0.7595000000000001,-0.0901,-48.8375,5.063,634.3655
1717.408,-0.984,-0.20750000000000002,-20.1165,5.063,634.3655
1717.408,-1.2085,-0.325,-20.1165,5.063,634.3655
1717.408,-1.2085,-0.443,8.6045,5.063,634.3655
1717.408,-0.984,-0.20750000000000002,-20.1165,5.063,634.3655
1717.408,-0.984,-0.20750000000000002,8.6045,5.063,634.3655
1717.408,-0.984,-0.20750000000000002,8.6045,34.757,634.3655
1717.408,-0.984,-0.20750000000000002,8.6045,5.063,634.3655
1717.408,-0.984,-0.20750000000000002,8.6045,5.063,634.3655
1717.408,-0.984,0.027649999999999997,8.6045,-24.6315,634.3655
1717.408,-0.984,0.027649999999999997,-20.1165,5.063,634.3655
1717.408,-0.984,-0.0901,-20.1165,-24.6315,634.3655
1717.408,-0.984,-0.0901,8.6045,5.063,634.3655
1717.408,-0.984,-0.0901,8.6045,-24.6315,634.3655
1717.408,-1.2085,-0.0901,8.6045,5.063,634.3655
1717.408,-1.2085,-0.0901,8.6045,5.063,634.3655
1717.408,-1.2085,-0.0901,8.6045,5.063,634.3655
1717.408,-1.2085,-0.0901,8.6045,5.063,634.3655
1717.408,-0.984,0.027649999999999997,37.3255,5.063,634.3655
1717.408,-0.5345,0.14525,37.3255,5.063,634.3655
1717.408,-0.984,0.263,-20.1165,5.063,634.3655
1717.408,-0.7595000000000001,0.14525,-48.8375,5.063,634.3655
1717.408,-0.984,0.14525,-20.1165,-24.6315,634.3655
1717.408,-0.984,0.027649999999999997,-20.1165,5.063,634.3655
1717.408,-0.984,-0.0901,8.6045,5.063,634.3655
1717.408,-1.2085,-0.0901,8.6045,-24.6315,634.3655
1717.408,-1.2085,-0.0901,8.6045,5.063,634.3655
1717.408,-0.984,-0.0901,8.6045,5.063,634.3655
1717.408,-1.2085,-0.0901,8.6045,5.063,634.3655
1717.408,-1.2085,-0.0901,8.6045,5.063,634.3655
1717.408,-1.2085,-0.0901,8.6045,5.063,634.3655
1717.408,-0.984,0.027649999999999997,66.0465,5.063,634.3655
1717.408,-0.5345,0.263,37.3255,5.063,634.3655
1717.408,-0.984,0.263,-20.1165,5.063,634.3655
1717.408,-0.7595000000000001,0.14525,-48.8375,5.063,634.3655
1717.408,-0.984,0.027649999999999997,-20.1165,-24.6315,634.3655
1717.408,-0.984,-0.0901,8.6045,5.063,634.3655
1717.408,-1.2085,-0.0901,8.6045,5.063,634.3655
1717.408,-1.2085,-0.0901,8.6045,5.063,634.3655
1717.408,-0.984,0.027649999999999997,-20.1165,34.757,634.3655
1717.408,-1.2085,0.027649999999999997,8.6045,-24.6315,634.3655
1717.408,-0.984,-0.0901,8.6045,5.063,634.3655
1717.408,-1.2085,-0.0901,8.6045,5.063,634.3655
1717.408,-1.2085,-0.0901,8.6045,5.063,634.3655
1717.408,-1.2085,-0.0901,8.6045,5.063,634.3655
1717.408,-0.7595000000000001,0.027649999999999997,66.0465,5.063,634.3655
1717.408,-0.5345,0.263,8.6045,5.063,634.3655
1717.408,-0.984,0.263,-48.8375,5.063,634.3655
1717.408,-0.7595000000000001,0.14525,-20.1165,-24.6315,634.3655
1717.408,-0.984,-0.0901,-20.1165,5.063,634.3655
1717.408,-0.984,-0.0901,-20.1165,5.063,634.3655
1717.408,-1.2085,-0.0901,8.6045,-24.6315,634.3655
1717.408,-1.2085,0.027649999999999997,-20.1165,34.757,634.3655
1717.408,-0.984,-0.0901,-20.1165,5.063,634.3655
1717.408,-0.984,-0.0901,8.6045,-24.6315,634.3655
1717.408,-0.984,-0.0901,8.6045,5.063,634.3655
1717.408,-0.984,-0.0901,8.6045,5.063,634.3655
1717.408,-1.2085,-0.0901,8.6045,5.063,634.3655
1717.408,-1.2085,-0.0901,8.6045,5.063,634.3655
1717.408,-1.2085,-0.0901,8.6045,5.063,634.3655
1717.408,-0.7595000000000001,0.027649999999999997,37.3255,5.063,634.3655
1717.408,-0.5345,0.263,8.6045,5.063,634.3655
1717.408,-0.984,0.263,-20.1165,5.063,634.3655
1717.408,-0.7595000000000001,0.14525,-48.8375,5.063,634.3655
1717.408,-0.984,0.027649999999999997,-20.1165,5.063,634.3655
1717.408,-0.984,-0.0901,-20.1165,5.063,634.3655
1717.408,-1.2085,-0.0901,8.6045,5.063,634.3655
1717.408,-1.2085,-0.0901,8.6045,5.063,634.3655
1717.408,-1.2085,-0.0901,-20.1165,34.757,634.3655
1717.408,-0.984,-0.0901,8.6045,34.757,634.3655
1717.408,-1.2085,0.027649999999999997,-20.1165,-24.6315,634.3655
1717.408,-0.984,-0.20750000000000002,8.6045,-24.6315,634.3655
1717.408,-0.984,0.027649999999999997,8.6045,5.063,634.3655
1717.408,-1.2085,0.027649999999999997,-20.1165,5.063,634.3655
1717.408,-1.2085,-0.0901,8.6045,5.063,634.3655
1717.408,-1.2085,-0.0901,8.6045,5.063,634.3655
1717.408,-0.984,0.027649999999999997,37.3255,5.063,634.3655
1717.408,-0.5345,0.027649999999999997,37.3255,5.063,634.3655
1717.408,-0.7595000000000001,0.263,-20.1165,5.063,634.3655
1717.408,-0.7595000000000001,0.14525,-20.1165,5.063,634.3655
1717.408,-0.7595000000000001,0.027649999999999997,-20.1165,5.063,634.3655
1717.408,-0.984,-0.0901,-20.1165,5.063,634.3655
1717.408,-1.2085,-0.0901,8.6045,5.063,634.3655
1717.408,-1.2085,-0.0901,8.6045,-24.6315,634.3655
1717.408,-1.2085,-0.0901,8.6045,5.063,634.3655
1717.408,-0.984,-0.0901,8.6045,34.757,634.3655
1717.408,-0.984,-0.0901,8.6045,-24.6315,634.3655
1717.408,-0.984,0.027649999999999997,-20.1165,5.063,634.3655
1717.408,-0.984,-0.0901,8.6045,5.063,634.3655
1717.408,-0.984,-0.0901,8.6045,5.063,634.3655
1717.408,-0.984,-0.0901,-20.1165,5.063,634.3655
1717.408,-1.2085,-0.0901,8.6045,5.063,634.3655
1717.408,-1.2085,-0.0901,8.6045,5.063,634.3655
1717.408,-1.2085,-0.0901,8.6045,5.063,634.3655
1717.408,-0.984,0.027649999999999997,37.3255,5.063,634.3655
1717.408,-0.7595000000000001,0.027649999999999997,37.3255,5.063,634.3655
1717.408,-0.7595000000000001,0.263,-20.1165,5.063,634.3655
1717.408,-0.984,0.263,-20.1165,5.063,634.3655
1717.408,-0.7595000000000001,0.027649999999999997,-20.1165,5.063,634.3655
1717.408,-0.984,0.027649999999999997,-20.1165,-24.6315,634.3655
1717.408,-1.2085,-0.0901,8.6045,5.063,634.3655
1717.408,-1.2085,-0.0901,8.6045,-24.6315,634.3655
1717.408,-1.2085,-0.0901,8.6045,5.063,634.3655
1717.408,-0.984,0.027649999999999997,-20.1165,34.757,634.3655
1717.408,-0.984,-0.0901,8.6045,-24.6315,634.3655
1717.408,-0.984,-0.0901,8.6045,5.063,634.3655
1717.408,-1.2085,-0.0901,8.6045,-24.6315,634.3655
1717.408,-1.2085,-0.0901,8.6045,5.063,634.3655
1717.408,-1.2085,-0.0901,8.6045,5.063,634.3655
1717.408,-0.984,0.027649999999999997,37.3255,5.063,634.3655
1717.408,-0.5345,0.14525,37.3255,-24.6315,634.3655
1717.408,-0.984,0.263,-20.1165,5.063,634.3655
1717.408,-0.7595000000000001,0.14525,-48.8375,5.063,634.3655
1717.408,-0.984,0.027649999999999997,-20.1165,5.063,634.3655
1717.408,-0.984,-0.0901,8.6045,-24.6315,634.3655
1717.408,-1.2085,-0.0901,-20.1165,-24.6315,634.3655
1717.408,-1.2085,-0.0901,8.6045,34.757,634.3655
1717.408,-0.984,-0.0901,-20.1165,64.45150000000001,634.3655
1717.408,-0.984,-0.0901,8.6045,5.063,634.3655
1717.408,-0.984,0.027649999999999997,8.6045,-24.6315,634.3655
1717.408,-0.984,0.027649999999999997,8.6045,5.063,634.3655
1717.408,-0.984,-0.0901,8.6045,-24.6315,634.3655
1717.408,-0.984,-0.0901,-20.1165,5.063,634.3655
1717.408,-1.2085,-0.0901,8.6045,-24.6315,634.3655
1717.408,-1.2085,-0.0901,8.6045,-24.6315,634.3655
1717.408,-1.2085,-0.0901,8.6045,5.063,634.3655
1717.408,-0.984,0.027649999999999997,37.3255,5.063,634.3655
1717.408,-0.7595000000000001,0.027649999999999997,37.3255,5.063,634.3655
1717.408,-0.7595000000000001,0.263,-20.1165,5.063,634.3655
1717.408,-0.7595000000000001,0.14525,-48.8375,5.063,634.3655
1717.408,-0.7595000000000001,0.027649999999999997,-20.1165,-24.6315,634.3655
1717.408,-0.984,-0.0901,8.6045,5.063,634.3655
1717.408,-1.2085,-0.0901,8.6045,-24.6315,634.3655
1717.408,-1.2085,-0.20750000000000002,8.6045,5.063,634.3655
1717.408,-0.984,0.027649999999999997,-20.1165,5.063,634.3655
1717.408,-0.984,-0.0901,8.6045,34.757,634.3655
1717.408,-0.984,0.027649999999999997,8.6045,-24.6315,634.3655
1717.408,-0.984,-0.0901,8.6045,5.063,634.3655
1717.408,-0.984,0.027649999999999997,8.6045,-24.6315,634.3655
1717.408,-1.2085,-0.0901,8.6045,5.063,634.3655
1717.408,-1.2085,-0.0901,8.6045,5.063,634.3655
1717.408,-1.2085,-0.0901,8.6045,5.063,634.3655
1717.408,-0.984,0.027649999999999997,37.3255,5.063,634.3655
1717.408,-0.7595000000000001,0.027649999999999997,37.3255,5.063,634.3655
1717.408,-0.7595000000000001,0.263,-20.1165,5.063,634.3655
1717.408,-0.7595000000000001,0.14525,-20.1165,5.063,634.3655
1717.408,-0.984,0.027649999999999997,-20.1165,5.063,634.3655
1717.408,-0.984,-0.0901,-20.1165,-24.6315,634.3655
1717.408,-1.2085,-0.0901,8.6045,5.063,634.3655
1717.408,-1.2085,-0.20750000000000002,8.6045,34.757,634.3655
1717.408,-0.984,0.027649999999999997,-20.1165,94.146,634.3655
1717.408,-0.984,-0.0901,8.6045,-54.326,634.3655
1717.408,-0.984,-0.0901,8.6045,5.063,634.3655
1717.408,-0.984,0.027649999999999997,8.6045,-24.6315,634.3655
1717.408,-0.984,0.027649999999999997,8.6045,-24.6315,634.3655
1717.408,-1.2085,0.027649999999999997,8.6045,5.063,634.3655
1717.408,-1.2085,-0.0901,8.6045,5.063,634.3655
1717.408,-1.2085,-0.0901,8.6045,5.063,634.3655
1717.408,-1.2085,0.027649999999999997,8.6045,5.063,634.3655
1717.408,-0.7595000000000001,0.027649999999999997,37.3255,5.063,634.3655
1717.408,-0.7595000000000001,0.14525,8.6045,-24.6315,634.3655
1717.408,-0.984,0.263,-48.8375,5.063,634.3655
1717.408,-0.7595000000000001,0.027649999999999997,-48.8375,5.063,634.3655
1717.408,-0.984,0.027649999999999997,-20.1165,-24.6315,634.3655
1717.408,-1.2085,-0.0901,8.6045,-24.6315,634.3655
1717.408,-1.2085,-0.0901,8.6045,5.063,634.3655
1717.408,-1.2085,-0.0901,8.6045,34.757,634.3655
1717.408,-0.984,0.027649999999999997,8.6045,5.063,634.3655
1717.408,-0.984,-0.0901,8.6045,5.063,634.3655
1717.408,-0.984,-0.0901,8.6045,5.063,634.3655
1717.408,-0.984,0.027649999999999997,8.6045,5.063,634.3655
1717.408,-0.984,-0.0901,8.6045,5.063,634.3655
1717.408,-0.984,0.027649999999999997,8.6045,5.063,634.3655
1717.408,-0.984,-0.0901,8.6045,5.063,634.3655
1717.408,-0.984,-0.0901,8.6045,5.063,634.3655
1717.408,-0.984,-0.0901,8.6045,5.063,634.3655
1717.408,-1.2085,-0.0901,8.6045,34.757,634.3655
1717.408,-1.2085,-0.0901,37.3255,5.063,634.3655
1717.408,-1.2085,-0.0901,8.6045,-54.326,634.3655
1717.408,-0.984,0.14525,37.3255,-54.326,634.3655
1717.408,-0.984,0.14525,66.0465,-84.0205,634.3655
1717.408,-0.5345,0.263,66.0465,-54.326,634.3655
1717.408,-0.7595000000000001,0.498,8.6045,34.757,634.3655
1717.408,-0.984,-0.20750000000000002,8.6045,-24.6315,634.3655
1717.408,-0.984,-0.0901,8.6045,5.063,634.3655
1717.408,-1.2085,-0.20750000000000002,8.6045,5.063,634.3655
1717.408,-1.2085,-0.20750000000000002,8.6045,5.063,634.3655
1717.408,-1.2085,-0.0901,8.6045,5.063,634.3655
1717.408,-0.984,-0.0901,37.3255,5.063,634.3655
1717.408,-0.7595000000000001,0.027649999999999997,37.3255,5.063,634.3655
1717.408,-0.984,0.14525,8.6045,5.063,634.3655
1717.408,-0.984,0.14525,-20.1165,5.063,634.3655
1717.408,-0.7595000000000001,0.027649999999999997,-20.1165,-24.6315,-7668.2685
1717.408,-0.984,-0.0901,-20.1165,5.063,634.3655
1717.408,-0.984,-0.0901,8.6045,5.063,634.3655
1717.408,-0.984,-0.0901,8.6045,5.063,634.3655
1717.408,-1.2085,-0.20750000000000002,8.6045,5.063,634.3655
1717.408,-0.984,-0.0901,-20.1165,5.063,634.3655
1717.408,-0.984,-0.0901,8.6045,-24.6315,634.3655
1717.408,-1.2085,-0.0901,8.6045,5.063,634.3655
1717.408,-1.2085,-0.20750000000000002,8.6045,5.063,634.3655
1717.408,-1.2085,-0.20750000000000002,8.6045,5.063,634.3655
1717.408,-0.984,-0.0901,37.3255,5.063,634.3655
1717.408,-0.7595000000000001,0.027649999999999997,66.0465,5.063,634.3655
1717.408,-0.7595000000000001,0.14525,8.6045,-24.6315,634.3655
1717.408,-0.984,0.263,-20.1165,5.063,634.3655
1717.408,-0.7595000000000001,0.14525,-20.1165,5.063,634.3655
1717.408,-0.7595000000000001,0.027649999999999997,-20.1165,-24.6315,634.3655
1717.408,-0.984,-0.0901,-20.1165,5.063,634.3655
1717.408,-1.2085,-0.20750000000000002,8.6045,5.063,634.3655
1717.408,-1.2085,-0.20750000000000002,8.6045,5.063,634.3655
1717.408,-1.2085,-0.0901,8.6045,5.063,634.3655
1717.408,-0.984,-0.20750000000000002,-20.1165,5.063,634.3655
1717.408,-0.984,-0.20750000000000002,8.6045,-24.6315,634.3655
1717.408,-0.984,-0.0901,8.6045,5.063,634.3655
1717.408,-1.2085,-0.0901,8.6045,5.063,634.3655
1717.408,-1.2085,-0.0901,8.6045,5.063,634.3655
1717.408,-1.2085,-0.0901,8.6045,5.063,634.3655
1717.408,-0.984,-0.0901,37.3255,5.063,634.3655
1717.408,-0.7595000000000001,0.027649999999999997,37.3255,5.063,634.3655
1717.408,-0.7595000000000001,0.263,-20.1165,5.063,634.3655
1717.408,-0.984,0.14525,-20.1165,5.063,634.3655
1717.408,-0.7595000000000001,0.027649999999999997,-20.1165,5.063,634.3655
1717.408,-0.984,-0.0901,-20.1165,5.063,634.3655
1717.408,-0.984,-0.0901,8.6045,5.063,634.3655
1717.408,-1.2085,-0.0901,8.6045,5.063,634.3655
1717.408,-1.2085,-0.0901,8.6045,34.757,634.3655
1717.408,-0.984,-0.0901,8.6045,64.45150000000001,634.3655
1717.408,-1.2085,-0.0901,8.6045,-54.326,634.3655
1717.408,-0.984,-0.20750000000000002,8.6045,-24.6315,634.3655
1717.408,-0.984,-0.0901,8.6045,-24.6315,634.3655
1717.408,-0.984,-0.0901,8.6045,5.063,634.3655
1717.408,-0.984,-0.0901,8.6045,5.063,634.3655
1717.408,-1.2085,-0.0901,8.6045,5.063,634.3655
1717.408,-1.2085,-0.0901,8.6045,5.063,634.3655
1717.408,-1.2085,-0.0901,8.6045,5.063,634.3655
1717.408,-0.984,-0.0901,37.3255,5.063,634.3655
1717.408,-0.5345,0.14525,37.3255,5.063,634.3655
1717.408,-0.984,0.14525,-20.1165,5.063,634.3655
1717.408,-0.7595000000000001,0.14525,-48.8375,5.063,634.3655
1717.408,-0.984,-0.0901,-20.1165,5.063,634.3655
1717.408,-0.984,-0.0901,8.6045,-24.6315,634.3655
1717.408,-0.984,-0.0901,8.6045,5.063,634.3655
1717.408,-1.2085,-0.0901,8.6045,5.063,634.3655
1717.408,-1.2085,-0.0901,8.6045,5.063,634.3655
1717.408,-0.984,-0.0901,-20.1165,34.757,634.3655
1717.408,-0.984,-0.20750000000000002,8.6045,-54.326,634.3655
1717.408,-0.984,-0.0901,8.6045,-24.6315,634.3655
1717.408,-0.984,-0.0901,8.6045,-24.6315,634.3655
1717.408,-1.2085,-0.0901,8.6045,5.063,634.3655
1717.408,-1.2085,-0.20750000000000002,8.6045,-24.6315,634.3655
1717.408,-1.2085,-0.0901,8.6045,5.063,634.3655
1717.408,-0.984,-0.0901,37.3255,34.757,634.3655
1717.408,-0.7595000000000001,0.027649999999999997,37.3255,-24.6315,634.3655
1717.408,-0.7595000000000001,0.14525,-20.1165,5.063,634.3655
1717.408,-0.984,0.14525,-20.1165,5.063,634.3655
1717.408,-0.7595000000000001,0.027649999999999997,-20.1165,5.063,634.3655
1717.408,-0.984,-0.0901,-20.1165,5.063,634.3655
1717.408,-0.984,-0.0901,-20.1165,-24.6315,634.3655
1717.408,-0.984,-0.20750000000000002,8.6045,5.063,634.3655
1717.408,-1.2085,-0.20750000000000002,8.6045,34.757,634.3655
1717.408,-0.984,-0.0901,8.6045,5.063,634.3655
1717.408,-0.984,-0.0901,8.6045,5.063,634.3655
1717.408,-0.984,-0.0901,8.6045,5.063,634.3655
1717.408,0.813,0.6160000000000001,8.6045,5.063,634.3655
1717.408,0.813,0.6160000000000001,8.6045,5.063,634.3655
1717.408,0.813,0.6160000000000001,8.6045,5.063,634.3655
1717.408,0.813,0.6160000000000001,8.6045,5.063,634.3655
1717.408,0.813,0.6160000000000001,8.6045,5.063,634.3655
1717.408,0.813,0.6160000000000001,8.6045,5.063,634.3655
1717.408,0.813,0.6160000000000001,8.6045,5.063,634.3655
1717.408,0.813,0.6160000000000001,8.6045,5.063,634.3655
1717.408,0.813,0.6160000000000001,8.6045,5.063,634.3655
1717.408,0.813,0.6160000000000001,8.6045,5.063,634.3655
1717.408,0.813,0.6160000000000001,8.6045,5.063,634.3655
1717.408,0.813,0.6160000000000001,8.6045,5.063,634.3655
1717.408,0.813,0.6160000000000001,8.6045,5.063,634.3655
1717.408,0.813,0.6160000000000001,8.6045,5.063,634.3655
1717.408,0.813,0.6160000000000001,8.6045,5.063,634.3655
1717.408,0.813,0.6160000000000001,8.6045,5.063,634.3655
1717.408,0.813,0.6160000000000001,8.6045,5.063,634.3655
1717.408,0.813,0.6160000000000001,8.6045,5.063,634.3655
1717.408,0.813,0.498,8.6045,5.063,634.3655
1717.408,0.813,0.498,8.6045,5.063,634.3655
1717.408,0.813,0.498,-20.1165,5.063,634.3655
1717.408,0.813,0.6160000000000001,-20.1165,5.063,634.3655
1717.408,0.813,0.6160000000000001,8.6045,5.063,634.3655
1717.408,0.813,0.6160000000000001,8.6045,5.063,634.3655
1717.408,0.813,0.7335,8.6045,5.063,634.3655
1717.408,0.813,0.7335,8.6045,5.063,634.3655
1717.408,0.813,0.851,8.6045,5.063,634.3655
1717.408,0.813,0.851,8.6045,5.063,634.3655
1717.408,0.813,0.7335,8.6045,5.063,634.3655
1717.408,0.813,0.6160000000000001,8.6045,5.063,634.3655
1717.408,0.5885,0.498,8.6045,5.063,634.3655
1717.408,0.5885,0.263,8.6045,5.063,634.3655
1717.408,0.813,0.498,8.6045,5.063,634.3655
1717.408,0.813,0.498,8.6045,5.063,634.3655
1717.408,0.813,0.498,8.6045,5.063,634.3655
1717.408,0.813,0.498,8.6045,5.063,634.3655
1717.408,0.5885,0.3805,-20.1165,5.063,634.3655
1717.408,0.813,0.498,8.6045,5.063,634.3655
1717.408,0.813,0.6160000000000001,-20.1165,5.063,634.3655
1717.408,0.813,0.7335,-20.1165,5.063,634.3655
1717.408,0.813,0.7335,8.6045,5.063,634.3655
1717.408,1.0375,0.7335,8.6045,5.063,634.3655
1717.408,0.813,0.7335,8.6045,5.063,634.3655
1717.408,0.813,0.7335,8.6045,5.063,634.3655
1717.408,0.813,0.6160000000000001,8.6045,5.063,634.3655
1717.408,0.5885,0.3805,8.6045,5.063,634.3655
1717.408,0.5885,0.3805,-20.1165,5.063,634.3655
1717.408,0.813,0.498,8.6045,5.063,634.3655
1717.408,0.813,0.498,8.6045,5.063,634.3655
1717.408,0.813,0.498,8.6045,5.063,634.3655
1717.408,0.813,0.3805,-20.1165,5.063,634.3655
1717.408,0.5885,0.3805,-20.1165,5.063,634.3655
1717.408,0.813,0.498,-20.1165,5.063,634.3655
1717.408,0.813,0.6160000000000001,8.6045,5.063,634.3655
1717.408,0.813,0.6160000000000001,-20.1165,5.063,634.3655
1717.408,0.813,0.7335,8.6045,5.063,634.3655
1717.408,1.0375,0.851,8.6045,5.063,634.3655
1717.408,0.813,0.7335,8.6045,5.063,634.3655
1717.408,0.813,0.7335,8.6045,5.063,634.3655
1717.408,0.813,0.6160000000000001,8.6045,5.063,634.3655
1717.408,0.5885,0.3805,8.6045,5.063,634.3655
1717.408,0.5885,0.263,-20.1165,5.063,634.3655
1717.408,0.813,0.498,8.6045,5.063,634.3655
1717.408,0.813,0.498,8.6045,5.063,634.3655
1717.408,0.813,0.498,8.6045,5.063,634.3655
1717.408,0.813,0.498,8.6045,5.063,634.3655
1717.408,0.813,0.3805,8.6045,5.063,634.3655
1717.408,0.5885,0.3805,-20.1165,5.063,634.3655
1717.408,0.813,0.498,8.6045,5.063,634.3655
1717.408,0.813,0.6160000000000001,-20.1165,5.063,634.3655
1717.408,0.813,0.6160000000000001,-20.1165,5.063,634.3655
1717.408,0.813,0.7335,8.6045,5.063,634.3655
1717.408,1.0375,0.7335,8.6045,5.063,634.3655
1717.408,0.813,0.7335,8.6045,5.063,634.3655
1717.408,0.813,0.6160000000000001,8.6045,5.063,634.3655
1717.408,0.813,0.6160000000000001,8.6045,5.063,634.3655
1717.408,0.813,0.3805,8.6045,5.063,634.3655
1717.408,0.5885,0.263,8.6045,5.063,634.3655
1717.408,0.813,0.498,8.6045,5.063,634.3655
1717.408,0.813,0.498,8.6045,5.063,634.3655
1717.408,0.813,0.498,8.6045,5.063,634.3655
1717.408,0.813,0.498,8.6045,5.063,634.3655
1717.408,0.813,0.3805,8.6045,5.063,634.3655
1717.408,0.5885,0.3805,-20.1165,5.063,634.3655
1717.408,0.813,0.498,-20.1165,5.063,634.3655
1717.408,0.813,0.6160000000000001,-20.1165,5.063,634.3655
1717.408,0.813,0.6160000000000001,8.6045,5.063,634.3655
1717.408,0.813,0.7335,8.6045,5.063,634.3655
1717.408,1.0375,0.7335,8.6045,5.063,634.3655
1717.408,0.813,0.7335,8.6045,5.063,634.3655
1717.408,0.813,0.6160000000000001,8.6045,5.063,634.3655
1717.408,0.813,0.6160000000000001,8.6045,5.063,634.3655
1717.408,0.813,0.6160000000000001,8.6045,5.063,634.3655
1717.408,0.5885,0.3805,8.6045,5.063,634.3655
1717.408,0.5885,0.3805,8.6045,5.063,634.3655
1717.408,0.813,0.498,8.6045,5.063,634.3655
1717.408,0.813,0.498,8.6045,5.063,634.3655
1717.408,0.813,0.498,8.6045,5.063,634.3655
1717.408,0.813,0.3805,8.6045,-24.6315,634.3655
1717.408,0.5885,0.3805,-20.1165,5.063,634.3655
1717.408,0.813,0.3805,-20.1165,5.063,634.3655
1717.408,0.813,0.6160000000000001,8.6045,5.063,634.3655
1717.408,0.813,0.6160000000000001,8.6045,5.063,634.3655
1717.408,0.5885,0.3805,8.6045,5.063,634.3655
1717.408,0.5885,0.3805,8.6045,5.063,634.3655
1717.408,0.813,0.498,8.6045,5.063,634.3655
1717.408,0.813,0.498,8.6045,5.063,634.3655
1717.408,0.813,0.498,8.6045,5.063,634.3655
1717.408,0.813,0.498,8.6045,5.063,634.3655
1717.408,0.813,0.3805,8.6045,-24.6315,634.3655
1717.408,0.5885,0.3805,-20.1165,5.063,634.3655
1717.408,0.813,0.498,-20.1165,5.063,634.3655
1717.408,0.813,0.6160000000000001,8.6045,5.063,634.3655
1717.408,0.813,0.6160000000000001,8.6045,5.063,634.3655
1717.408,1.0375,0.7335,8.6045,5.063,634.3655
1717.408,1.0375,0.6160000000000001,8.6045,5.063,634.3655
1717.408,0.813,0.6160000000000001,8.6045,5.063,634.3655
1717.408,0.813,0.6160000000000001,8.6045,5.063,634.3655
1717.408,0.813,0.6160000000000001,8.6045,5.063,634.3655
1717.408,0.813,0.498,8.6045,5.063,634.3655
1717.408,0.5885,0.3805,-20.1165,5.063,634.3655
1717.408,0.5885,0.3805,8.6045,5.063,634.3655
1717.408,0.813,0.498,8.6045,5.063,634.3655
1717.408,0.813,0.498,8.6045,5.063,634.3655
1717.408,0.813,0.498,8.6045,5.063,634.3655
1717.408,0.813,0.498,8.6045,-24.6315,634.3655
1717.408,0.5885,0.3805,-20.1165,5.063,634.3655
1717.408,0.813,0.498,8.6045,5.063,634.3655
1717.408,0.813,0.498,8.6045,5.063,634.3655
1717.408,0.813,0.6160000000000001,-20.1165,5.063,634.3655
1717.408,1.0375,0.6160000000000001,8.6045,5.063,634.3655
1717.408,1.0375,0.7335,8.6045,5.063,634.3655
1717.408,0.813,0.6160000000000001,8.6045,5.063,634.3655
1717.408,0.813,0.6160000000000001,8.6045,5.063,634.3655
1717.408,0.813,0.498,8.6045,5.063,634.3655
1717.408,0.813,0.498,8.6045,5.063,634.3655
1717.408,0.5885,0.3805,8.6045,5.063,634.3655
1717.408,0.5885,0.263,8.6045,5.063,634.3655
1717.408,0.813,0.498,8.6045,5.063,634.3655
1717.408,0.813,0.498,8.6045,5.063,634.3655
1717.408,0.813,0.498,8.6045,5.063,634.3655
1717.408,0.813,0.3805,-20.1165,5.063,634.3655
1717.408,0.5885,0.3805,-20.1165,5.063,634.3655
1717.408,0.5885,0.3805,-20.1165,5.063,634.3655
1717.408,0.813,0.498,-20.1165,5.063,634.3655
1717.408,0.813,0.6160000000000001,-20.1165,5.063,634.3655
1717.408,0.813,0.7335,8.6045,5.063,634.3655
1717.408,1.0375,0.7335,-20.1165,5.063,634.3655
1717.408,0.813,0.7335,8.6045,5.063,634.3655
1717.408,0.813,0.6160000000000001,8.6045,5.063,634.3655
1717.408,0.813,0.6160000000000001,8.6045,5.063,634.3655
1717.408,0.813,0.6160000000000001,8.6045,5.063,634.3655
1717.408,0.813,0.498,8.6045,5.063,634.3655
1717.408,0.5885,0.3805,8.6045,5.063,634.3655
1717.408,0.813,0.498,8.6045,5.063,634.3655
1717.408,0.813,0.3805,8.6045,5.063,634.3655
1717.408,0.813,0.498,8.6045,5.063,634.3655
1717.408,0.813,0.498,8.6045,5.063,634.3655
1717.408,0.813,0.3805,8.6045,5.063,634.3655
1717.408,0.813,0.498,8.6045,5.063,634.3655
1717.408,0.813,0.498,8.6045,5.063,634.3655
1717.408,0.813,0.498,8.6045,5.063,634.3655
1717.408,0.813,0.3805,8.6045,5.063,634.3655
1717.408,0.813,0.498,8.6045,5.063,634.3655
1717.408,0.813,0.498,8.6045,5.063,634.3655
1717.408,0.813,0.3805,8.6045,5.063,634.3655
1717.408,0.813,0.3805,8.6045,5.063,634.3655
1717.408,0.813,0.3805,8.6045,5.063,634.3655
1717.408,0.813,0.498,8.6045,5.063,634.3655
1717.408,0.813,0.498,8.6045,5.063,634.3655
1717.408,0.813,0.498,8.6045,5.063,634.3655
1717.408,0.813,0.498,8.6045,5.063,634.3655
1717.408,0.813,0.498,8.6045,5.063,634.3655
1717.408,0.813,0.498,8.6045,5.063,634.3655
1717.408,0.813,0.498,8.6045,5.063,634.3655
1717.408,0.813,0.498,8.6045,5.063,634.3655
1717.408,0.813,0.498,8.6045,5.063,634.3655
1717.408,0.813,0.498,8.6045,5.063,634.3655
1717.408,0.813,0.498,8.6045,5.063,634.3655
1717.408,0.813,0.498,8.6045,5.063,634.3655
1717.408,0.813,0.498,8.6045,5.063,634.3655
1717.408,0.813,0.498,8.6045,5.063,634.3655
1717.408,0.813,0.498,8.6045,5.063,634.3655
1717.408,0.813,0.3805,-20.1165,5.063,634.3655
1717.408,0.813,0.498,-20.1165,5.063,634.3655
1717.408,0.813,0.498,8.6045,5.063,634.3655
1717.408,0.813,0.6160000000000001,8.6045,5.063,634.3655
1717.408,0.813,0.6160000000000001,-20.1165,5.063,634.3655
1717.408,0.813,0.7335,-20.1165,5.063,634.3655
1717.408,0.813,0.851,8.6045,5.063,634.3655
1717.408,0.813,0.851,8.6045,5.063,634.3655
1717.408,0.813,0.7335,8.6045,5.063,634.3655
1717.408,0.813,0.6160000000000001,37.3255,5.063,634.3655
1717.408,0.813,0.498,37.3255,5.063,634.3655
1717.408,0.5885,0.263,8.6045,5.063,634.3655
1717.408,0.813,0.3805,8.6045,5.063,634.3655
1717.408,0.813,0.3805,8.6045,5.063,634.3655
1717.408,0.813,0.3805,8.6045,5.063,634.3655
1717.408,0.5885,0.3805,-20.1165,5.063,634.3655
1717.408,0.5885,0.3805,-20.1165,5.063,634.3655
1717.408,0.813,0.6160000000000001,-20.1165,5.063,634.3655
1717.408,0.813,0.6160000000000001,8.6045,5.063,634.3655
1717.408,0.813,0.7335,8.6045,5.063,634.3655
1717.408,1.0375,0.7335,8.6045,5.063,634.3655
1717.408,0.813,0.7335,8.6045,5.063,634.3655
1717.408,0.813,0.7335,37.3255,5.063,634.3655
1717.408,0.813,0.498,37.3255,5.063,634.3655
1717.408,0.5885,0.3805,8.6045,5.063,634.3655
1717.408,0.5885,0.263,8.6045,5.063,634.3655
1717.408,0.813,0.498,8.6045,5.063,634.3655
1717.408,0.813,0.498,-20.1165,5.063,634.3655
1717.408,0.813,0.3805,8.6045,5.063,634.3655
1717.408,0.5885,0.3805,-20.1165,5.063,634.3655
1717.408,0.5885,0.3805,-20.1165,5.063,634.3655
1717.408,0.813,0.6160000000000001,8.6045,5.063,634.3655
1717.408,0.813,0.6160000000000001,8.6045,5.063,634.3655
1717.408,1.0375,0.7335,8.6045,5.063,634.3655
1717.408,1.0375,0.7335,8.6045,5.063,634.3655
1717.408,0.813,0.6160000000000001,8.6045,5.063,634.3655
1717.408,0.813,0.6160000000000001,8.6045,5.063,634.3655
1717.408,0.813,0.498,8.6045,5.063,634.3655
1717.408,0.5885,0.3805,37.3255,5.063,634.3655
1717.408,0.5885,0.263,8.6045,5.063,634.3655
1717.408,0.813,0.3805,8.6045,5.063,634.3655
1717.408,0.813,0.3805,8.6045,5.063,634.3655
1717.408,0.813,0.263,-20.1165,5.063,634.3655
1717.408,0.5885,0.3805,-20.1165,5.063,634.3655
1717.408,0.813,0.3805,-20.1165,5.063,634.3655
1717.408,0.813,0.498,-20.1165,5.063,634.3655
1717.408,0.813,0.6160000000000001,8.6045,-24.6315,634.3655
1717.408,1.0375,0.7335,8.6045,5.063,634.3655
1717.408,1.0375,0.7335,8.6045,5.063,634.3655
1717.408,0.813,0.6160000000000001,8.6045,5.063,634.3655
1717.408,0.813,0.6160000000000001,37.3255,5.063,634.3655
1717.408,0.813,0.498,8.6045,5.063,634.3655
1717.408,0.5885,0.263,-20.1165,5.063,634.3655
1717.408,0.813,0.3805,8.6045,5.063,634.3655
1717.408,0.813,0.3805,8.6045,5.063,634.3655
1717.408,0.813,0.3805,8.6045,5.063,634.3655
1717.408,0.813,0.3805,8.6045,5.063,634.3655
1717.408,0.5885,0.263,-20.1165,5.063,634.3655
1717.408,0.813,0.3805,-20.1165,5.063,634.3655
1717.408,0.813,0.498,8.6045,5.063,634.3655
1717.408,0.813,0.6160000000000001,8.6045,5.063,634.3655
1717.408,1.0375,0.6160000000000001,8.6045,5.063,634.3655
1717.408,1.0375,0.7335,8.6045,5.063,634.3655
1717.408,0.813,0.6160000000000001,8.6045,5.063,634.3655
1717.408,0.813,0.6160000000000001,8.6045,5.063,634.3655
1717.408,0.813,0.498,8.6045,5.063,634.3655
1717.408,0.813,0.3805,37.3255,5.063,634.3655
1717.408,0.5885,0.263,8.6045,5.063,634.3655
1717.408,0.813,0.3805,8.6045,5.063,634.3655
1717.408,0.813,0.3805,8.6045,5.063,634.3655
1717.408,0.813,0.3805,8.6045,5.063,634.3655
1717.408,0.813,0.263,8.6045,5.063,634.3655
1717.408,0.5885,0.263,-20.1165,5.063,634.3655
1717.408,0.813,0.3805,-20.1165,5.063,634.3655
1717.408,0.813,0.498,-20.1165,5.063,634.3655
1717.408,0.813,0.6160000000000001,8.6045,5.063,634.3655
1717.408,1.0375,0.7335,8.6045,5.063,634.3655
1717.408,1.0375,0.7335,8.6045,5.063,634.3655
1717.408,0.813,0.6160000000000001,8.6045,5.063,634.3655
1717.408,0.813,0.6160000000000001,8.6045,5.063,634.3655
1717.408,0.813,0.498,8.6045,5.063,634.3655
1717.408,0.5885,0.3805,8.6045,5.063,634.3655
1717.408,0.5885,0.263,8.6045,5.063,634.3655
1717.408,1.0375,0.3805,8.6045,5.063,634.3655
1717.408,0.813,0.3805,8.6045,5.063,634.3655
1717.408,0.813,0.3805,8.6045,5.063,634.3655
1717.408,0.813,0.3805,8.6045,5.063,634.3655
1717.408,0.5885,0.263,-20.1165,5.063,634.3655
1717.408,0.813,0.3805,-20.1165,5.063,634.3655
1717.408,0.813,0.498,-20.1165,5.063,634.3655
1717.408,0.813,0.6160000000000001,-20.1165,5.063,634.3655
1717.408,1.0375,0.7335,8.6045,5.063,634.3655
1717.408,1.0375,0.6160000000000001,8.6045,5.063,634.3655
1717.408,0.813,0.6160000000000001,8.6045,5.063,634.3655
1717.408,0.813,0.6160000000000001,8.6045,5.063,634.3655
1717.408,0.813,0.498,37.3255,5.063,634.3655
1717.408,0.813,0.3805,8.6045,5.063,634.3655
1717.408,0.5885,0.263,-20.1165,5.063,634.3655
1717.408,0.813,0.498,8.6045,5.063,634.3655
1717.408,0.813,0.498,8.6045,5.063,634.3655
1717.408,0.813,0.498,8.6045,5.063,634.3655
1717.408,0.813,0.3805,8.6045,5.063,634.3655
1717.408,0.5885,0.3805,8.6045,5.063,634.3655
1717.408,0.813,0.3805,-20.1165,5.063,634.3655
1717.408,0.813,0.498,8.6045,5.063,634.3655
1717.408,0.813,0.6160000000000001,-20.1165,5.063,634.3655
1717.408,1.0375,0.7335,8.6045,5.063,634.3655
1717.408,1.0375,0.7335,8.6045,5.063,634.3655
1717.408,0.813,0.6160000000000001,-20.1165,5.063,634.3655
1717.408,0.813,0.6160000000000001,8.6045,5.063,634.3655
1717.408,0.813,0.6160000000000001,37.3255,5.063,634.3655
1717.408,0.813,0.3805,8.6045,5.063,634.3655
1717.408,0.5885,0.263,-20.1165,5.063,634.3655
1717.408,0.813,0.3805,8.6045,5.063,634.3655
1717.408,0.813,0.3805,8.6045,5.063,634.3655
1717.408,0.813,0.3805,8.6045,5.063,634.3655
1717.408,0.813,0.3805,8.6045,5.063,634.3655
1717.408,0.813,0.3805,-20.1165,5.063,634.3655
1717.408,0.5885,0.263,-20.1165,5.063,634.3655
1717.408,0.813,0.3805,-20.1165,5.063,634.3655
1717.408,0.813,0.6160000000000001,8.6045,5.063,634.3655
1717.408,0.813,0.6160000000000001,8.6045,5.063,634.3655
1717.408,0.813,0.6160000000000001,8.6045,5.063,634.3655
1717.408,0.5885,0.498,8.6045,5.063,634.3655
1717.408,0.5885,0.498,-20.1165,5.063,634.3655
1717.408,0.5885,0.6160000000000001,-20.1165,5.063,634.3655
1717.408,0.813,0.7335,8.6045,5.063,634.3655
1717.408,0.813,0.7335,8.6045,5.063,634.3655
1717.408,0.813,0.851,8.6045,5.063,634.3655
1717.408,0.813,0.851,8.6045,5.063,634.3655
1717.408,0.813,0.851,8.6045,5.063,634.3655
1717.408,0.813,0.7335,8.6045,5.063,634.3655
1717.408,0.813,0.6160000000000001,37.3255,5.063,634.3655
1717.408,0.5885,0.3805,37.3255,5.063,634.3655
1717.408,0.5885,0.3805,8.6045,5.063,634.3655
1717.408,0.813,0.498,8.6045,5.063,634.3655
1717.408,0.813,0.498,8.6045,5.063,634.3655
1717.408,0.813,0.498,8.6045,5.063,634.3655
1717.408,0.5885,0.3805,-20.1165,5.063,634.3655
1717.408,0.5885,0.498,-20.1165,5.063,634.3655
1717.408,0.813,0.6160000000000001,8.6045,5.063,634.3655
1717.408,0.813,0.7335,-20.1165,5.063,634.3655
1717.408,0.813,0.851,8.6045,5.063,634.3655
1717.408,1.0375,0.851,8.6045,5.063,634.3655
1717.408,0.813,0.7335,8.6045,5.063,634.3655
1717.408,0.813,0.7335,8.6045,5.063,634.3655
1717.408,0.813,0.6160000000000001,37.3255,5.063,634.3655
1717.408,0.5885,0.3805,8.6045,5.063,634.3655
1717.408,0.813,0.3805,8.6045,5.063,634.3655
1717.408,0.813,0.498,-20.1165,5.063,634.3655
1717.408,0.813,0.498,8.6045,5.063,634.3655
1717.408,0.813,0.3805,-20.1165,5.063,634.3655
1717.408,0.5885,0.3805,-20.1165,5.063,634.3655
1717.408,0.5885,0.498,-20.1165,5.063,634.3655
1717.408,0.813,0.7335,-20.1165,5.063,634.3655
1717.408,0.813,0.7335,8.6045,5.063,634.3655
1717.408,1.0375,0.851,8.6045,5.063,634.3655
1717.408,0.813,0.7335,8.6045,5.063,634.3655
1717.408,0.813,0.7335,8.6045,5.063,634.3655
1717.408,0.813,0.7335,37.3255,5.063,634.3655
1717.408,0.813,0.498,8.6045,5.063,634.3655
1717.408,0.3635,0.263,8.6045,5.063,634.3655
1717.408,0.813,0.498,8.6045,5.063,634.3655
1717.408,0.813,0.498,8.6045,5.063,634.3655
1717.408,0.813,0.498,8.6045,5.063,634.3655
1717.408,0.813,0.3805,-20.1165,5.063,634.3655
1717.408,0.5885,0.3805,-20.1165,5.063,634.3655
1717.408,0.813,0.498,-20.1165,5.063,634.3655
1717.408,0.813,0.7335,-20.1165,5.063,634.3655
1717.408,0.813,0.851,8.6045,5.063,634.3655
1717.408,1.0375,0.851,8.6045,5.063,634.3655
1717.408,0.813,0.7335,8.6045,5.063,634.3655
1717.408,0.813,0.7335,8.6045,5.063,634.3655
1717.408,0.813,0.6160000000000001,8.6045,5.063,634.3655
1717.408,0.813,0.498,37.3255,5.063,634.3655
1717.408,0.5885,0.3805,8.6045,5.063,634.3655
1717.408,0.813,0.3805,8.6045,5.063,634.3655
1717.408,0.813,0.498,-20.1165,5.063,634.3655
1717.408,0.813,0.498,8.6045,5.063,634.3655
1717.408,0.813,0.498,8.6045,5.063,634.3655
1717.408,0.5885,0.3805,-20.1165,5.063,634.3655
1717.408,0.5885,0.3805,-20.1165,5.063,634.3655
1717.408,0.813,0.6160000000000001,-20.1165,5.063,634.3655
1717.408,0.813,0.7335,-20.1165,5.063,634.3655
1717.408,0.813,0.851,8.6045,5.063,634.3655
1717.408,0.813,0.851,8.6045,5.063,634.3655
1717.408,0.813,0.851,8.6045,5.063,634.3655
1717.408,0.813,0.7335,8.6045,5.063,634.3655
1717.408,0.813,0.7335,8.6045,5.063,634.3655
1717.408,0.813,0.6160000000000001,37.3255,5.063,634.3655
1717.408,0.5885,0.3805,37.3255,5.063,634.3655
1717.408,0.813,0.3805,-20.1165,5.063,634.3655
1717.408,0.813,0.498,-20.1165,5.063,634.3655
1717.408,0.813,0.498,8.6045,5.063,634.3655
1717.408,0.813,0.498,8.6045,5.063,634.3655
1717.408,0.813,0.498,8.6045,5.063,634.3655
1717.408,0.813,0.498,8.6045,5.063,634.3655
1717.408,0.813,0.498,8.6045,5.063,634.3655
1717.408,0.813,0.498,8.6045,5.063,634.3655
1717.408,0.813,0.498,8.6045,5.063,634.3655
1717.408,0.813,0.498,8.6045,5.063,634.3655
1717.408,1.0375,-0.0901,8.6045,5.063,634.3655
1717.408,1.0375,-0.0901,8.6045,5.063,634.3655
1717.408,1.0375,-0.0901,8.6045,5.063,634.3655
1717.408,1.0375,-0.0901,8.6045,5.063,634.3655
1717.408,1.0375,-0.0901,8.6045,5.063,634.3655
1717.408,1.0375,-0.0901,8.6045,5.063,634.3655
1717.408,1.0375,-0.0901,8.6045,5.063,634.3655
1717.408,1.0375,-0.0901,8.6045,5.063,634.3655
1717.408,1.0375,-0.0901,8.6045,5.063,634.3655
1717.408,1.0375,-0.0901,8.6045,5.063,634.3655
1717.408,1.0375,-0.0901,8.6045,5.063,634.3655
1717.408,1.0375,-0.0901,8.6045,5.063,634.3655
1717.408,1.0375,-0.0901,8.6045,5.063,634.3655
1717.408,0.813,-0.0901,8.6045,5.063,634.3655
1717.408,0.813,-0.20750000000000002,37.3255,5.063,634.3655
1717.408,0.813,-0.20750000000000002,8.6045,5.063,634.3655
1717.408,1.0375,-0.20750000000000002,8.6045,-24.6315,634.3655
1717.408,1.0375,-0.20750000000000002,-20.1165,-24.6315,634.3655
1717.408,1.262,-0.20750000000000002,8.6045,5.063,634.3655
1717.408,1.0375,-0.20750000000000002,8.6045,5.063,634.3655
1717.408,1.262,-0.20750000000000002,8.6045,5.063,634.3655
1717.408,1.0375,-0.20750000000000002,-20.1165,5.063,634.3655
1717.408,0.813,-0.0901,-20.1165,5.063,634.3655
1717.408,0.813,-0.0901,8.6045,-24.6315,634.3655
1717.408,1.0375,-0.0901,8.6045,5.063,634.3655
1717.408,1.0375,-0.0901,8.6045,5.063,634.3655
1717.408,0.813,-0.0901,8.6045,5.063,634.3655
1717.408,0.813,-0.20750000000000002,8.6045,5.063,634.3655
1717.408,1.0375,-0.20750000000000002,8.6045,5.063,634.3655
1717.408,1.0375,-0.0901,-20.1165,-24.6315,634.3655
1717.408,1.262,-0.20750000000000002,8.6045,5.063,634.3655
1717.408,1.0375,-0.20750000000000002,8.6045,5.063,634.3655
1717.408,1.262,-0.20750000000000002,8.6045,5.063,634.3655
1717.408,1.0375,-0.20750000000000002,-48.8375,5.063,634.3655
1717.408,0.5885,-0.0901,-20.1165,5.063,634.3655
1717.408,0.813,-0.0901,8.6045,5.063,634.3655
1717.408,1.0375,-0.0901,8.6045,5.063,634.3655
1717.408,1.0375,-0.0901,8.6045,5.063,634.3655
1717.408,0.813,-0.0901,8.6045,5.063,634.3655
1717.408,0.813,-0.20750000000000002,8.6045,5.063,634.3655
1717.408,1.0375,-0.20750000000000002,8.6045,5.063,634.3655
1717.408,1.0375,-0.20750000000000002,-20.1165,-24.6315,634.3655
1717.408,1.262,-0.0901,8.6045,5.063,634.3655
1717.408,1.0375,-0.0901,8.6045,5.063,634.3655
1717.408,1.0375,-0.20750000000000002,8.6045,5.063,634.3655
1717.408,1.0375,-0.20750000000000002,-48.8375,5.063,634.3655
1717.408,0.5885,-0.0901,8.6045,5.063,634.3655
1717.408,1.0375,-0.0901,8.6045,5.063,634.3655
1717.408,1.0375,-0.0901,8.6045,5.063,634.3655
1717.408,1.0375,-0.0901,8.6045,5.063,634.3655
1717.408,0.813,-0.0901,8.6045,5.063,634.3655
1717.408,0.813,-0.20750000000000002,8.6045,5.063,634.3655
1717.408,1.0375,-0.20750000000000002,8.6045,5.063,634.3655
1717.408,1.0375,-0.20750000000000002,-20.1165,-24.6315,634.3655
1717.408,1.262,-0.20750000000000002,8.6045,5.063,634.3655
1717.408,1.0375,-0.0901,8.6045,5.063,634.3655
1717.408,1.0375,-0.20750000000000002,8.6045,5.063,634.3655
1717.408,1.0375,-0.20750000000000002,-20.1165,5.063,634.3655
1717.408,0.5885,-0.0901,-20.1165,5.063,634.3655
1717.408,1.0375,-0.0901,8.6045,5.063,634.3655
1717.408,0.813,-0.0901,8.6045,5.063,634.3655
1717.408,1.0375,-0.0901,8.6045,5.063,634.3655
1717.408,0.813,-0.0901,8.6045,5.063,634.3655
1717.408,0.813,-0.20750000000000002,37.3255,5.063,634.3655
1717.408,1.0375,-0.20750000000000002,-20.1165,-24.6315,634.3655
1717.408,1.0375,-0.20750000000000002,-20.1165,-24.6315,634.3655
1717.408,1.0375,-0.20750000000000002,8.6045,5.063,634.3655
1717.408,1.262,-0.20750000000000002,8.6045,5.063,634.3655
1717.408,1.0375,-0.20750000000000002,-20.1165,5.063,634.3655
1717.408,0.813,-0.0901,-48.8375,5.063,634.3655
1717.408,0.5885,-0.0901,8.6045,-24.6315,634.3655
1717.408,1.0375,-0.20750000000000002,-48.8375,5.063,634.3655
1717.408,0.5885,-0.0901,8.6045,5.063,634.3655
1717.408,1.0375,-0.0901,8.6045,5.063,634.3655
1717.408,0.813,-0.0901,8.6045,5.063,634.3655
1717.408,1.0375,-0.0901,8.6045,5.063,634.3655
1717.408,0.813,-0.20750000000000002,8.6045,-24.6315,634.3655
1717.408,0.813,-0.20750000000000002,8.6045,5.063,634.3655
1717.408,1.0375,-0.20750000000000002,-20.1165,-24.6315,634.3655
1717.408,1.262,-0.20750000000000002,8.6045,-24.6315,634.3655
1717.408,1.262,-0.20750000000000002,8.6045,5.063,634.3655
1717.408,1.0375,-0.20750000000000002,8.6045,5.063,634.3655
1717.408,1.0375,-0.20750000000000002,-20.1165,5.063,634.3655
1717.408,0.813,-0.0901,-20.1165,5.063,634.3655
1717.408,1.0375,-0.0901,8.6045,5.063,634.3655
1717.408,1.0375,-0.0901,8.6045,5.063,634.3655
1717.408,1.0375,-0.0901,8.6045,5.063,634.3655
1717.408,0.813,-0.0901,8.6045,5.063,634.3655
1717.408,0.813,-0.20750000000000002,8.6045,5.063,634.3655
1717.408,1.0375,-0.20750000000000002,8.6045,-24.6315,634.3655
1717.408,1.0375,-0.20750000000000002,-20.1165,-24.6315,634.3655
1717.408,1.262,-0.0901,8.6045,5.063,634.3655
1717.408,1.0375,-0.0901,8.6045,34.757,634.3655
1717.408,1.0375,-0.20750000000000002,-20.1165,5.063,634.3655
1717.408,0.813,-0.0901,-20.1165,5.063,634.3655
1717.408,0.5885,-0.0901,8.6045,-24.6315,634.3655
1717.408,1.0375,-0.0901,8.6045,5.063,634.3655
1717.408,1.0375,-0.0901,8.6045,5.063,634.3655
1717.408,1.0375,-0.0901,8.6045,5.063,634.3655
1717.408,0.813,-0.20750000000000002,8.6045,5.063,634.3655
1717.408,0.813,-0.20750000000000002,8.6045,5.063,634.3655
1717.408,1.0375,-0.20750000000000002,8.6045,-24.6315,634.3655
1717.408,1.0375,-0.20750000000000002,-20.1165,5.063,634.3655
1717.408,1.262,-0.20750000000000002,8.6045,5.063,634.3655
1717.408,1.0375,-0.20750000000000002,-20.1165,5.063,634.3655
1717.408,1.0375,-0.20750000000000002,-20.1165,5.063,634.3655
1717.408,0.813,-0.0901,-20.1165,5.063,634.3655
1717.408,0.813,-0.0901,8.6045,-24.6315,634.3655
1717.408,1.0375,-0.0901,8.6045,5.063,634.3655
1717.408,1.0375,-0.0901,8.6045,5.063,634.3655
1717.408,1.0375,-0.0901,8.6045,5.063,634.3655
1717.408,1.0375,-0.0901,8.6045,5.063,634.3655
1717.408,1.0375,-0.0901,8.6045,5.063,634.3655
1717.408,1.0375,-0.0901,8.6045,5.063,634.3655
1717.408,1.0375,-0.0901,8.6045,5.063,634.3655
1717.408,1.0375,-0.0901,8.6045,5.063,634.3655
1717.408,1.0375,-0.0901,8.6045,5.063,634.3655
1717.408,1.0375,-0.0901,8.6045,5.063,634.3655
1717.408,1.0375,-0.0901,8.6045,5.063,634.3655
1717.408,0.813,-0.20750000000000002,8.6045,5.063,634.3655
1717.408,0.813,-0.20750000000000002,8.6045,5.063,634.3655
1717.408,0.813,-0.20750000000000002,8.6045,5.063,634.3655
1717.408,1.0375,-0.20750000000000002,-20.1165,5.063,634.3655
1717.408,1.0375,-0.20750000000000002,-20.1165,-24.6315,634.3655
1717.408,1.262,-0.20750000000000002,-20.1165,5.063,634.3655
1717.408,1.0375,-0.20750000000000002,8.6045,5.063,634.3655
1717.408,1.262,-0.20750000000000002,8.6045,5.063,634.3655
1717.408,1.0375,-0.20750000000000002,-20.1165,5.063,634.3655
1717.408,0.5885,-0.20750000000000002,-20.1165,5.063,634.3655
1717.408,1.0375,-0.0901,8.6045,5.063,634.3655
1717.408,1.0375,-0.0901,8.6045,5.063,634.3655
1717.408,0.813,-0.0901,8.6045,5.063,634.3655
1717.408,0.813,-0.20750000000000002,37.3255,5.063,634.3655
1717.408,1.0375,-0.20750000000000002,8.6045,5.063,634.3655
1717.408,1.0375,-0.20750000000000002,-20.1165,-24.6315,634.3655
1717.408,1.262,-0.20750000000000002,-20.1165,5.063,634.3655
1717.408,0.813,-0.20750000000000002,8.6045,5.063,634.3655
1717.408,1.262,-0.20750000000000002,8.6045,5.063,634.3655
1717.408,1.0375,-0.20750000000000002,-20.1165,5.063,634.3655
1717.408,0.5885,-0.0901,-20.1165,5.063,634.3655
1717.408,0.813,-0.0901,8.6045,5.063,634.3655
1717.408,1.0375,-0.0901,8.6045,5.063,634.3655
1717.408,0.813,-0.0901,8.6045,5.063,634.3655
1717.408,0.813,-0.20750000000000002,37.3255,5.063,634.3655
1717.408,0.813,-0.20750000000000002,8.6045,5.063,634.3655
1717.408,1.0375,-0.20750000000000002,-20.1165,-24.6315,634.3655
1717.408,1.262,-0.20750000000000002,8.6045,5.063,634.3655
1717.408,1.0375,-0.20750000000000002,8.6045,5.063,634.3655
1717.408,1.262,-0.20750000000000002,8.6045,5.063,634.3655
1717.408,1.0375,-0.20750000000000002,-20.1165,5.063,634.3655
1717.408,0.5885,-0.0901,-48.8375,5.063,634.3655
1717.408,0.813,-0.0901,8.6045,5.063,634.3655
1717.408,1.0375,-0.0901,8.6045,5.063,634.3655
1717.408,0.813,-0.0901,8.6045,5.063,634.3655
1717.408,0.813,-0.20750000000000002,37.3255,5.063,634.3655
1717.408,0.813,-0.20750000000000002,8.6045,5.063,634.3655
1717.408,1.0375,-0.20750000000000002,-20.1165,-24.6315,634.3655
1717.408,1.262,-0.20750000000000002,-20.1165,-24.6315,634.3655
1717.408,1.0375,-0.20750000000000002,8.6045,5.063,634.3655
1717.408,1.0375,-0.20750000000000002,8.6045,5.063,634.3655
1717.408,1.0375,-0.20750000000000002,8.6045,5.063,634.3655
1717.408,1.0375,-0.20750000000000002,-20.1165,5.063,634.3655
1717.408,0.5885,-0.0901,-20.1165,5.063,634.3655
1717.408,1.0375,-0.0901,8.6045,5.063,634.3655
1717.408,1.0375,-0.0901,8.6045,5.063,634.3655
1717.408,0.813,-0.0901,8.6045,5.063,634.3655
1717.408,0.813,-0.20750000000000002,37.3255,5.063,634.3655
1717.408,1.0375,-0.20750000000000002,8.6045,-24.6315,634.3655
1717.408,1.0375,-0.20750000000000002,-20.1165,-24.6315,634.3655
1717.408,1.262,-0.20750000000000002,8.6045,5.063,634.3655
1717.408,1.0375,-0.20750000000000002,8.6045,5.063,634.3655
1717.408,1.262,-0.20750000000000002,8.6045,5.063,634.3655
1717.408,1.0375,-0.20750000000000002,-20.1165,5.063,634.3655
1717.408,0.5885,-0.0901,-20.1165,5.063,634.3655
1717.408,1.0375,-0.0901,8.6045,5.063,634.3655
1717.408,1.0375,-0.0901,8.6045,5.063,634.3655
1717.408,0.813,-0.0901,8.6045,5.063,634.3655
1717.408,0.813,-0.20750000000000002,8.6045,5.063,634.3655
1717.408,1.0375,-0.20750000000000002,8.6045,-24.6315,634.3655
1717.408,1.0375,-0.20750000000000002,8.6045,-24.6315,634.3655
1717.408,1.262,-0.20750000000000002,-20.1165,5.063,634.3655
1717.408,1.0375,-0.20750000000000002,8.6045,5.063,634.3655
1717.408,1.262,-0.0901,8.6045,5.063,634.3655
1717.408,1.0375,-0.20750000000000002,8.6045,5.063,634.3655
1717.408,1.0375,-0.20750000000000002,-48.8375,5.063,634.3655
1717.408,0.5885,-0.0901,8.6045,-24.6315,634.3655
1717.408,1.0375,-0.0901,8.6045,5.063,634.3655
1717.408,1.0375,-0.0901,8.6045,5.063,634.3655
1717.408,0.813,-0.0901,8.6045,5.063,634.3655
1717.408,0.813,-0.20750000000000002,8.6045,5.063,634.3655
1717.408,1.0375,-0.20750000000000002,8.6045,-24.6315,634.3655
1717.408,1.0375,-0.0901,-20.1165,-24.6315,634.3655
1717.408,1.262,-0.20750000000000002,-20.1165,5.063,634.3655
1717.408,1.0375,-0.0901,8.6045,5.063,634.3655
1717.408,1.262,-0.0901,8.6045,5.063,634.3655
1717.408,1.0375,-0.20750000000000002,8.6045,5.063,634.3655
1717.408,1.0375,-0.20750000000000002,-48.8375,5.063,634.3655
1717.408,0.5885,-0.0901,8.6045,-24.6315,634.3655
1717.408,1.0375,-0.0901,8.6045,5.063,634.3655
1717.408,1.0375,-0.0901,8.6045,5.063,634.3655
1717.408,0.813,-0.0901,8.6045,5.063,634.3655
1717.408,0.813,-0.20750000000000002,8.6045,-24.6315,634.3655
1717.408,1.0375,-0.20750000000000002,8.6045,5.063,634.3655
1717.408,1.0375,-0.20750000000000002,-20.1165,5.063,634.3655
1717.408,1.262,-0.20750000000000002,8.6045,5.063,634.3655
1717.408,1.0375,-0.20750000000000002,8.6045,5.063,634.3655
1717.408,1.262,-0.20750000000000002,8.6045,5.063,634.3655
1717.408,1.0375,-0.20750000000000002,-20.1165,5.063,634.3655
1717.408,0.813,-0.20750000000000002,-20.1165,5.063,634.3655
1717.408,0.813,-0.0901,8.6045,-24.6315,634.3655
1717.408,1.0375,-0.0901,8.6045,5.063,634.3655
1717.408,1.0375,-0.0901,8.6045,5.063,634.3655
1717.408,0.813,-0.0901,8.6045,-24.6315,634.3655
1717.408,0.813,-0.20750000000000002,37.3255,5.063,634.3655
1717.408,1.0375,-0.20750000000000002,8.6045,5.063,634.3655
1717.408,1.0375,-0.20750000000000002,-20.1165,-24.6315,634.3655
1717.408,1.262,-0.20750000000000002,8.6045,5.063,634.3655
1717.408,1.0375,-0.20750000000000002,8.6045,5.063,634.3655
1717.408,1.262,-0.20750000000000002,8.6045,5.063,634.3655
1717.408,1.0375,-0.20750000000000002,-20.1165,5.063,634.3655
1717.408,1.0375,-0.0901,-20.1165,5.063,634.3655
1717.408,0.5885,-0.0901,8.6045,5.063,634.3655
1717.408,1.0375,-0.0901,8.6045,5.063,634.3655
1717.408,1.0375,-0.0901,8.6045,5.063,634.3655
1717.408,0.813,-0.0901,8.6045,5.063,634.3655
1717.408,0.813,-0.20750000000000002,8.6045,5.063,634.3655
1717.408,1.0375,-0.20750000000000002,8.6045,5.063,634.3655
1717.408,1.0375,-0.20750000000000002,-20.1165,-24.6315,634.3655
1717.408,1.262,-0.0901,8.6045,5.063,634.3655
1717.408,1.0375,-0.0901,8.6045,5.063,634.3655
1717.408,1.262,-0.0901,8.6045,5.063,634.3655
1717.408,1.0375,-0.20750000000000002,8.6045,5.063,634.3655
1717.408,1.0375,-0.20750000000000002,-20.1165,5.063,634.3655
1717.408,0.813,-0.0901,-20.1165,5.063,634.3655
1717.408,0.813,-0.0901,8.6045,5.063,634.3655
1717.408,1.0375,-0.0901,8.6045,5.063,634.3655
1717.408,1.0375,-0.0901,8.6045,5.063,634.3655
1717.408,1.0375,-0.0901,8.6045,5.063,634.3655
1717.408,1.0375,-0.0901,8.6045,5.063,634.3655
1717.408,1.0375,-0.0901,8.6045,5.063,634.3655
1717.408,1.0375,-0.0901,8.6045,5.063,634.3655
1717.408,1.0375,-0.0901,8.6045,5.063,634.3655
1717.408,-0.08560000000000001,-0.20750000000000002,8.6045,5.063,634.3655
1717.408,-0.08560000000000001,-0.20750000000000002,8.6045,5.063,634.3655
1717.408,-0.08560000000000001,-0.20750000000000002,8.6045,5.063,634.3655
1717.408,-0.08560000000000001,-0.20750000000000002,8.6045,5.063,634.3655
1717.408,-0.08560000000000001,-0.20750000000000002,8.6045,5.063,634.3655
1717.408,-0.08560000000000001,-0.0901,8.6045,5.063,634.3655
1717.408,-0.08560000000000001,-0.0901,37.3255,64.45150000000001,634.3655
1717.408,-0.08560000000000001,0.027649999999999997,8.6045,34.757,634.3655
1717.408,-0.08560000000000001,0.14525,-20.1165,5.063,634.3655
1717.408,-0.08560000000000001,0.14525,8.6045,5.063,634.3655
1717.408,-0.08560000000000001,0.14525,8.6045,5.063,634.3655
1717.408,-0.08560000000000001,0.14525,8.6045,5.063,634.3655
1717.408,-0.08560000000000001,0.263,8.6045,5.063,634.3655
1717.408,-0.08560000000000001,0.14525,8.6045,5.063,634.3655
1717.408,-0.31,0.263,-20.1165,5.063,634.3655
1717.408,-0.08560000000000001,0.3805,8.6045,5.063,634.3655
1717.408,-0.08560000000000001,0.3805,8.6045,-24.6315,634.3655
1717.408,-0.08560000000000001,0.3805,-20.1165,94.146,634.3655
1717.408,-0.31,0.6160000000000001,8.6045,34.757,634.3655
1717.408,-0.31,0.6160000000000001,8.6045,-24.6315,634.3655
1717.408,-0.31,0.6160000000000001,-20.1165,5.063,634.3655
1717.408,-0.5345,0.6160000000000001,8.6045,5.063,634.3655
1717.408,-0.5345,0.6160000000000001,8.6045,5.063,634.3655
1717.408,-0.31,0.6160000000000001,8.6045,-24.6315,634.3655
1717.408,-0.31,0.6160000000000001,-20.1165,5.063,634.3655
1717.408,-0.31,0.6160000000000001,8.6045,5.063,634.3655
1717.408,-0.31,0.6160000000000001,8.6045,5.063,634.3655
1717.408,-0.31,0.6160000000000001,8.6045,5.063,634.3655
1717.408,-0.31,0.6160000000000001,8.6045,5.063,634.3655
1717.408,-0.31,0.6160000000000001,8.6045,5.063,634.3655
1717.408,-0.31,0.6160000000000001,8.6045,5.063,634.3655
1717.408,-0.31,0.6160000000000001,8.6045,5.063,634.3655
1717.408,-0.31,0.6160000000000001,8.6045,5.063,634.3655
1717.408,-0.31,0.6160000000000001,8.6045,5.063,634.3655
1717.408,-0.31,0.6160000000000001,8.6045,5.063,634.3655
1717.408,-0.31,0.6160000000000001,8.6045,5.063,634.3655
1717.408,-0.31,0.6160000000000001,8.6045,5.063,634.3655
1717.408,-0.31,0.6160000000000001,8.6045,5.063,634.3655
1717.408,-0.31,0.6160000000000001,8.6045,5.063,634.3655
1717.408,-0.31,0.6160000000000001,8.6045,5.063,634.3655
1717.408,-0.31,0.6160000000000001,8.6045,5.063,634.3655
1717.408,-0.31,0.6160000000000001,8.6045,5.063,634.3655
1717.408,-0.31,0.6160000000000001,8.6045,5.063,634.3655
1717.408,-0.31,0.6160000000000001,8.6045,5.063,634.3655
1717.408,-0.31,0.6160000000000001,8.6045,5.063,634.3655
1717.408,-0.31,0.6160000000000001,8.6045,5.063,634.3655
1717.408,-0.31,0.6160000000000001,8.6045,5.063,634.3655
1717.408,-0.31,0.6160000000000001,8.6045,5.063,634.3655
1717.408,-0.31,0.6160000000000001,8.6045,5.063,634.3655
1717.408,-0.31,0.6160000000000001,8.6045,5.063,634.3655
1717.408,-0.31,0.6160000000000001,8.6045,5.063,634.3655
1717.408,-0.31,0.6160000000000001,8.6045,5.063,634.3655
1717.408,-0.31,0.6160000000000001,8.6045,5.063,634.3655
1717.408,-0.31,0.6160000000000001,8.6045,5.063,634.3655
1717.408,-0.31,0.6160000000000001,8.6045,-24.6315,634.3655
1717.408,-0.31,0.3805,-20.1165,-143.4095,634.3655
1717.408,-0.31,0.027649999999999997,-20.1165,-84.0205,634.3655
1717.408,-0.31,-0.20750000000000002,8.6045,5.063,634.3655
1717.408,-0.31,-0.0901,8.6045,34.757,634.3655
1717.408,-0.31,0.027649999999999997,8.6045,-24.6315,634.3655
1717.408,-0.31,-0.0901,8.6045,-54.326,634.3655
1717.408,-0.31,-0.325,8.6045,-24.6315,634.3655
1717.408,-0.31,-0.325,8.6045,5.063,634.3655
1717.408,-0.31,-0.325,8.6045,5.063,634.3655
1717.408,-0.31,-0.20750000000000002,8.6045,5.063,634.3655
1717.408,-0.08560000000000001,-0.20750000000000002,8.6045,5.063,634.3655
1717.408,-0.08560000000000001,-0.20750000000000002,8.6045,5.063,634.3655
1717.408,-0.08560000000000001,-0.0901,8.6045,5.063,634.3655
1717.408,-0.08560000000000001,-0.20750000000000002,-20.1165,5.063,634.3655
1717.408,-0.08560000000000001,-0.20750000000000002,-20.1165,5.063,634.3655
1717.408,-0.08560000000000001,-0.0901,8.6045,34.757,634.3655
1717.408,-0.08560000000000001,0.14525,66.0465,34.757,634.3655
1717.408,-0.08560000000000001,0.027649999999999997,123.48849999999999,5.063,634.3655
1717.408,-0.31,-0.0901,8.6045,34.757,634.3655
1717.408,-0.5345,0.14525,-48.8375,64.45150000000001,634.3655
1717.408,-0.984,0.3805,-48.8375,183.2295,634.3655
1717.408,-0.984,0.498,8.6045,-24.6315,634.3655
1717.408,-0.984,0.3805,8.6045,5.063,634.3655
1717.408,-0.984,0.263,8.6045,5.063,634.3655
1717.408,-0.984,0.3805,-20.1165,-24.6315,634.3655
1717.408,-0.984,0.3805,-20.1165,5.063,634.3655
1717.408,-0.984,0.3805,8.6045,5.063,634.3655
1717.408,-0.984,0.263,8.6045,5.063,634.3655
1717.408,-0.984,0.3805,8.6045,-24.6315,634.3655
1717.408,-0.984,0.263,8.6045,5.063,634.3655
1717.408,-0.984,0.3805,8.6045,5.063,634.3655
1717.408,-0.984,0.263,8.6045,5.063,634.3655
1717.408,-0.984,0.3805,8.6045,5.063,634.3655
1717.408,-0.984,0.263,8.6045,5.063,634.3655
1717.408,-0.984,0.263,8.6045,5.063,634.3655
1717.408,-0.984,0.3805,8.6045,5.063,634.3655
1717.408,-0.984,0.3805,8.6045,5.063,634.3655
1717.408,-0.984,0.3805,8.6045,5.063,634.3655
1717.408,-0.984,0.498,37.3255,-54.326,634.3655
1717.408,-0.7595000000000001,0.498,66.0465,-84.0205,-749.4069999999999
1717.408,-0.5345,0.263,8.6045,34.757,-749.4069999999999
1717.408,-0.31,0.3805,-48.8375,-24.6315,-749.4069999999999
1717.408,-0.31,0.3805,-48.8375,-84.0205,634.3655
1717.408,-0.31,0.14525,-20.1165,-84.0205,634.3655
1717.408,-0.08560000000000001,-0.0901,-20.1165,-24.6315,634.3655
1717.408,-0.31,-0.325,-20.1165,34.757,634.3655
1717.408,-0.31,-0.20750000000000002,8.6045,5.063,634.3655
1717.408,-0.31,-0.20750000000000002,8.6045,5.063,634.3655
1717.408,-0.31,-0.0901,8.6045,5.063,634.3655
1717.408,-0.31,-0.0901,8.6045,5.063,634.3655
1717.408,-0.31,-0.0901,8.6045,5.063,634.3655
1717.408,-0.31,-0.0901,8.6045,5.063,634.3655
1717.408,-0.31,0.027649999999999997,8.6045,5.063,634.3655
1717.408,-0.31,0.027649999999999997,8.6045,5.063,634.3655
1717.408,-0.31,-0.0901,8.6045,5.063,634.3655
1717.408,-0.31,-0.0901,8.6045,5.063,634.3655
1717.408,-0.31,0.027649999999999997,8.6045,5.063,634.3655
1717.408,-0.31,0.027649999999999997,8.6045,5.063,634.3655
1717.408,-0.31,0.027649999999999997,8.6045,5.063,634.3655
1717.408,-0.31,0.027649999999999997,8.6045,5.063,634.3655
1717.408,-0.31,0.027649999999999997,8.6045,5.063,634.3655
1717.408,-0.31,0.027649999999999997,8.6045,5.063,634.3655
1717.408,-0.31,0.027649999999999997,8.6045,5.063,634.3655
1717.408,0.1389,0.027649999999999997,-48.8375,5.063,-749.4069999999999
1717.408,0.3635,0.14525,-106.2795,-24.6315,-749.4069999999999
1717.408,0.5885,0.3805,-20.1165,34.757,-749.4069999999999
1717.408,0.813,0.3805,8.6045,-24.6315,634.3655
1717.408,0.813,0.263,8.6045,-84.0205,634.3655
1717.408,0.813,0.263,8.6045,-84.0205,634.3655
1717.408,0.813,0.14525,8.6045,64.45150000000001,634.3655
1717.408,0.813,0.263,8.6045,123.84049999999999,634.3655
1717.408,0.813,0.3805,8.6045,5.063,634.3655
1717.408,0.813,0.3805,8.6045,34.757,634.3655
1717.408,0.813,0.3805,8.6045,-24.6315,634.3655
1717.408,0.813,0.3805,8.6045,-54.326,634.3655
1717.408,0.5885,0.3805,37.3255,64.45150000000001,634.3655
1717.408,0.3635,0.263,37.3255,34.757,634.3655
1717.408,-0.08560000000000001,0.3805,8.6045,-84.0205,634.3655
1717.408,-0.31,-0.0901,-20.1165,-24.6315,634.3655
1717.408,-0.31,0.027649999999999997,-20.1165,34.757,634.3655
1717.408,-0.31,0.027649999999999997,-20.1165,-24.6315,634.3655
1717.408,-0.31,0.027649999999999997,8.6045,-24.6315,634.3655
1717.408,-0.31,-0.20750000000000002,8.6045,5.063,634.3655
1717.408,-0.31,-0.0901,8.6045,5.063,634.3655
1717.408,-0.31,-0.0901,8.6045,5.063,634.3655
1717.408,-0.31,-0.0901,8.6045,5.063,634.3655
1717.408,-0.31,0.027649999999999997,8.6045,5.063,634.3655
1717.408,-0.31,0.027649999999999997,8.6045,5.063,634.3655
1717.408,-0.31,0.027649999999999997,8.6045,5.063,634.3655
1717.408,-0.31,0.027649999999999997,8.6045,5.063,634.3655
1717.408,-0.31,0.027649999999999997,8.6045,5.063,634.3655
1717.408,-0.31,0.027649999999999997,8.6045,5.063,634.3655
1717.408,-0.31,0.027649999999999997,8.6045,5.063,634.3655
1717.408,-0.31,0.027649999999999997,8.6045,5.063,634.3655
1717.408,-0.31,0.027649999999999997,8.6045,5.063,634.3655
1717.408,-0.31,0.027649999999999997,8.6045,5.063,634.3655
1717.408,-0.31,0.027649999999999997,8.6045,5.063,634.3655
1717.408,-0.31,0.027649999999999997,8.6045,5.063,634.3655
1717.408,-0.31,0.027649999999999997,8.6045,5.063,634.3655
1717.408,-0.31,0.027649999999999997,8.6045,5.063,634.3655
1717.408,-0.31,0.027649999999999997,8.6045,5.063,634.3655
1717.408,-0.31,0.027649999999999997,8.6045,5.063,634.3655
1717.408,-0.31,0.027649999999999997,8.6045,5.063,634.3655
1717.408,-0.31,0.027649999999999997,8.6045,5.063,634.3655
1717.408,-0.31,0.027649999999999997,8.6045,5.063,634.3655
1717.408,-0.31,0.027649999999999997,8.6045,5.063,634.3655
1717.408,-0.31,0.027649999999999997,8.6045,5.063,634.3655
1717.408,-0.31,0.027649999999999997,8.6045,5.063,634.3655
1717.408,-0.31,0.027649999999999997,8.6045,5.063,634.3655
1717.408,-0.31,0.027649999999999997,8.6045,5.063,634.3655
1717.408,-0.31,0.14525,37.3255,5.063,634.3655
1717.408,-0.31,0.14525,66.0465,5.063,634.3655
1717.408,-0.31,0.14525,66.0465,64.45150000000001,634.3655
1717.408,-0.31,0.14525,-48.8375,34.757,634.3655
1717.408,-0.7595000000000001,0.3805,-20.1165,5.063,634.3655
1717.408,1.0375,-0.0901,8.6045,5.063,634.3655
1717.408,1.0375,-0.0901,8.6045,5.063,634.3655
1717.408,1.0375,-0.0901,8.6045,5.063,634.3655
1717.408,1.0375,-0.0901,8.6045,5.063,634.3655
1717.408,1.0375,-0.0901,8.6045,5.063,634.3655
1717.408,1.0375,-0.0901,8.6045,5.063,634.3655
1717.408,1.0375,-0.0901,8.6045,5.063,634.3655
1717.408,1.0375,-0.0901,8.6045,5.063,634.3655
1717.408,1.0375,-0.0901,8.6045,5.063,634.3655
1717.408,0.813,-0.0901,8.6045,5.063,634.3655
1717.408,0.813,-0.20750000000000002,37.3255,5.063,634.3655
1717.408,0.813,-0.20750000000000002,8.6045,5.063,634.3655
1717.408,1.0375,-0.20750000000000002,-20.1165,-24.6315,634.3655
1717.408,1.0375,-0.20750000000000002,-20.1165,-24.6315,634.3655
1717.408,1.262,-0.0901,8.6045,5.063,634.3655
1717.408,1.0375,-0.20750000000000002,8.6045,5.063,634.3655
1717.408,1.0375,-0.20750000000000002,-20.1165,5.063,634.3655
1717.408,0.813,-0.20750000000000002,-20.1165,5.063,634.3655
1717.408,0.813,-0.20750000000000002,8.6045,-24.6315,634.3655
1717.408,1.0375,-0.20750000000000002,8.6045,5.063,634.3655
1717.408,0.813,-0.20750000000000002,8.6045,5.063,634.3655
1717.408,0.5885,-0.20750000000000002,37.3255,-24.6315,634.3655
1717.408,1.0375,-0.325,-20.1165,-24.6315,634.3655
1717.408,1.0375,-0.20750000000000002,-20.1165,-24.6315,634.3655
1717.408,1.4865,-0.0901,8.6045,5.063,634.3655
1717.408,1.0375,-0.20750000000000002,8.6045,5.063,634.3655
1717.408,1.0375,-0.20750000000000002,-20.1165,5.063,634.3655
1717.408,0.5885,-0.0901,8.6045,5.063,634.3655
1717.408,1.0375,-0.20750000000000002,8.6045,5.063,634.3655
1717.408,1.0375,-0.20750000000000002,8.6045,5.063,634.3655
1717.408,0.813,-0.0901,8.6045,5.063,634.3655
1717.408,0.813,-0.20750000000000002,8.6045,5.063,634.3655
1717.408,0.813,-0.20750000000000002,8.6045,5.063,634.3655
1717.408,1.0375,-0.20750000000000002,8.6045,-24.6315,634.3655
1717.408,1.4865,-0.20750000000000002,8.6045,5.063,634.3655
1717.408,1.0375,-0.20750000000000002,8.6045,5.063,634.3655
1717.408,1.0375,-0.20750000000000002,-20.1165,5.063,634.3655
1717.408,0.813,-0.0901,-20.1165,5.063,634.3655
1717.408,0.813,-0.20750000000000002,8.6045,-24.6315,634.3655
1717.408,1.0375,-0.0901,8.6045,5.063,634.3655
1717.408,0.813,-0.0901,8.6045,5.063,634.3655
1717.408,0.813,-0.20750000000000002,8.6045,5.063,634.3655
1717.408,0.813,-0.20750000000000002,8.6045,5.063,634.3655
1717.408,1.0375,-0.20750000000000002,-20.1165,-24.6315,634.3655
1717.408,1.4865,-0.0901,8.6045,5.063,634.3655
1717.408,1.0375,-0.20750000000000002,8.6045,5.063,634.3655
1717.408,1.0375,-0.20750000000000002,-20.1165,5.063,634.3655
1717.408,0.813,-0.0901,-20.1165,5.063,634.3655
1717.408,0.813,-0.0901,8.6045,-24.6315,634.3655
1717.408,0.813,-0.0901,8.6045,5.063,634.3655
1717.408,1.0375,-0.0901,8.6045,5.063,634.3655
1717.408,0.813,-0.20750000000000002,37.3255,5.063,634.3655
1717.408,0.813,-0.20750000000000002,8.6045,5.063,634.3655
1717.408,1.0375,-0.20750000000000002,-20.1165,-24.6315,634.3655
1717.408,1.4865,-0.0901,8.6045,5.063,634.3655
1717.408,1.0375,-0.0901,8.6045,5.063,634.3655
1717.408,1.0375,-0.20750000000000002,8.6045,5.063,634.3655
1717.408,0.813,-0.0901,-20.1165,5.063,634.3655
1717.408,0.813,-0.0901,-20.1165,5.063,634.3655
1717.408,1.0375,-0.0901,8.6045,5.063,634.3655
1717.408,0.813,-0.0901,8.6045,5.063,634.3655
1717.408,0.813,-0.20750000000000002,8.6045,5.063,634.3655
1717.408,0.813,-0.20750000000000002,8.6045,5.063,634.3655
1717.408,1.0375,-0.20750000000000002,-20.1165,5.063,634.3655
1717.408,1.0375,-0.0901,-20.1165,-24.6315,634.3655
1717.408,1.4865,-0.0901,8.6045,5.063,634.3655
1717.408,1.0375,-0.20750000000000002,8.6045,5.063,634.3655
1717.408,0.813,-0.20750000000000002,-20.1165,5.063,634.3655
1717.408,0.813,-0.20750000000000002,-20.1165,5.063,634.3655
1717.408,0.813,-0.20750000000000002,8.6045,-24.6315,634.3655
1717.408,1.0375,-0.0901,8.6045,5.063,634.3655
1717.408,1.0375,-0.0901,8.6045,5.063,634.3655
1717.408,0.813,-0.20750000000000002,37.3255,5.063,634.3655
1717.408,0.813,-0.20750000000000002,8.6045,5.063,634.3655
1717.408,1.0375,-0.20750000000000002,-20.1165,-24.6315,634.3655
1717.408,1.4865,-0.20750000000000002,-20.1165,5.063,634.3655
1717.408,1.0375,-0.20750000000000002,8.6045,5.063,634.3655
1717.408,1.0375,-0.20750000000000002,-20.1165,5.063,634.3655
1717.408,0.813,-0.20750000000000002,-20.1165,5.063,634.3655
1717.408,0.5885,-0.0901,8.6045,-24.6315,634.3655
1717.408,1.0375,-0.0901,8.6045,5.063,634.3655
1717.408,0.813,-0.0901,8.6045,5.063,634.3655
1717.408,0.813,-0.20750000000000002,8.6045,5.063,634.3655
1717.408,1.0375,-0.20750000000000002,8.6045,5.063,634.3655
1717.408,1.0375,-0.0901,-20.1165,-24.6315,634.3655
1717.408,1.4865,-0.0901,8.6045,5.063,634.3655
1717.408,1.0375,-0.0901,8.6045,5.063,634.3655
1717.408,1.0375,-0.20750000000000002,-20.1165,5.063,634.3655
1717.408,0.813,-0.0901,-20.1165,5.063,634.3655
1717.408,0.5885,-0.0901,8.6045,-24.6315,634.3655
1717.408,1.0375,-0.0901,8.6045,5.063,634.3655
1717.408,1.0375,-0.0901,8.6045,5.063,634.3655
1717.408,0.813,-0.20750000000000002,8.6045,5.063,634.3655
1717.408,0.813,-0.20750000000000002,8.6045,5.063,634.3655
1717.408,1.0375,-0.20750000000000002,-20.1165,-24.6315,634.3655
1717.408,1.262,-0.0901,-20.1165,5.063,634.3655
1717.408,1.262,-0.0901,8.6045,5.063,634.3655
1717.408,1.0375,-0.20750000000000002,8.6045,5.063,634.3655
1717.408,1.0375,-0.20750000000000002,-20.1165,5.063,634.3655
1717.408,0.813,-0.0901,-20.1165,5.063,634.3655
1717.408,0.813,-0.0901,8.6045,5.063,634.3655
1717.408,1.0375,-0.0901,8.6045,5.063,634.3655
1717.408,0.813,-0.0901,8.6045,5.063,634.3655
1717.408,0.813,-0.20750000000000002,8.6045,5.063,634.3655
1717.408,1.0375,-0.20750000000000002,8.6045,-24.6315,634.3655
1717.408,1.0375,-0.0901,-20.1165,-24.6315,634.3655
1717.408,1.262,-0.0901,8.6045,5.063,634.3655
1717.408,1.0375,-0.0901,8.6045,5.063,634.3655
1717.408,1.0375,-0.20750000000000002,8.6045,5.063,634.3655
1717.408,1.0375,-0.0901,8.6045,5.063,634.3655
1717.408,1.0375,-0.0901,-20.1165,5.063,634.3655
1717.408,0.813,-0.0901,8.6045,5.063,634.3655
1717.408,1.0375,-0.0901,8.6045,5.063,634.3655
1717.408,1.0375,-0.0901,8.6045,5.063,634.3655
1717.408,1.0375,-0.0901,8.6045,5.063,634.3655
1717.408,1.0375,-0.0901,8.6045,5.063,634.3655
1717.408,1.0375,-0.0901,8.6045,5.063,634.3655
1717.408,0.1389,0.14525,8.6045,5.063,634.3655
1717.408,0.1389,0.263,8.6045,5.063,634.3655
1717.408,0.1389,0.263,8.6045,5.063,634.3655
1717.408,-0.31,0.263,-20.1165,64.45150000000001,634.3655
1717.408,-0.984,0.498,-48.8375,94.146,634.3655
1717.408,-0.984,0.498,8.6045,-54.326,634.3655
1717.408,-0.7595000000000001,0.498,37.3255,-24.6315,634.3655
1717.408,-0.7595000000000001,0.498,-20.1165,34.757,634.3655
1717.408,-0.984,0.498,-20.1165,34.757,634.3655
1717.408,-0.7595000000000001,0.3805,-20.1165,34.757,634.3655
1717.408,-0.984,0.498,-20.1165,34.757,634.3655
1717.408,-0.984,0.3805,8.6045,34.757,634.3655
1717.408,-0.984,0.263,8.6045,34.757,634.3655
1717.408,-0.984,0.263,8.6045,-24.6315,634.3655
1717.408,-0.984,0.263,-20.1165,-24.6315,634.3655
1717.408,-0.984,0.3805,-20.1165,-54.326,634.3655
1717.408,-0.984,0.3805,8.6045,-113.715,634.3655
1717.408,-0.984,0.3805,66.0465,-54.326,634.3655
1717.408,-0.7595000000000001,0.498,66.0465,-54.326,634.3655
1717.408,-0.7595000000000001,0.498,-20.1165,-24.6315,634.3655
1717.408,-0.984,0.498,-48.8375,5.063,634.3655
1717.408,-0.984,0.498,-20.1165,5.063,634.3655
1717.408,-0.984,0.498,37.3255,5.063,634.3655
1717.408,-0.984,0.263,37.3255,5.063,634.3655
1717.408,-0.7595000000000001,0.263,8.6045,-24.6315,634.3655
1717.408,-0.984,0.3805,-48.8375,-24.6315,634.3655
1717.408,-0.984,0.498,8.6045,-84.0205,634.3655
1717.408,-0.984,0.3805,66.0465,-84.0205,634.3655
1717.408,-0.7595000000000001,0.498,8.6045,-54.326,634.3655
1717.408,-0.7595000000000001,0.498,8.6045,-54.326,634.3655
1717.408,-0.984,0.498,-20.1165,-54.326,634.3655
1717.408,-0.984,0.498,8.6045,-54.326,634.3655
1717.408,-0.984,0.3805,8.6045,-24.6315,634.3655
1717.408,-0.984,0.263,37.3255,-54.326,634.3655
1717.408,-0.984,0.263,8.6045,-54.326,634.3655
1717.408,-0.984,0.263,-20.1165,-24.6315,634.3655
1717.408,-0.984,0.3805,8.6045,-54.326,634.3655
1717.408,-0.984,0.3805,37.3255,-54.326,634.3655
1717.408,-0.984,0.3805,66.0465,-24.6315,634.3655
1717.408,-0.984,0.3805,37.3255,-54.326,634.3655
1717.408,-0.7595000000000001,0.3805,-20.1165,-24.6315,634.3655
1717.408,-0.984,0.498,-20.1165,5.063,634.3655
1717.408,-0.984,0.6160000000000001,8.6045,5.063,634.3655
1717.408,-0.984,0.498,37.3255,34.757,634.3655
1717.408,-0.984,0.3805,8.6045,5.063,634.3655
1717.408,-0.7595000000000001,0.263,-48.8375,34.757,634.3655
1717.408,-0.984,0.3805,-48.8375,5.063,634.3655
1717.408,-0.984,0.498,8.6045,5.063,634.3655
1717.408,-0.984,0.498,37.3255,34.757,634.3655
1717.408,-0.7595000000000001,0.3805,8.6045,34.757,634.3655
1717.408,-0.984,0.3805,-20.1165,34.757,-749.4069999999999
1717.408,-0.984,0.498,-48.8375,94.146,634.3655
1717.408,-0.984,0.3805,-20.1165,34.757,634.3655
1717.408,-0.984,0.3805,-20.1165,34.757,634.3655
1717.408,-0.984,0.3805,-20.1165,34.757,634.3655
1717.408,-0.984,0.3805,8.6045,5.063,634.3655
1717.408,-0.984,0.3805,8.6045,-24.6315,634.3655
1717.408,-0.7595000000000001,0.3805,8.6045,5.063,634.3655
1717.408,-0.984,0.498,8.6045,5.063,634.3655
1717.408,-0.7595000000000001,0.498,8.6045,5.063,634.3655
1717.408,-0.984,0.498,8.6045,5.063,634.3655
1717.408,-0.7595000000000001,0.498,-20.1165,5.063,634.3655
1717.408,-0.7595000000000001,0.6160000000000001,-20.1165,34.757,634.3655
1717.408,-0.984,0.498,-20.1165,34.757,634.3655
1717.408,-0.7595000000000001,0.498,8.6045,34.757,634.3655
1717.408,-0.984,0.498,-20.1165,34.757,634.3655
1717.408,-0.984,0.498,-20.1165,34.757,634.3655
1717.408,-0.984,0.3805,-20.1165,34.757,634.3655
1717.408,-0.984,0.3805,-20.1165,34.757,634.3655
1717.408,-0.984,0.3805,8.6045,5.063,634.3655
1717.408,-0.984,0.3805,8.6045,5.063,634.3655
1717.408,-0.984,0.3805,8.6045,5.063,634.3655
1717.408,-0.984,0.498,8.6045,5.063,634.3655
1717.408,-0.984,0.498,8.6045,5.063,634.3655
1717.408,-0.984,0.3805,8.6045,-24.6315,634.3655
1717.408,-0.984,0.498,8.6045,-24.6315,634.3655
1717.408,-0.984,0.498,8.6045,-24.6315,634.3655
1717.408,-0.7595000000000001,0.498,-20.1165,-24.6315,634.3655
1717.408,-0.984,0.498,-20.1165,34.757,634.3655
1717.408,-0.984,0.3805,8.6045,34.757,634.3655
1717.408,-0.984,0.3805,8.6045,64.45150000000001,634.3655
1717.408,-0.984,0.3805,-20.1165,34.757,634.3655
1717.408,-0.984,0.3805,8.6045,34.757,634.3655
1717.408,-0.984,0.3805,8.6045,5.063,634.3655
1717.408,-0.984,0.3805,8.6045,-24.6315,634.3655
1717.408,-0.984,0.3805,8.6045,-54.326,634.3655
1717.408,-0.984,0.3805,8.6045,-84.0205,634.3655
1717.408,-0.7595000000000001,0.498,8.6045,-54.326,634.3655
1717.408,-0.984,0.498,-20.1165,5.063,634.3655
1717.408,-0.984,0.498,-20.1165,64.45150000000001,634.3655
1717.408,-0.984,0.3805,-20.1165,94.146,634.3655
1717.408,-0.984,0.3805,37.3255,34.757,634.3655
1717.408,-0.984,0.263,8.6045,5.063,634.3655
1717.408,-0.7595000000000001,0.3805,-20.1165,34.757,634.3655
1717.408,-0.984,0.6160000000000001,-20.1165,5.063,634.3655
1717.408,-0.7595000000000001,0.498,-20.1165,34.757,634.3655
1717.408,-0.984,0.498,8.6045,34.757,634.3655
1717.408,-0.7595000000000001,0.498,-20.1165,34.757,634.3655
1717.408,-0.7595000000000001,0.498,-20.1165,5.063,634.3655
1717.408,-0.7595000000000001,0.498,-20.1165,5.063,634.3655
1717.408,-0.984,0.498,8.6045,5.063,634.3655
1717.408,-0.984,0.3805,-20.1165,34.757,634.3655
1717.408,-0.984,0.3805,-20.1165,34.757,634.3655
1717.408,-0.984,0.3805,-20.1165,-24.6315,634.3655
1717.408,-0.984,0.3805,8.6045,5.063,634.3655
1717.408,-0.984,0.3805,37.3255,-84.0205,634.3655
1717.408,-0.984,0.3805,8.6045,-24.6315,634.3655
1717.408,-0.984,0.3805,8.6045,-24.6315,634.3655
1717.408,-0.7595000000000001,0.498,8.6045,-54.326,634.3655
1717.408,-0.7595000000000001,0.498,8.6045,-24.6315,634.3655
1717.408,-0.7595000000000001,0.498,8.6045,-84.0205,634.3655
1717.408,-0.984,0.498,-20.1165,5.063,634.3655
1717.408,-0.984,0.3805,37.3255,-54.326,634.3655
1717.408,-0.984,0.263,8.6045,5.063,634.3655
1717.408,-0.984,0.263,-20.1165,5.063,634.3655
1717.408,-0.984,0.3805,8.6045,-84.0205,634.3655
1717.408,-0.984,0.3805,8.6045,-84.0205,634.3655
1717.408,-0.984,0.498,66.0465,-113.715,634.3655
1717.408,-0.7595000000000001,0.3805,37.3255,-54.326,634.3655
1717.408,-0.7595000000000001,0.3805,8.6045,-54.326,634.3655
1717.408,-0.984,0.3805,-48.8375,-24.6315,634.3655
1717.408,-0.984,0.498,-20.1165,34.757,634.3655
1717.408,-0.984,0.498,37.3255,64.45150000000001,634.3655
1717.408,-0.984,0.263,37.3255,5.063,634.3655
1717.408,-0.984,0.263,8.6045,-24.6315,-749.4069999999999
1717.408,-0.7595000000000001,0.851,94.7675,34.757,-749.4069999999999
1717.408,-0.08560000000000001,0.6160000000000001,94.7675,123.84049999999999,-749.4069999999999
1717.408,0.3635,0.3805,37.3255,123.84049999999999,-749.4069999999999
1717.408,0.5885,0.498,37.3255,64.45150000000001,634.3655
1717.408,0.5885,0.263,37.3255,34.757,634.3655
1717.408,0.5885,0.14525,8.6045,5.063,634.3655
1717.408,0.5885,0.14525,8.6045,34.757,634.3655
1717.408,0.5885,0.14525,8.6045,5.063,634.3655
1717.408,0.5885,0.14525,8.6045,5.063,634.3655
1717.408,0.5885,0.027649999999999997,8.6045,5.063,634.3655
1717.408,0.5885,0.027649999999999997,8.6045,-24.6315,634.3655
1717.408,0.5885,0.027649999999999997,8.6045,-24.6315,634.3655
1717.408,0.5885,0.027649999999999997,-20.1165,-84.0205,634.3655
1717.408,0.3635,0.263,-106.2795,-113.715,634.3655
1717.408,-0.31,0.6160000000000001,-221.1635,-84.0205,634.3655
1717.408,-1.2085,0.7335,-77.5585,-113.715,634.3655
1717.408,-0.984,0.498,37.3255,64.45150000000001,634.3655
1717.408,-0.984,0.498,37.3255,-24.6315,634.3655
1717.408,-0.7595000000000001,0.498,-20.1165,5.063,634.3655
1717.408,-0.7595000000000001,0.498,-48.8375,64.45150000000001,634.3655
1717.408,-0.984,0.6160000000000001,-20.1165,64.45150000000001,634.3655
1717.408,-0.984,0.3805,8.6045,5.063,634.3655
1717.408,-0.7595000000000001,0.263,-20.1165,64.45150000000001,634.3655
1717.408,-0.984,0.263,-20.1165,-54.326,-749.4069999999999
1717.408,-0.984,0.027649999999999997,-135.0005,-84.0205,-749.4069999999999
1717.408,-0.08560000000000001,-0.0901,,,-749.4069999999999
1717.408,0.3635,0.14525,-48.8375,-84.0205,634.3655
1717.408,0.5885,0.14525,8.6045,-24.6315,634.3655
1717.408,0.5885,0.027649999999999997,8.6045,-24.6315,634.3655
1717.408,0.813,-0.0901,-20.1165,-54.326,634.3655
1717.408,0.813,-0.0901,-20.1165,-24.6315,634.3655
1717.408,0.813,-0.0901,-20.1165,-24.6315,634.3655
1717.408,0.5885,-0.0901,-20.1165,-54.326,634.3655
1717.408,0.3635,-0.20750000000000002,94.7675,64.45150000000001,634.3655
1717.408,0.1389,-0.20750000000000002,,94.146,634.3655
1717.408,-0.7595000000000001,-0.20750000000000002,-77.5585,,634.3655
1717.408,-1.4335,0.498,8.6045,64.45150000000001,634.3655
1717.408,-0.984,0.263,94.7675,-84.0205,-749.4069999999999
1717.408,-0.7595000000000001,0.027649999999999997,8.6045,34.757,634.3655
1717.408,-0.7595000000000001,0.263,-48.8375,64.45150000000001,634.3655
1717.408,-0.984,0.498,8.6045,5.063,634.3655
1717.408,-0.984,0.498,37.3255,5.063,634.3655
1717.408,-0.984,0.3805,8.6045,34.757,634.3655
1717.408,-0.7595000000000001,0.498,-20.1165,5.063,634.3655
1717.408,-0.7595000000000001,0.498,-48.8375,34.757,634.3655
1717.408,-0.7595000000000001,0.498,-20.1165,34.757,634.3655
1717.408,-0.984,0.498,8.6045,34.757,634.3655
1717.408,-0.984,0.3805,8.6045,34.757,634.3655
1717.408,-0.7595000000000001,0.263,-20.1165,34.757,634.3655
1717.408,-0.984,0.263,-20.1165,34.757,634.3655
1717.408,-0.984,0.3805,-20.1165,5.063,634.3655
1717.408,-0.984,0.3805,8.6045,-24.6315,634.3655
1717.408,-0.984,0.3805,8.6045,-24.6315,634.3655
1717.408,-0.984,0.498,37.3255,5.063,634.3655
1717.408,-0.7595000000000001,0.3805,37.3255,-54.326,634.3655
1717.408,-0.7595000000000001,0.498,-20.1165,34.757,634.3655
1717.408,-0.984,0.6160000000000001,-20.1165,5.063,634.3655
1717.408,-0.7595000000000001,0.498,8.6045,5.063,634.3655
1717.408,-0.984,0.498,37.3255,-24.6315,634.3655
1717.408,-0.7595000000000001,0.3805,8.6045,-24.6315,634.3655
1717.408,-0.984,0.3805,-20.1165,-24.6315,634.3655
1717.408,-0.984,0.3805,8.6045,-24.6315,634.3655
1717.408,-0.984,0.3805,8.6045,-24.6315,634.3655
1717.408,-0.984,0.3805,8.6045,5.063,634.3655
1717.408,-0.984,0.498,8.6045,34.757,634.3655
1717.408,-0.984,0.3805,37.3255,-24.6315,634.3655
1717.408,-0.7595000000000001,0.498,-20.1165,34.757,634.3655
1717.408,-0.7595000000000001,0.498,-20.1165,34.757,634.3655
1717.408,-0.7595000000000001,0.498,-20.1165,34.757,634.3655
1717.408,-0.984,0.498,8.6045,34.757,634.3655
1717.408,-0.984,0.3805,8.6045,5.063,634.3655
1717.408,-0.7595000000000001,0.3805,-20.1165,34.757,634.3655
1717.408,-0.984,0.3805,-20.1165,34.757,634.3655
1717.408,-0.984,0.3805,8.6045,5.063,634.3655
1717.408,-0.984,0.3805,8.6045,5.063,634.3655
1717.408,-0.984,-0.0901,8.6045,5.063,634.3655
1717.408,-0.984,-0.0901,8.6045,5.063,634.3655
1717.408,-0.984,-0.0901,8.6045,5.063,634.3655
1717.408,-0.984,-0.0901,8.6045,5.063,634.3655
1717.408,-0.984,-0.0901,8.6045,5.063,634.3655
1717.408,-0.984,-0.0901,8.6045,5.063,634.3655
1717.408,-0.984,-0.0901,8.6045,5.063,634.3655
1717.408,-0.984,-0.0901,8.6045,5.063,634.3655
1717.408,-0.984,-0.0901,8.6045,5.063,634.3655
1717.408,-1.2085,-0.0901,8.6045,5.063,634.3655
1717.408,-1.4335,-0.0901,37.3255,-24.6315,634.3655
1717.408,-0.984,0.14525,8.6045,5.063,634.3655
1717.408,-0.5345,0.14525,8.6045,5.063,634.3655
1717.408,-0.7595000000000001,0.14525,-20.1165,5.063,634.3655
1717.408,-0.984,0.027649999999999997,-20.1165,5.063,634.3655
1717.408,-1.2085,0.027649999999999997,-20.1165,5.063,634.3655
1717.408,-1.2085,-0.0901,8.6045,5.063,634.3655
1717.408,-0.984,-0.0901,8.6045,5.063,634.3655
1717.408,-1.4335,-0.0901,37.3255,-24.6315,634.3655
1717.408,-1.2085,0.027649999999999997,37.3255,-24.6315,634.3655
1717.408,-0.5345,0.14525,8.6045,5.063,634.3655
1717.408,-0.5345,0.14525,-20.1165,5.063,634.3655
1717.408,-0.984,0.14525,-20.1165,5.063,634.3655
1717.408,-1.2085,0.027649999999999997,-20.1165,5.063,634.3655
1717.408,-1.2085,-0.0901,-20.1165,5.063,634.3655
1717.408,-0.984,-0.0901,8.6045,5.063,634.3655
1717.408,-1.2085,-0.0901,8.6045,5.063,634.3655
1717.408,-1.4335,-0.0901,37.3255,5.063,634.3655
1717.408,-0.984,0.14525,8.6045,5.063,634.3655
1717.408,-0.5345,0.14525,8.6045,5.063,634.3655
1717.408,-0.7595000000000001,0.14525,-20.1165,5.063,634.3655
1717.408,-1.2085,0.027649999999999997,-20.1165,5.063,634.3655
1717.408,-1.2085,-0.0901,-20.1165,5.063,634.3655
1717.408,-1.2085,-0.0901,8.6045,5.063,634.3655
1717.408,-0.984,-0.0901,8.6045,5.063,634.3655
1717.408,-1.2085,-0.0901,8.6045,-24.6315,634.3655
1717.408,-1.4335,0.027649999999999997,37.3255,5.063,634.3655
1717.408,-0.984,0.14525,8.6045,5.063,634.3655
1717.408,-0.5345,0.14525,-20.1165,5.063,634.3655
1717.408,-0.984,0.027649999999999997,8.6045,5.063,634.3655
1717.408,-1.2085,0.027649999999999997,-20.1165,5.063,634.3655
1717.408,-1.2085,-0.0901,-20.1165,5.063,634.3655
1717.408,-1.2085,-0.0901,8.6045,5.063,634.3655
1717.408,-0.984,-0.0901,8.6045,5.063,634.3655
1717.408,-1.2085,-0.0901,8.6045,5.063,634.3655
1717.408,-1.4335,-0.0901,37.3255,5.063,634.3655
1717.408,-0.984,0.14525,8.6045,5.063,634.3655
1717.408,-0.31,0.14525,8.6045,5.063,634.3655
1717.408,-0.984,0.14525,-20.1165,5.063,634.3655
1717.408,-1.2085,0.027649999999999997,-20.1165,5.063,634.3655
1717.408,-1.2085,-0.0901,-20.1165,5.063,634.3655
1717.408,-0.984,-0.0901,8.6045,5.063,634.3655
1717.408,-0.984,-0.0901,8.6045,5.063,634.3655
1717.408,-1.2085,-0.0901,8.6045,5.063,634.3655
1717.408,-1.4335,-0.0901,8.6045,5.063,634.3655
1717.408,-1.2085,0.027649999999999997,37.3255,5.063,634.3655
1717.408,-0.5345,0.14525,8.6045,5.063,634.3655
1717.408,-0.5345,0.14525,-20.1165,5.063,634.3655
1717.408,-1.2085,0.027649999999999997,-20.1165,5.063,634.3655
1717.408,-1.2085,0.027649999999999997,-20.1165,5.063,634.3655
1717.408,-1.2085,-0.20750000000000002,8.6045,5.063,634.3655
1717.408,-0.984,-0.0901,8.6045,-24.6315,634.3655
1717.408,-0.984,-0.0901,8.6045,5.063,634.3655
1717.408,-0.984,-0.0901,8.6045,5.063,634.3655
1717.408,-1.2085,-0.0901,37.3255,-24.6315,634.3655
1717.408,-1.2085,0.027649999999999997,8.6045,5.063,634.3655
1717.408,-0.7595000000000001,0.14525,8.6045,5.063,634.3655
1717.408,-0.5345,0.14525,8.6045,5.063,634.3655
1717.408,-0.984,0.027649999999999997,-20.1165,5.063,634.3655
1717.408,-1.2085,0.027649999999999997,-20.1165,5.063,634.3655
1717.408,-1.2085,-0.0901,-20.1165,5.063,634.3655
1717.408,-0.984,-0.0901,8.6045,5.063,634.3655
1717.408,-0.984,-0.0901,8.6045,5.063,634.3655
1717.408,-0.984,-0.0901,8.6045,5.063,634.3655
1717.408,-1.2085,-0.0901,8.6045,5.063,634.3655
1717.408,-1.4335,-0.0901,37.3255,5.063,634.3655
1717.408,-0.984,0.14525,8.6045,5.063,634.3655
1717.408,-0.31,0.14525,8.6045,5.063,634.3655
1717.408,-0.984,0.14525,-20.1165,5.063,634.3655
1717.408,-1.2085,0.027649999999999997,-20.1165,5.063,634.3655
1717.408,-1.2085,-0.0901,8.6045,5.063,634.3655
1717.408,-0.984,-0.0901,8.6045,5.063,634.3655
1717.408,-0.984,-0.0901,8.6045,5.063,634.3655
1717.408,-0.984,-0.0901,8.6045,5.063,634.3655
1717.408,-1.2085,-0.0901,8.6045,5.063,634.3655
1717.408,-1.4335,-0.0901,37.3255,-24.6315,634.3655
1717.408,-0.984,0.14525,8.6045,5.063,634.3655
1717.408,-0.5345,0.14525,8.6045,5.063,634.3655
1717.408,-0.7595000000000001,0.14525,-20.1165,5.063,634.3655
1717.408,-1.2085,0.027649999999999997,-20.1165,5.063,634.3655
1717.408,-1.2085,-0.0901,-20.1165,5.063,634.3655
1717.408,-1.2085,-0.0901,8.6045,5.063,634.3655
1717.408,-0.984,-0.0901,8.6045,5.063,634.3655
1717.408,-0.984,-0.0901,8.6045,5.063,634.3655
1717.408,-0.984,-0.0901,8.6045,5.063,634.3655
1717.408,-1.2085,-0.0901,8.6045,-24.6315,634.3655
1717.408,-1.2085,0.027649999999999997,37.3255,5.063,634.3655
1717.408,-0.7595000000000001,0.14525,37.3255,5.063,634.3655
1717.408,-0.5345,0.14525,-20.1165,5.063,634.3655
1717.408,-0.984,0.027649999999999997,-48.8375,5.063,634.3655
1717.408,-1.2085,0.027649999999999997,-20.1165,5.063,634.3655
1717.408,-1.2085,-0.20750000000000002,8.6045,5.063,634.3655
1717.408,-0.984,-0.0901,8.6045,5.063,634.3655
1717.408,-0.984,-0.0901,8.6045,5.063,634.3655
1717.408,-0.984,-0.0901,8.6045,-24.6315,634.3655
1717.408,-0.984,-0.0901,8.6045,5.063,634.3655
1717.408,-0.984,-0.0901,8.6045,5.063,634.3655
1717.408,-0.984,-0.0901,8.6045,5.063,634.3655
1717.408,-0.984,-0.0901,8.6045,5.063,634.3655
1717.408,-0.984,-0.0901,8.6045,5.063,634.3655
1717.408,-0.984,-0.0901,8.6045,5.063,634.3655
1717.408,-0.984,-0.0901,8.6045,5.063,634.3655
1717.408,-1.2085,-0.0901,8.6045,5.063,634.3655
1717.408,-1.4335,-0.0901,37.3255,-24.6315,634.3655
1717.408,-0.984,0.14525,8.6045,5.063,634.3655
1717.408,-0.31,0.14525,-20.1165,5.063,634.3655
1717.408,-0.7595000000000001,0.14525,-20.1165,5.063,634.3655
1717.408,-1.2085,0.027649999999999997,-20.1165,5.063,634.3655
1717.408,-1.2085,-0.0901,-20.1165,5.063,634.3655
1717.408,-0.984,-0.0901,8.6045,5.063,634.3655
1717.408,-1.2085,-0.0901,8.6045,-24.6315,634.3655
1717.408,-1.4335,-0.0901,37.3255,5.063,634.3655
1717.408,-0.984,0.14525,37.3255,-24.6315,634.3655
1717.408,-0.31,0.263,8.6045,5.063,634.3655
1717.408,-0.984,0.14525,-20.1165,5.063,634.3655
1717.408,-1.2085,-0.0901,-20.1165,5.063,634.3655
1717.408,-1.2085,-0.0901,8.6045,5.063,634.3655
1717.408,-0.984,-0.0901,8.6045,-24.6315,634.3655
1717.408,-0.984,-0.0901,8.6045,5.063,634.3655
1717.408,-1.4335,-0.20750000000000002,37.3255,5.063,634.3655
1717.408,-1.2085,0.027649999999999997,37.3255,-24.6315,634.3655
1717.408,-0.5345,0.14525,8.6045,-24.6315,634.3655
1717.408,-0.5345,0.14525,-20.1165,5.063,634.3655
1717.408,-1.2085,0.027649999999999997,-48.8375,5.063,634.3655
1717.408,-1.2085,-0.0901,-20.1165,5.063,634.3655
1717.408,-1.2085,-0.0901,8.6045,5.063,634.3655
1717.408,-0.984,-0.0901,8.6045,5.063,634.3655
1717.408,-1.2085,-0.0901,8.6045,5.063,634.3655
1717.408,-1.4335,-0.0901,37.3255,-24.6315,634.3655
1717.408,-0.984,0.14525,8.6045,-24.6315,634.3655
1717.408,-0.31,0.14525,8.6045,5.063,634.3655
1717.408,-0.984,0.14525,-20.1165,5.063,634.3655
1717.408,-1.2085,0.027649999999999997,-20.1165,5.063,634.3655
1717.408,-1.2085,-0.0901,-20.1165,5.063,634.3655
1717.408,-0.984,-0.0901,8.6045,5.063,634.3655
1717.408,-0.984,-0.0901,8.6045,5.063,634.3655
1717.408,-1.2085,-0.0901,8.6045,-24.6315,634.3655
1717.408,-1.4335,0.027649999999999997,37.3255,-24.6315,634.3655
1717.408,-0.7595000000000001,0.14525,8.6045,5.063,634.3655
1717.408,-0.31,0.263,-20.1165,5.063,634.3655
1717.408,-0.984,0.14525,-48.8375,5.063,634.3655
1717.408,-1.2085,-0.0901,-20.1165,5.063,634.3655
1717.408,-1.2085,-0.0901,8.6045,5.063,634.3655
1717.408,-0.984,-0.0901,8.6045,5.063,634.3655
1717.408,-0.984,-0.0901,8.6045,5.063,634.3655
1717.408,-1.2085,-0.0901,37.3255,-24.6315,634.3655
1717.408,-1.4335,0.027649999999999997,37.3255,5.063,634.3655
1717.408,-0.7595000000000001,0.14525,8.6045,5.063,634.3655
1717.408,-0.31,0.263,-20.1165,5.063,634.3655
1717.408,-0.984,0.14525,-20.1165,5.063,634.3655
1717.408,-1.2085,0.027649999999999997,-20.1165,5.063,634.3655
1717.408,-1.2085,-0.0901,8.6045,5.063,634.3655
1717.408,-0.984,-0.0901,8.6045,5.063,634.3655
1717.408,-0.984,-0.0901,8.6045,-24.6315,634.3655
1717.408,-1.2085,-0.0901,37.3255,-24.6315,634.3655
1717.408,-1.2085,0.027649999999999997,37.3255,5.063,634.3655
1717.408,-0.7595000000000001,0.14525,8.6045,-24.6315,634.3655
1717.408,-0.31,0.263,-20.1165,5.063,634.3655
1717.408,-0.984,0.14525,-20.1165,5.063,634.3655
1717.408,-1.2085,0.027649999999999997,-20.1165,5.063,634.3655
1717.408,-1.2085,-0.0901,8.6045,5.063,634.3655
1717.408,-0.984,-0.0901,8.6045,5.063,634.3655
1717.408,-0.984,-0.0901,8.6045,-24.6315,634.3655
1717.408,-1.2085,-0.20750000000000002,8.6045,-24.6315,634.3655
1717.408,-1.2085,0.027649999999999997,37.3255,5.063,634.3655
1717.408,-0.7595000000000001,0.14525,8.6045,-24.6315,634.3655
1717.408,-0.5345,0.14525,-20.1165,5.063,634.3655
1717.408,-0.984,0.14525,-48.8375,5.063,634.3655
1717.408,-1.2085,-0.0901,-20.1165,5.063,634.3655
1717.408,-0.984,-0.0901,8.6045,5.063,634.3655
1717.408,-0.984,-0.0901,8.6045,5.063,634.3655
1717.408,-0.984,-0.0901,8.6045,5.063,634.3655
1717.408,-1.2085,-0.0901,37.3255,5.063,634.3655
1717.408,-1.2085,0.027649999999999997,37.3255,5.063,634.3655
1717.408,-0.7595000000000001,0.14525,8.6045,-24.6315,634.3655
1717.408,-0.31,0.263,-20.1165,5.063,634.3655
1717.408,-0.984,0.14525,-48.8375,5.063,634.3655
1717.408,-1.2085,0.027649999999999997,-20.1165,5.063,634.3655
1717.408,-1.2085,-0.0901,8.6045,-24.6315,634.3655
1717.408,-0.984,0.027649999999999997,8.6045,5.063,634.3655
1717.408,-0.984,-0.0901,8.6045,5.063,634.3655
1717.408,-1.2085,-0.0901,37.3255,5.063,634.3655
1717.408,-1.2085,0.027649999999999997,37.3255,5.063,634.3655
1717.408,-0.7595000000000001,0.14525,8.6045,-24.6315,634.3655
1717.408,-0.5345,0.14525,-20.1165,5.063,634.3655
1717.408,-0.984,0.14525,-48.8375,5.063,634.3655
1717.408,-1.2085,-0.0901,-20.1165,5.063,634.3655
1717.408,-1.2085,-0.0901,8.6045,5.063,634.3655
1717.408,-0.984,-0.0901,8.6045,5.063,634.3655
1717.408,-0.984,-0.0901,8.6045,5.063,634.3655
1717.408,-0.984,-0.0901,8.6045,5.063,634.3655
1717.408,-0.984,-0.0901,8.6045,5.063,634.3655
1717.408,-0.984,-0.0901,8.6045,5.063,634.3655
1717.408,-0.984,-0.0901,8.6045,5.063,634.3655
1717.408,-0.984,-0.0901,8.6045,5.063,634.3655
1717.408,-0.984,-0.0901,8.6045,5.063,634.3655
1717.408,-0.984,-0.0901,8.6045,5.063,634.3655
1717.408,-0.984,-0.0901,8.6045,5.063,634.3655
1717.408,-0.984,-0.0901,8.6045,5.063,634.3655
1717.408,-0.984,-0.0901,8.6045,5.063,634.3655
1717.408,-0.984,-0.0901,8.6045,5.063,634.3655
1717.408,-0.984,-0.0901,8.6045,5.063,634.3655
1717.408,-1.2085,-0.0901,37.3255,5.063,634.3655
1717.408,-1.2085,0.027649999999999997,37.3255,-24.6315,634.3655
1717.408,-0.7595000000000001,0.14525,8.6045,5.063,634.3655
1717.408,-0.31,0.14525,-20.1165,5.063,634.3655
1717.408,-0.984,0.14525,-20.1165,5.063,634.3655
1717.408,-1.2085,0.027649999999999997,-20.1165,5.063,634.3655
1717.408,-1.2085,-0.0901,8.6045,5.063,634.3655
1717.408,-0.984,0.027649999999999997,8.6045,-24.6315,634.3655
1717.408,-0.984,-0.0901,8.6045,-24.6315,634.3655
1717.408,-1.2085,-0.0901,8.6045,-24.6315,634.3655
1717.408,-1.2085,0.027649999999999997,37.3255,-24.6315,634.3655
1717.408,-0.7595000000000001,0.14525,8.6045,5.063,634.3655
1717.408,-0.31,0.14525,-20.1165,5.063,634.3655
1717.408,-0.984,0.14525,-20.1165,5.063,634.3655
1717.408,-1.2085,0.027649999999999997,-20.1165,5.063,634.3655
1717.408,-1.2085,-0.0901,8.6045,5.063,634.3655
1717.408,-0.984,-0.0901,8.6045,5.063,634.3655
1717.408,-0.984,0.027649999999999997,8.6045,5.063,634.3655
1717.408,-1.2085,-0.0901,8.6045,5.063,634.3655
1717.408,-1.4335,0.027649999999999997,37.3255,5.063,634.3655
1717.408,-0.984,0.14525,8.6045,5.063,634.3655
1717.408,-0.31,0.14525,-20.1165,5.063,634.3655
1717.408,-0.7595000000000001,0.14525,-20.1165,5.063,634.3655
1717.408,-1.2085,0.027649999999999997,-20.1165,5.063,634.3655
1717.408,-1.2085,-0.0901,8.6045,5.063,634.3655
1717.408,-0.984,-0.0901,8.6045,5.063,634.3655
1717.408,-0.984,-0.0901,8.6045,5.063,634.3655
1717.408,-1.2085,-0.0901,8.6045,5.063,634.3655
1717.408,-1.4335,-0.0901,37.3255,5.063,634.3655
1717.408,-0.984,0.14525,37.3255,-24.6315,634.3655
1717.408,-0.5345,0.263,8.6045,5.063,634.3655
1717.408,-0.7595000000000001,0.14525,-20.1165,5.063,634.3655
1717.408,-1.2085,0.027649999999999997,-20.1165,5.063,634.3655
1717.408,-1.2085,-0.0901,-20.1165,5.063,634.3655
1717.408,-1.2085,-0.0901,8.6045,5.063,634.3655
1717.408,-0.984,-0.0901,8.6045,5.063,634.3655
1717.408,-1.2085,-0.0901,8.6045,5.063,634.3655
1717.408,-1.4335,-0.0901,37.3255,-24.6315,634.3655
1717.408,-1.2085,0.14525,37.3255,5.063,634.3655
1717.408,-0.5345,0.14525,8.6045,5.063,634.3655
1717.408,-0.5345,0.14525,-20.1165,5.063,634.3655
1717.408,-1.2085,0.14525,-20.1165,5.063,634.3655
1717.408,-1.2085,0.027649999999999997,-20.1165,5.063,634.3655
1717.408,-1.2085,-0.0901,8.6045,5.063,634.3655
1717.408,-0.984,-0.0901,8.6045,5.063,634.3655
1717.408,-0.984,-0.0901,8.6045,5.063,634.3655
1717.408,-0.984,-0.0901,8.6045,5.063,634.3655
1717.408,-1.4335,-0.0901,37.3255,5.063,634.3655
1717.408,-1.2085,0.14525,37.3255,-24.6315,634.3655
1717.408,-0.5345,0.14525,8.6045,5.063,634.3655
1717.408,-0.7595000000000001,0.14525,-20.1165,5.063,634.3655
1717.408,-1.2085,0.027649999999999997,-20.1165,5.063,634.3655
1717.408,-1.2085,0.027649999999999997,-20.1165,5.063,634.3655
1717.408,-1.2085,-0.0901,8.6045,5.063,634.3655
1717.408,-0.984,-0.0901,8.6045,5.063,634.3655
1717.408,-0.984,0.027649999999999997,8.6045,5.063,634.3655
1717.408,-1.2085,-0.0901,8.6045,5.063,634.3655
1717.408,-1.2085,0.027649999999999997,8.6045,-24.6315,634.3655
1717.408,-1.2085,0.027649999999999997,37.3255,-24.6315,634.3655
1717.408,-0.7595000000000001,0.14525,8.6045,5.063,634.3655
1717.408,-0.5345,0.263,-20.1165,5.063,634.3655
1717.408,-0.984,0.14525,-48.8375,5.063,634.3655
1717.408,-1.2085,-0.0901,-20.1165,5.063,634.3655
1717.408,-1.2085,-0.0901,8.6045,5.063,634.3655
1717.408,-0.984,-0.0901,8.6045,5.063,634.3655
1717.408,-0.984,-0.0901,8.6045,5.063,634.3655
1717.408,-1.2085,-0.0901,8.6045,5.063,634.3655
1717.408,-1.2085,0.027649999999999997,37.3255,-24.6315,634.3655
1717.408,-0.984,0.14525,37.3255,5.063,634.3655
1717.408,-0.5345,0.263,8.6045,5.063,634.3655
1717.408,-0.7595000000000001,0.14525,-20.1165,5.063,634.3655
1717.408,-1.2085,0.14525,-48.8375,5.063,634.3655
1717.408,-1.2085,-0.0901,-20.1165,5.063,634.3655
1717.408,-0.984,-0.0901,8.6045,5.063,634.3655
1717.408,-0.984,0.027649999999999997,8.6045,-24.6315,634.3655
1717.408,-0.984,-0.0901,8.6045,-24.6315,634.3655
1717.408,-1.2085,-0.0901,8.6045,5.063,634.3655
1717.408,-1.2085,-0.0901,37.3255,5.063,634.3655
1717.408,-1.2085,0.14525,37.3255,5.063,634.3655
1717.408,-0.5345,0.14525,8.6045,5.063,634.3655
1717.408,-0.5345,0.263,-20.1165,5.063,634.3655
1717.408,-1.2085,0.14525,-48.8375,5.063,634.3655
1717.408,-1.2085,-0.0901,-20.1165,5.063,634.3655
1717.408,-1.2085,-0.0901,8.6045,5.063,634.3655
1717.408,-0.984,-0.0901,8.6045,5.063,634.3655
1717.408,-0.984,-0.0901,8.6045,5.063,634.3655
1717.408,-1.2085,-0.0901,8.6045,5.063,634.3655
1717.408,-1.4335,0.027649999999999997,37.3255,5.063,634.3655
1717.408,-0.984,0.14525,37.3255,5.063,634.3655
1717.408,-0.31,0.263,8.6045,5.063,634.3655
1717.408,-0.7595000000000001,0.263,-20.1165,5.063,634.3655
1717.408,-1.2085,0.14525,-48.8375,5.063,634.3655
1717.408,-1.2085,-0.0901,-20.1165,5.063,634.3655
1717.408,-0.984,-0.0901,8.6045,5.063,634.3655
1717.408,-0.984,-0.0901,8.6045,5.063,634.3655
1717.408,-0.984,0.027649999999999997,8.6045,5.063,634.3655
1717.408,-0.984,-0.0901,8.6045,5.063,634.3655
1717.408,1.0375,-0.0901,8.6045,5.063,634.3655
1717.408,1.0375,-0.0901,8.6045,5.063,634.3655
1717.408,1.0375,-0.0901,8.6045,5.063,634.3655
1717.408,1.0375,-0.0901,8.6045,5.063,634.3655
1717.408,1.0375,-0.0901,8.6045,5.063,634.3655
1717.408,1.0375,-0.0901,8.6045,5.063,634.3655
1717.408,1.0375,-0.0901,8.6045,5.063,634.3655
1717.408,1.0375,-0.0901,8.6045,5.063,634.3655
1717.408,1.0375,-0.0901,8.6045,5.063,634.3655
1717.408,1.0375,-0.0901,8.6045,5.063,634.3655
1717.408,1.0375,-0.0901,8.6045,5.063,634.3655
1717.408,1.0375,-0.0901,8.6045,5.063,634.3655
1717.408,1.0375,-0.0901,8.6045,5.063,634.3655
1717.408,0.813,-0.0901,8.6045,5.063,634.3655
1717.408,0.813,-0.20750000000000002,37.3255,5.063,634.3655
1717.408,0.813,-0.20750000000000002,8.6045,5.063,634.3655
1717.408,1.0375,-0.20750000000000002,8.6045,-24.6315,634.3655
1717.408,1.0375,-0.20750000000000002,-20.1165,-24.6315,634.3655
1717.408,1.262,-0.20750000000000002,8.6045,5.063,634.3655
1717.408,1.0375,-0.20750000000000002,8.6045,5.063,634.3655
1717.408,1.262,-0.20750000000000002,8.6045,5.063,634.3655
1717.408,1.0375,-0.20750000000000002,-20.1165,5.063,634.3655
1717.408,0.813,-0.0901,-20.1165,5.063,634.3655
1717.408,0.813,-0.0901,8.6045,-24.6315,634.3655
1717.408,1.0375,-0.0901,8.6045,5.063,634.3655
1717.408,1.0375,-0.0901,8.6045,5.063,634.3655
1717.408,0.813,-0.0901,8.6045,5.063,634.3655
1717.408,0.813,-0.20750000000000002,8.6045,5.063,634.3655
1717.408,1.0375,-0.20750000000000002,8.6045,5.063,634.3655
1717.408,1.0375,-0.0901,-20.1165,-24.6315,634.3655
1717.408,1.262,-0.20750000000000002,8.6045,5.063,634.3655
1717.408,1.0375,-0.20750000000000002,8.6045,5.063,634.3655
1717.408,1.262,-0.20750000000000002,8.6045,5.063,634.3655
1717.408,1.0375,-0.20750000000000002,-48.8375,5.063,634.3655
1717.408,0.5885,-0.0901,-20.1165,5.063,634.3655
1717.408,0.813,-0.0901,8.6045,5.063,634.3655
1717.408,1.0375,-0.0901,8.6045,5.063,634.3655
1717.408,1.0375,-0.0901,8.6045,5.063,634.3655
1717.408,0.813,-0.0901,8.6045,5.063,634.3655
1717.408,0.813,-0.20750000000000002,8.6045,5.063,634.3655
1717.408,1.0375,-0.20750000000000002,8.6045,5.063,634.3655
1717.408,1.0375,-0.20750000000000002,-20.1165,-24.6315,634.3655
1717.408,1.262,-0.0901,8.6045,5.063,634.3655
1717.408,1.0375,-0.0901,8.6045,5.063,634.3655
1717.408,1.0375,-0.20750000000000002,8.6045,5.063,634.3655
1717.408,1.0375,-0.20750000000000002,-48.8375,5.063,634.3655
1717.408,0.5885,-0.0901,8.6045,5.063,634.3655
1717.408,1.0375,-0.0901,8.6045,5.063,634.3655
1717.408,1.0375,-0.0901,8.6045,5.063,634.3655
1717.408,1.0375,-0.0901,8.6045,5.063,634.3655
1717.408,0.813,-0.0901,8.6045,5.063,634.3655
1717.408,0.813,-0.20750000000000002,8.6045,5.063,634.3655
1717.408,1.0375,-0.20750000000000002,8.6045,5.063,634.3655
1717.408,1.0375,-0.20750000000000002,-20.1165,-24.6315,634.3655
1717.408,1.262,-0.20750000000000002,8.6045,5.063,634.3655
1717.408,1.0375,-0.0901,8.6045,5.063,634.3655
1717.408,1.0375,-0.20750000000000002,8.6045,5.063,634.3655
1717.408,1.0375,-0.20750000000000002,-20.1165,5.063,634.3655
1717.408,0.5885,-0.0901,-20.1165,5.063,634.3655
1717.408,1.0375,-0.0901,8.6045,5.063,634.3655
1717.408,0.813,-0.0901,8.6045,5.063,634.3655
1717.408,1.0375,-0.0901,8.6045,5.063,634.3655
1717.408,0.813,-0.0901,8.6045,5.063,634.3655
1717.408,0.813,-0.20750000000000002,37.3255,5.063,634.3655
1717.408,1.0375,-0.20750000000000002,-20.1165,-24.6315,634.3655
1717.408,1.0375,-0.20750000000000002,-20.1165,-24.6315,634.3655
1717.408,1.0375,-0.20750000000000002,8.6045,5.063,634.3655
1717.408,1.262,-0.20750000000000002,8.6045,5.063,634.3655
1717.408,1.0375,-0.20750000000000002,-20.1165,5.063,634.3655
1717.408,0.813,-0.0901,-48.8375,5.063,634.3655
1717.408,0.5885,-0.0901,8.6045,-24.6315,634.3655
1717.408,1.0375,-0.20750000000000002,-48.8375,5.063,634.3655
1717.408,0.5885,-0.0901,8.6045,5.063,634.3655
1717.408,1.0375,-0.0901,8.6045,5.063,634.3655
1717.408,0.813,-0.0901,8.6045,5.063,634.3655
1717.408,1.0375,-0.0901,8.6045,5.063,634.3655
1717.408,0.813,-0.20750000000000002,8.6045,-24.6315,634.3655
1717.408,0.813,-0.20750000000000002,8.6045,5.063,634.3655
1717.408,1.0375,-0.20750000000000002,-20.1165,-24.6315,634.3655
1717.408,1.262,-0.20750000000000002,8.6045,-24.6315,634.3655
1717.408,1.262,-0.20750000000000002,8.6045,5.063,634.3655
1717.408,1.0375,-0.20750000000000002,8.6045,5.063,634.3655
1717.408,1.0375,-0.20750000000000002,-20.1165,5.063,634.3655
1717.408,0.813,-0.0901,-20.1165,5.063,634.3655
1717.408,1.0375,-0.0901,8.6045,5.063,634.3655
1717.408,1.0375,-0.0901,8.6045,5.063,634.3655
1717.408,1.0375,-0.0901,8.6045,5.063,634.3655
1717.408,0.813,-0.0901,8.6045,5.063,634.3655
1717.408,0.813,-0.20750000000000002,8.6045,5.063,634.3655
1717.408,1.0375,-0.20750000000000002,8.6045,-24.6315,634.3655
1717.408,1.0375,-0.20750000000000002,-20.1165,-24.6315,634.3655
1717.408,1.262,-0.0901,8.6045,5.063,634.3655
1717.408,1.0375,-0.0901,8.6045,34.757,634.3655
1717.408,1.0375,-0.20750000000000002,-20.1165,5.063,634.3655
1717.408,0.813,-0.0901,-20.1165,5.063,634.3655
1717.408,0.5885,-0.0901,8.6045,-24.6315,634.3655
1717.408,1.0375,-0.0901,8.6045,5.063,634.3655
1717.408,1.0375,-0.0901,8.6045,5.063,634.3655
1717.408,1.0375,-0.0901,8.6045,5.063,634.3655
1717.408,0.813,-0.20750000000000002,8.6045,5.063,634.3655
1717.408,0.813,-0.20750000000000002,8.6045,5.063,634.3655
1717.408,1.0375,-0.20750000000000002,8.6045,-24.6315,634.3655
1717.408,1.0375,-0.20750000000000002,-20.1165,5.063,634.3655
1717.408,1.262,-0.20750000000000002,8.6045,5.063,634.3655
1717.408,1.0375,-0.20750000000000002,-20.1165,5.063,634.3655
1717.408,1.0375,-0.20750000000000002,-20.1165,5.063,634.3655
1717.408,0.813,-0.0901,-20.1165,5.063,634.3655
1717.408,0.813,-0.0901,8.6045,-24.6315,634.3655
1717.408,1.0375,-0.0901,8.6045,5.063,634.3655
1717.408,1.0375,-0.0901,8.6045,5.063,634.3655
1717.408,1.0375,-0.0901,8.6045,5.063,634.3655
1717.408,1.0375,-0.0901,8.6045,5.063,634.3655
1717.408,1.0375,-0.0901,8.6045,5.063,634.3655
1717.408,1.0375,-0.0901,8.6045,5.063,634.3655
1717.408,1.0375,-0.0901,8.6045,5.063,634.3655
1717.408,1.0375,-0.0901,8.6045,5.063,634.3655
1717.408,1.0375,-0.0901,8.6045,5.063,634.3655
1717.408,1.0375,-0.0901,8.6045,5.063,634.3655
1717.408,1.0375,-0.0901,8.6045,5.063,634.3655
1717.408,0.813,-0.20750000000000002,8.6045,5.063,634.3655
1717.408,0.813,-0.20750000000000002,8.6045,5.063,634.3655
1717.408,0.813,-0.20750000000000002,8.6045,5.063,634.3655
1717.408,1.0375,-0.20750000000000002,-20.1165,5.063,634.3655
1717.408,1.0375,-0.20750000000000002,-20.1165,-24.6315,634.3655
1717.408,1.262,-0.20750000000000002,-20.1165,5.063,634.3655
1717.408,1.0375,-0.20750000000000002,8.6045,5.063,634.3655
1717.408,1.262,-0.20750000000000002,8.6045,5.063,634.3655
1717.408,1.0375,-0.20750000000000002,-20.1165,5.063,634.3655
1717.408,0.5885,-0.20750000000000002,-20.1165,5.063,634.3655
1717.408,1.0375,-0.0901,8.6045,5.063,634.3655
1717.408,1.0375,-0.0901,8.6045,5.063,634.3655
1717.408,0.813,-0.0901,8.6045,5.063,634.3655
1717.408,0.813,-0.20750000000000002,37.3255,5.063,634.3655
1717.408,1.0375,-0.20750000000000002,8.6045,5.063,634.3655
1717.408,1.0375,-0.20750000000000002,-20.1165,-24.6315,634.3655
1717.408,1.262,-0.20750000000000002,-20.1165,5.063,634.3655
1717.408,0.813,-0.20750000000000002,8.6045,5.063,634.3655
1717.408,1.262,-0.20750000000000002,8.6045,5.063,634.3655
1717.408,1.0375,-0.20750000000000002,-20.1165,5.063,634.3655
1717.408,0.5885,-0.0901,-20.1165,5.063,634.3655
1717.408,0.813,-0.0901,8.6045,5.063,634.3655
1717.408,1.0375,-0.0901,8.6045,5.063,634.3655
1717.408,0.813,-0.0901,8.6045,5.063,634.3655
1717.408,0.813,-0.20750000000000002,37.3255,5.063,634.3655
1717.408,0.813,-0.20750000000000002,8.6045,5.063,634.3655
1717.408,1.0375,-0.20750000000000002,-20.1165,-24.6315,634.3655
1717.408,1.262,-0.20750000000000002,8.6045,5.063,634.3655
1717.408,1.0375,-0.20750000000000002,8.6045,5.063,634.3655
1717.408,1.262,-0.20750000000000002,8.6045,5.063,634.3655
1717.408,1.0375,-0.20750000000000002,-20.1165,5.063,634.3655
1717.408,0.5885,-0.0901,-48.8375,5.063,634.3655
1717.408,0.813,-0.0901,8.6045,5.063,634.3655
1717.408,1.0375,-0.0901,8.6045,5.063,634.3655
1717.408,0.813,-0.0901,8.6045,5.063,634.3655
1717.408,0.813,-0.20750000000000002,37.3255,5.063,634.3655
1717.408,0.813,-0.20750000000000002,8.6045,5.063,634.3655
1717.408,1.0375,-0.20750000000000002,-20.1165,-24.6315,634.3655
1717.408,1.262,-0.20750000000000002,-20.1165,-24.6315,634.3655
1717.408,1.0375,-0.20750000000000002,8.6045,5.063,634.3655
1717.408,1.0375,-0.20750000000000002,8.6045,5.063,634.3655
1717.408,1.0375,-0.20750000000000002,8.6045,5.063,634.3655
1717.408,1.0375,-0.20750000000000002,-20.1165,5.063,634.3655
1717.408,0.5885,-0.0901,-20.1165,5.063,634.3655
1717.408,1.0375,-0.0901,8.6045,5.063,634.3655
1717.408,1.0375,-0.0901,8.6045,5.063,634.3655
1717.408,0.813,-0.0901,8.6045,5.063,634.3655
1717.408,0.813,-0.20750000000000002,37.3255,5.063,634.3655
1717.408,1.0375,-0.20750000000000002,8.6045,-24.6315,634.3655
1717.408,1.0375,-0.20750000000000002,-20.1165,-24.6315,634.3655
1717.408,1.262,-0.20750000000000002,8.6045,5.063,634.3655
1717.408,1.0375,-0.20750000000000002,8.6045,5.063,634.3655
1717.408,1.262,-0.20750000000000002,8.6045,5.063,634.3655
1717.408,1.0375,-0.20750000000000002,-20.1165,5.063,634.3655
1717.408,0.5885,-0.0901,-20.1165,5.063,634.3655
1717.408,1.0375,-0.0901,8.6045,5.063,634.3655
1717.408,1.0375,-0.0901,8.6045,5.063,634.3655
1717.408,0.813,-0.0901,8.6045,5.063,634.3655
1717.408,0.813,-0.20750000000000002,8.6045,5.063,634.3655
1717.408,1.0375,-0.20750000000000002,8.6045,-24.6315,634.3655
1717.408,1.0375,-0.20750000000000002,8.6045,-24.6315,634.3655
1717.408,1.262,-0.20750000000000002,-20.1165,5.063,634.3655
1717.408,1.0375,-0.20750000000000002,8.6045,5.063,634.3655
1717.408,1.262,-0.0901,8.6045,5.063,634.3655
1717.408,1.0375,-0.20750000000000002,8.6045,5.063,634.3655
1717.408,1.0375,-0.20750000000000002,-48.8375,5.063,634.3655
1717.408,0.5885,-0.0901,8.6045,-24.6315,634.3655
1717.408,1.0375,-0.0901,8.6045,5.063,634.3655
1717.408,1.0375,-0.0901,8.6045,5.063,634.3655
1717.408,0.813,-0.0901,8.6045,5.063,634.3655
1717.408,0.813,-0.20750000000000002,8.6045,5.063,634.3655
1717.408,1.0375,-0.20750000000000002,8.6045,-24.6315,634.3655
1717.408,1.0375,-0.0901,-20.1165,-24.6315,634.3655
1717.408,1.262,-0.20750000000000002,-20.1165,5.063,634.3655
1717.408,1.0375,-0.0901,8.6045,5.063,634.3655
1717.408,1.262,-0.0901,8.6045,5.063,634.3655
1717.408,1.0375,-0.20750000000000002,8.6045,5.063,634.3655
1717.408,1.0375,-0.20750000000000002,-48.8375,5.063,634.3655
1717.408,0.5885,-0.0901,8.6045,-24.6315,634.3655
1717.408,1.0375,-0.0901,8.6045,5.063,634.3655
1717.408,1.0375,-0.0901,8.6045,5.063,634.3655
1717.408,0.813,-0.0901,8.6045,5.063,634.3655
1717.408,0.813,-0.20750000000000002,8.6045,-24.6315,634.3655
1717.408,1.0375,-0.20750000000000002,8.6045,5.063,634.3655
1717.408,1.0375,-0.20750000000000002,-20.1165,5.063,634.3655
1717.408,1.262,-0.20750000000000002,8.6045,5.063,634.3655
1717.408,1.0375,-0.20750000000000002,8.6045,5.063,634.3655
1717.408,1.262,-0.20750000000000002,8.6045,5.063,634.3655
1717.408,1.0375,-0.20750000000000002,-20.1165,5.063,634.3655
1717.408,0.813,-0.20750000000000002,-20.1165,5.063,634.3655
1717.408,0.813,-0.0901,8.6045,-24.6315,634.3655
1717.408,1.0375,-0.0901,8.6045,5.063,634.3655
1717.408,1.0375,-0.0901,8.6045,5.063,634.3655
1717.408,0.813,-0.0901,8.6045,-24.6315,634.3655
1717.408,0.813,-0.20750000000000002,37.3255,5.063,634.3655
1717.408,1.0375,-0.20750000000000002,8.6045,5.063,634.3655
1717.408,1.0375,-0.20750000000000002,-20.1165,-24.6315,634.3655
1717.408,1.262,-0.20750000000000002,8.6045,5.063,634.3655
1717.408,1.0375,-0.20750000000000002,8.6045,5.063,634.3655
1717.408,1.262,-0.20750000000000002,8.6045,5.063,634.3655
1717.408,1.0375,-0.20750000000000002,-20.1165,5.063,634.3655
1717.408,1.0375,-0.0901,-20.1165,5.063,634.3655
1717.408,0.5885,-0.0901,8.6045,5.063,634.3655
1717.408,1.0375,-0.0901,8.6045,5.063,634.3655
1717.408,1.0375,-0.0901,8.6045,5.063,634.3655
1717.408,0.813,-0.0901,8.6045,5.063,634.3655
1717.408,0.813,-0.20750000000000002,8.6045,5.063,634.3655
1717.408,1.0375,-0.20750000000000002,8.6045,5.063,634.3655
1717.408,1.0375,-0.20750000000000002,-20.1165,-24.6315,634.3655
1717.408,1.262,-0.0901,8.6045,5.063,634.3655
1717.408,1.0375,-0.0901,8.6045,5.063,634.3655
1717.408,1.262,-0.0901,8.6045,5.063,634.3655
1717.408,1.0375,-0.20750000000000002,8.6045,5.063,634.3655
1717.408,1.0375,-0.20750000000000002,-20.1165,5.063,634.3655
1717.408,0.813,-0.0901,-20.1165,5.063,634.3655
1717.408,0.813,-0.0901,8.6045,5.063,634.3655
1717.408,1.0375,-0.0901,8.6045,5.063,634.3655
1717.408,1.0375,-0.0901,8.6045,5.063,634.3655
1717.408,1.0375,-0.0901,8.6045,5.063,634.3655
1717.408,1.0375,-0.0901,8.6045,5.063,634.3655
1717.408,1.0375,-0.0901,8.6045,5.063,634.3655
1717.408,1.0375,-0.0901,8.6045,5.063,634.3655
1717.408,1.0375,-0.0901,8.6045,5.063,634.3655
1717.408,-0.08560000000000001,-0.20750000000000002,8.6045,5.063,634.3655
1717.408,-0.08560000000000001,-0.20750000000000002,8.6045,5.063,634.3655
1717.408,-0.08560000000000001,-0.20750000000000002,8.6045,5.063,634.3655
1717.408,-0.08560000000000001,-0.20750000000000002,8.6045,5.063,634.3655
1717.408,-0.08560000000000001,-0.20750000000000002,8.6045,5.063,634.3655
1717.408,-0.08560000000000001,-0.0901,8.6045,5.063,634.3655
1717.408,-0.08560000000000001,-0.0901,37.3255,64.45150000000001,634.3655
1717.408,-0.08560000000000001,0.027649999999999997,8.6045,34.757,634.3655
1717.408,-0.08560000000000001,0.14525,-20.1165,5.063,634.3655
1717.408,-0.08560000000000001,0.14525,8.6045,5.063,634.3655
1717.408,-0.08560000000000001,0.14525,8.6045,5.063,634.3655
1717.408,-0.08560000000000001,0.14525,8.6045,5.063,634.3655
1717.408,-0.08560000000000001,0.263,8.6045,5.063,634.3655
1717.408,-0.08560000000000001,0.14525,8.6045,5.063,634.3655
1717.408,-0.31,0.263,-20.1165,5.063,634.3655
1717.408,-0.08560000000000001,0.3805,8.6045,5.063,634.3655
1717.408,-0.08560000000000001,0.3805,8.6045,-24.6315,634.3655
1717.408,-0.08560000000000001,0.3805,-20.1165,94.146,634.3655
1717.408,-0.31,0.6160000000000001,8.6045,34.757,634.3655
1717.408,-0.31,0.6160000000000001,8.6045,-24.6315,634.3655
1717.408,-0.31,0.6160000000000001,-20.1165,5.063,634.3655
1717.408,-0.5345,0.6160000000000001,8.6045,5.063,634.3655
1717.408,-0.5345,0.6160000000000001,8.6045,5.063,634.3655
1717.408,-0.31,0.6160000000000001,8.6045,-24.6315,634.3655
1717.408,-0.31,0.6160000000000001,-20.1165,5.063,634.3655
1717.408,-0.31,0.6160000000000001,8.6045,5.063,634.3655
1717.408,-0.31,0.6160000000000001,8.6045,5.063,634.3655
1717.408,-0.31,0.6160000000000001,8.6045,5.063,634.3655
1717.408,-0.31,0.6160000000000001,8.6045,5.063,634.3655
1717.408,-0.31,0.6160000000000001,8.6045,5.063,634.3655
1717.408,-0.31,0.6160000000000001,8.6045,5.063,634.3655
1717.408,-0.31,0.6160000000000001,8.6045,5.063,634.3655
1717.408,-0.31,0.6160000000000001,8.6045,5.063,634.3655
1717.408,-0.31,0.6160000000000001,8.6045,5.063,634.3655
1717.408,-0.31,0.6160000000000001,8.6045,5.063,634.3655
1717.408,-0.31,0.6160000000000001,8.6045,5.063,634.3655
1717.408,-0.31,0.6160000000000001,8.6045,5.063,634.3655
1717.408,-0.31,0.6160000000000001,8.6045,5.063,634.3655
1717.408,-0.31,0.6160000000000001,8.6045,5.063,634.3655
1717.408,-0.31,0.6160000000000001,8.6045,5.063,634.3655
1717.408,-0.31,0.6160000000000001,8.6045,5.063,634.3655
1717.408,-0.31,0.6160000000000001,8.6045,5.063,634.3655
1717.408,-0.31,0.6160000000000001,8.6045,5.063,634.3655
1717.408,-0.31,0.6160000000000001,8.6045,5.063,634.3655
1717.408,-0.31,0.6160000000000001,8.6045,5.063,634.3655
1717.408,-0.31,0.6160000000000001,8.6045,5.063,634.3655
1717.408,-0.31,0.6160000000000001,8.6045,5.063,634.3655
1717.408,-0.31,0.6160000000000001,8.6045,5.063,634.3655
1717.408,-0.31,0.6160000000000001,8.6045,5.063,634.3655
1717.408,-0.31,0.6160000000000001,8.6045,5.063,634.3655
1717.408,-0.31,0.6160000000000001,8.6045,5.063,634.3655
1717.408,-0.31,0.6160000000000001,8.6045,5.063,634.3655
1717.408,-0.31,0.6160000000000001,8.6045,5.063,634.3655
1717.408,-0.31,0.6160000000000001,8.6045,5.063,634.3655
1717.408,-0.31,0.6160000000000001,8.6045,-24.6315,634.3655
1717.408,-0.31,0.3805,-20.1165,-143.4095,634.3655
1717.408,-0.31,0.027649999999999997,-20.1165,-84.0205,634.3655
1717.408,-0.31,-0.20750000000000002,8.6045,5.063,634.3655
1717.408,-0.31,-0.0901,8.6045,34.757,634.3655
1717.408,-0.31,0.027649999999999997,8.6045,-24.6315,634.3655
1717.408,-0.31,-0.0901,8.6045,-54.326,634.3655
1717.408,-0.31,-0.325,8.6045,-24.6315,634.3655
1717.408,-0.31,-0.325,8.6045,5.063,634.3655
1717.408,-0.31,-0.325,8.6045,5.063,634.3655
1717.408,-0.31,-0.20750000000000002,8.6045,5.063,634.3655
1717.408,-0.08560000000000001,-0.20750000000000002,8.6045,5.063,634.3655
1717.408,-0.08560000000000001,-0.20750000000000002,8.6045,5.063,634.3655
1717.408,-0.08560000000000001,-0.0901,8.6045,5.063,634.3655
1717.408,-0.08560000000000001,-0.20750000000000002,-20.1165,5.063,634.3655
1717.408,-0.08560000000000001,-0.20750000000000002,-20.1165,5.063,634.3655
1717.408,-0.08560000000000001,-0.0901,8.6045,34.757,634.3655
1717.408,-0.08560000000000001,0.14525,66.0465,34.757,634.3655
1717.408,-0.08560000000000001,0.027649999999999997,123.48849999999999,5.063,634.3655
1717.408,-0.31,-0.0901,8.6045,34.757,634.3655
1717.408,-0.5345,0.14525,-48.8375,64.45150000000001,634.3655
1717.408,-0.984,0.3805,-48.8375,183.2295,634.3655
1717.408,-0.984,0.498,8.6045,-24.6315,634.3655
1717.408,-0.984,0.3805,8.6045,5.063,634.3655
1717.408,-0.984,0.263,8.6045,5.063,634.3655
1717.408,-0.984,0.3805,-20.1165,-24.6315,634.3655
1717.408,-0.984,0.3805,-20.1165,5.063,634.3655
1717.408,-0.984,0.3805,8.6045,5.063,634.3655
1717.408,-0.984,0.263,8.6045,5.063,634.3655
1717.408,-0.984,0.3805,8.6045,-24.6315,634.3655
1717.408,-0.984,0.263,8.6045,5.063,634.3655
1717.408,-0.984,0.3805,8.6045,5.063,634.3655
1717.408,-0.984,0.263,8.6045,5.063,634.3655
1717.408,-0.984,0.3805,8.6045,5.063,634.3655
1717.408,-0.984,0.263,8.6045,5.063,634.3655
1717.408,-0.984,0.263,8.6045,5.063,634.3655
1717.408,-0.984,0.3805,8.6045,5.063,634.3655
1717.408,-0.984,0.3805,8.6045,5.063,634.3655
1717.408,-0.984,0.3805,8.6045,5.063,634.3655
1717.408,-0.984,0.498,37.3255,-54.326,634.3655
1717.408,-0.7595000000000001,0.498,66.0465,-84.0205,-749.4069999999999
1717.408,-0.5345,0.263,8.6045,34.757,-749.4069999999999
1717.408,-0.31,0.3805,-48.8375,-24.6315,-749.4069999999999
1717.408,-0.31,0.3805,-48.8375,-84.0205,634.3655
1717.408,-0.31,0.14525,-20.1165,-84.0205,634.3655
1717.408,-0.08560000000000001,-0.0901,-20.1165,-24.6315,634.3655
1717.408,-0.31,-0.325,-20.1165,34.757,634.3655
1717.408,-0.31,-0.20750000000000002,8.6045,5.063,634.3655
1717.408,-0.31,-0.20750000000000002,8.6045,5.063,634.3655
1717.408,-0.31,-0.0901,8.6045,5.063,634.3655
1717.408,-0.31,-0.0901,8.6045,5.063,634.3655
1717.408,-0.31,-0.0901,8.6045,5.063,634.3655
1717.408,-0.31,-0.0901,8.6045,5.063,634.3655
1717.408,-0.31,0.027649999999999997,8.6045,5.063,634.3655
1717.408,-0.31,0.027649999999999997,8.6045,5.063,634.3655
1717.408,-0.31,-0.0901,8.6045,5.063,634.3655
1717.408,-0.31,-0.0901,8.6045,5.063,634.3655
1717.408,-0.31,0.027649999999999997,8.6045,5.063,634.3655
1717.408,-0.31,0.027649999999999997,8.6045,5.063,634.3655
1717.408,-0.31,0.027649999999999997,8.6045,5.063,634.3655
1717.408,-0.31,0.027649999999999997,8.6045,5.063,634.3655
1717.408,-0.31,0.027649999999999997,8.6045,5.063,634.3655
1717.408,-0.31,0.027649999999999997,8.6045,5.063,634.3655
1717.408,-0.31,0.027649999999999997,8.6045,5.063,634.3655
1717.408,0.1389,0.027649999999999997,-48.8375,5.063,-749.4069999999999
1717.408,0.3635,0.14525,-106.2795,-24.6315,-749.4069999999999
1717.408,0.5885,0.3805,-20.1165,34.757,-749.4069999999999
1717.408,0.813,0.3805,8.6045,-24.6315,634.3655
1717.408,0.813,0.263,8.6045,-84.0205,634.3655
1717.408,0.813,0.263,8.6045,-84.0205,634.3655
1717.408,0.813,0.14525,8.6045,64.45150000000001,634.3655
1717.408,0.813,0.263,8.6045,123.84049999999999,634.3655
1717.408,0.813,0.3805,8.6045,5.063,634.3655
1717.408,0.813,0.3805,8.6045,34.757,634.3655
1717.408,0.813,0.3805,8.6045,-24.6315,634.3655
1717.408,0.813,0.3805,8.6045,-54.326,634.3655
1717.408,0.5885,0.3805,37.3255,64.45150000000001,634.3655
1717.408,0.3635,0.263,37.3255,34.757,634.3655
1717.408,-0.08560000000000001,0.3805,8.6045,-84.0205,634.3655
1717.408,-0.31,-0.0901,-20.1165,-24.6315,634.3655
1717.408,-0.31,0.027649999999999997,-20.1165,34.757,634.3655
1717.408,-0.31,0.027649999999999997,-20.1165,-24.6315,634.3655
1717.408,-0.31,0.027649999999999997,8.6045,-24.6315,634.3655
1717.408,-0.31,-0.20750000000000002,8.6045,5.063,634.3655
1717.408,-0.31,-0.0901,8.6045,5.063,634.3655
1717.408,-0.31,-0.0901,8.6045,5.063,634.3655
1717.408,-0.31,-0.0901,8.6045,5.063,634.3655
1717.408,-0.31,0.027649999999999997,8.6045,5.063,634.3655
1717.408,-0.31,0.027649999999999997,8.6045,5.063,634.3655
1717.408,-0.31,0.027649999999999997,8.6045,5.063,634.3655
1717.408,-0.31,0.027649999999999997,8.6045,5.063,634.3655
1717.408,-0.31,0.027649999999999997,8.6045,5.063,634.3655
1717.408,-0.31,0.027649999999999997,8.6045,5.063,634.3655
1717.408,-0.31,0.027649999999999997,8.6045,5.063,634.3655
1717.408,-0.31,0.027649999999999997,8.6045,5.063,634.3655
1717.408,-0.31,0.027649999999999997,8.6045,5.063,634.3655
1717.408,-0.31,0.027649999999999997,8.6045,5.063,634.3655
1717.408,-0.31,0.027649999999999997,8.6045,5.063,634.3655
1717.408,-0.31,0.027649999999999997,8.6045,5.063,634.3655
1717.408,-0.31,0.027649999999999997,8.6045,5.063,634.3655
1717.408,-0.31,0.027649999999999997,8.6045,5.063,634.3655
1717.408,-0.31,0.027649999999999997,8.6045,5.063,634.3655
1717.408,-0.31,0.027649999999999997,8.6045,5.063,634.3655
1717.408,-0.31,0.027649999999999997,8.6045,5.063,634.3655
1717.408,-0.31,0.027649999999999997,8.6045,5.063,634.3655
1717.408,-0.31,0.027649999999999997,8.6045,5.063,634.3655
1717.408,-0.31,0.027649999999999997,8.6045,5.063,634.3655
1717.408,-0.31,0.027649999999999997,8.6045,5.063,634.3655
1717.408,-0.31,0.027649999999999997,8.6045,5.063,634.3655
1717.408,-0.31,0.027649999999999997,8.6045,5.063,634.3655
1717.408,-0.31,0.027649999999999997,8.6045,5.063,634.3655
1717.408,-0.31,0.14525,37.3255,5.063,634.3655
1717.408,-0.31,0.14525,66.0465,5.063,634.3655
1717.408,-0.31,0.14525,66.0465,64.45150000000001,634.3655
1717.408,-0.31,0.14525,-48.8375,34.757,634.3655
1717.408,-0.7595000000000001,0.3805,-20.1165,5.063,634.3655
1717.408,1.0375,-0.0901,8.6045,5.063,634.3655
1717.408,1.0375,-0.0901,8.6045,5.063,634.3655
1717.408,1.0375,-0.0901,8.6045,5.063,634.3655
1717.408,1.0375,-0.0901,8.6045,5.063,634.3655
1717.408,1.0375,-0.0901,8.6045,5.063,634.3655
1717.408,1.0375,-0.0901,8.6045,5.063,634.3655
1717.408,1.0375,-0.0901,8.6045,5.063,634.3655
1717.408,1.0375,-0.0901,8.6045,5.063,634.3655
1717.408,1.0375,-0.0901,8.6045,5.063,634.3655
1717.408,0.813,-0.0901,8.6045,5.063,634.3655
1717.408,0.813,-0.20750000000000002,37.3255,5.063,634.3655
1717.408,0.813,-0.20750000000000002,8.6045,5.063,634.3655
1717.408,1.0375,-0.20750000000000002,-20.1165,-24.6315,634.3655
1717.408,1.0375,-0.20750000000000002,-20.1165,-24.6315,634.3655
1717.408,1.262,-0.0901,8.6045,5.063,634.3655
1717.408,1.0375,-0.20750000000000002,8.6045,5.063,634.3655
1717.408,1.0375,-0.20750000000000002,-20.1165,5.063,634.3655
1717.408,0.813,-0.20750000000000002,-20.1165,5.063,634.3655
1717.408,0.813,-0.20750000000000002,8.6045,-24.6315,634.3655
1717.408,1.0375,-0.20750000000000002,8.6045,5.063,634.3655
1717.408,0.813,-0.20750000000000002,8.6045,5.063,634.3655
1717.408,0.5885,-0.20750000000000002,37.3255,-24.6315,634.3655
1717.408,1.0375,-0.325,-20.1165,-24.6315,634.3655
1717.408,1.0375,-0.20750000000000002,-20.1165,-24.6315,634.3655
1717.408,1.4865,-0.0901,8.6045,5.063,634.3655
1717.408,1.0375,-0.20750000000000002,8.6045,5.063,634.3655
1717.408,1.0375,-0.20750000000000002,-20.1165,5.063,634.3655
1717.408,0.5885,-0.0901,8.6045,5.063,634.3655
1717.408,1.0375,-0.20750000000000002,8.6045,5.063,634.3655
1717.408,1.0375,-0.20750000000000002,8.6045,5.063,634.3655
1717.408,0.813,-0.0901,8.6045,5.063,634.3655
1717.408,0.813,-0.20750000000000002,8.6045,5.063,634.3655
1717.408,0.813,-0.20750000000000002,8.6045,5.063,634.3655
1717.408,1.0375,-0.20750000000000002,8.6045,-24.6315,634.3655
1717.408,1.4865,-0.20750000000000002,8.6045,5.063,634.3655
1717.408,1.0375,-0.20750000000000002,8.6045,5.063,634.3655
1717.408,1.0375,-0.20750000000000002,-20.1165,5.063,634.3655
1717.408,0.813,-0.0901,-20.1165,5.063,634.3655
1717.408,0.813,-0.20750000000000002,8.6045,-24.6315,634.3655
1717.408,1.0375,-0.0901,8.6045,5.063,634.3655
1717.408,0.813,-0.0901,8.6045,5.063,634.3655
1717.408,0.813,-0.20750000000000002,8.6045,5.063,634.3655
1717.408,0.813,-0.20750000000000002,8.6045,5.063,634.3655
1717.408,1.0375,-0.20750000000000002,-20.1165,-24.6315,634.3655
1717.408,1.4865,-0.0901,8.6045,5.063,634.3655
1717.408,1.0375,-0.20750000000000002,8.6045,5.063,634.3655
1717.408,1.0375,-0.20750000000000002,-20.1165,5.063,634.3655
1717.408,0.813,-0.0901,-20.1165,5.063,634.3655
1717.408,0.813,-0.0901,8.6045,-24.6315,634.3655
1717.408,0.813,-0.0901,8.6045,5.063,634.3655
1717.408,1.0375,-0.0901,8.6045,5.063,634.3655
1717.408,0.813,-0.20750000000000002,37.3255,5.063,634.3655
1717.408,0.813,-0.20750000000000002,8.6045,5.063,634.3655
1717.408,1.0375,-0.20750000000000002,-20.1165,-24.6315,634.3655
1717.408,1.4865,-0.0901,8.6045,5.063,634.3655
1717.408,1.0375,-0.0901,8.6045,5.063,634.3655
1717.408,1.0375,-0.20750000000000002,8.6045,5.063,634.3655
1717.408,0.813,-0.0901,-20.1165,5.063,634.3655
1717.408,0.813,-0.0901,-20.1165,5.063,634.3655
1717.408,1.0375,-0.0901,8.6045,5.063,634.3655
1717.408,0.813,-0.0901,8.6045,5.063,634.3655
1717.408,0.813,-0.20750000000000002,8.6045,5.063,634.3655
1717.408,0.813,-0.20750000000000002,8.6045,5.063,634.3655
1717.408,1.0375,-0.20750000000000002,-20.1165,5.063,634.3655
1717.408,1.0375,-0.0901,-20.1165,-24.6315,634.3655
1717.408,1.4865,-0.0901,8.6045,5.063,634.3655
1717.408,1.0375,-0.20750000000000002,8.6045,5.063,634.3655
1717.408,0.813,-0.20750000000000002,-20.1165,5.063,634.3655
1717.408,0.813,-0.20750000000000002,-20.1165,5.063,634.3655
1717.408,0.813,-0.20750000000000002,8.6045,-24.6315,634.3655
1717.408,1.0375,-0.0901,8.6045,5.063,634.3655
1717.408,1.0375,-0.0901,8.6045,5.063,634.3655
1717.408,0.813,-0.20750000000000002,37.3255,5.063,634.3655
1717.408,0.813,-0.20750000000000002,8.6045,5.063,634.3655
1717.408,1.0375,-0.20750000000000002,-20.1165,-24.6315,634.3655
1717.408,1.4865,-0.20750000000000002,-20.1165,5.063,634.3655
1717.408,1.0375,-0.20750000000000002,8.6045,5.063,634.3655
1717.408,1.0375,-0.20750000000000002,-20.1165,5.063,634.3655
1717.408,0.813,-0.20750000000000002,-20.1165,5.063,634.3655
1717.408,0.5885,-0.0901,8.6045,-24.6315,634.3655
1717.408,1.0375,-0.0901,8.6045,5.063,634.3655
1717.408,0.813,-0.0901,8.6045,5.063,634.3655
1717.408,0.813,-0.20750000000000002,8.6045,5.063,634.3655
1717.408,1.0375,-0.20750000000000002,8.6045,5.063,634.3655
1717.408,1.0375,-0.0901,-20.1165,-24.6315,634.3655
1717.408,1.4865,-0.0901,8.6045,5.063,634.3655
1717.408,1.0375,-0.0901,8.6045,5.063,634.3655
1717.408,1.0375,-0.20750000000000002,-20.1165,5.063,634.3655
1717.408,0.813,-0.0901,-20.1165,5.063,634.3655
1717.408,0.5885,-0.0901,8.6045,-24.6315,634.3655
1717.408,1.0375,-0.0901,8.6045,5.063,634.3655
1717.408,1.0375,-0.0901,8.6045,5.063,634.3655
1717.408,0.813,-0.20750000000000002,8.6045,5.063,634.3655
1717.408,0.813,-0.20750000000000002,8.6045,5.063,634.3655
1717.408,1.0375,-0.20750000000000002,-20.1165,-24.6315,634.3655
1717.408,1.262,-0.0901,-20.1165,5.063,634.3655
1717.408,1.262,-0.0901,8.6045,5.063,634.3655
1717.408,1.0375,-0.20750000000000002,8.6045,5.063,634.3655
1717.408,1.0375,-0.20750000000000002,-20.1165,5.063,634.3655
1717.408,0.813,-0.0901,-20.1165,5.063,634.3655
1717.408,0.813,-0.0901,8.6045,5.063,634.3655
1717.408,1.0375,-0.0901,8.6045,5.063,634.3655
1717.408,0.813,-0.0901,8.6045,5.063,634.3655
1717.408,0.813,-0.20750000000000002,8.6045,5.063,634.3655
1717.408,1.0375,-0.20750000000000002,8.6045,-24.6315,634.3655
1717.408,1.0375,-0.0901,-20.1165,-24.6315,634.3655
1717.408,1.262,-0.0901,8.6045,5.063,634.3655
1717.408,1.0375,-0.0901,8.6045,5.063,634.3655
1717.408,1.0375,-0.20750000000000002,8.6045,5.063,634.3655
1717.408,1.0375,-0.0901,8.6045,5.063,634.3655
1717.408,1.0375,-0.0901,-20.1165,5.063,634.3655
1717.408,0.813,-0.0901,8.6045,5.063,634.3655
1717.408,1.0375,-0.0901,8.6045,5.063,634.3655
1717.408,1.0375,-0.0901,8.6045,5.063,634.3655
1717.408,1.0375,-0.0901,8.6045,5.063,634.3655
1717.408,1.0375,-0.0901,8.6045,5.063,634.3655
1717.408,1.0375,-0.0901,8.6045,5.063,634.3655
1717.408,0.1389,0.14525,8.6045,5.063,634.3655
1717.408,0.1389,0.263,8.6045,5.063,634.3655
1717.408,0.1389,0.263,8.6045,5.063,634.3655
1717.408,-0.31,0.263,-20.1165,64.45150000000001,634.3655
1717.408,-0.984,0.498,-48.8375,94.146,634.3655
1717.408,-0.984,0.498,8.6045,-54.326,634.3655
1717.408,-0.7595000000000001,0.498,37.3255,-24.6315,634.3655
1717.408,-0.7595000000000001,0.498,-20.1165,34.757,634.3655
1717.408,-0.984,0.498,-20.1165,34.757,634.3655
1717.408,-0.7595000000000001,0.3805,-20.1165,34.757,634.3655
1717.408,-0.984,0.498,-20.1165,34.757,634.3655
1717.408,-0.984,0.3805,8.6045,34.757,634.3655
1717.408,-0.984,0.263,8.6045,34.757,634.3655
1717.408,-0.984,0.263,8.6045,-24.6315,634.3655
1717.408,-0.984,0.263,-20.1165,-24.6315,634.3655
1717.408,-0.984,0.3805,-20.1165,-54.326,634.3655
1717.408,-0.984,0.3805,8.6045,-113.715,634.3655
1717.408,-0.984,0.3805,66.0465,-54.326,634.3655
1717.408,-0.7595000000000001,0.498,66.0465,-54.326,634.3655
1717.408,-0.7595000000000001,0.498,-20.1165,-24.6315,634.3655
1717.408,-0.984,0.498,-48.8375,5.063,634.3655
1717.408,-0.984,0.498,-20.1165,5.063,634.3655
1717.408,-0.984,0.498,37.3255,5.063,634.3655
1717.408,-0.984,0.263,37.3255,5.063,634.3655
1717.408,-0.7595000000000001,0.263,8.6045,-24.6315,634.3655
1717.408,-0.984,0.3805,-48.8375,-24.6315,634.3655
1717.408,-0.984,0.498,8.6045,-84.0205,634.3655
1717.408,-0.984,0.3805,66.0465,-84.0205,634.3655
1717.408,-0.7595000000000001,0.498,8.6045,-54.326,634.3655
1717.408,-0.7595000000000001,0.498,8.6045,-54.326,634.3655
1717.408,-0.984,0.498,-20.1165,-54.326,634.3655
1717.408,-0.984,0.498,8.6045,-54.326,634.3655
1717.408,-0.984,0.3805,8.6045,-24.6315,634.3655
1717.408,-0.984,0.263,37.3255,-54.326,634.3655
1717.408,-0.984,0.263,8.6045,-54.326,634.3655
1717.408,-0.984,0.263,-20.1165,-24.6315,634.3655
1717.408,-0.984,0.3805,8.6045,-54.326,634.3655
1717.408,-0.984,0.3805,37.3255,-54.326,634.3655
1717.408,-0.984,0.3805,66.0465,-24.6315,634.3655
1717.408,-0.984,0.3805,37.3255,-54.326,634.3655
1717.408,-0.7595000000000001,0.3805,-20.1165,-24.6315,634.3655
1717.408,-0.984,0.498,-20.1165,5.063,634.3655
1717.408,-0.984,0.6160000000000001,8.6045,5.063,634.3655
1717.408,-0.984,0.498,37.3255,34.757,634.3655
1717.408,-0.984,0.3805,8.6045,5.063,634.3655
1717.408,-0.7595000000000001,0.263,-48.8375,34.757,634.3655
1717.408,-0.984,0.3805,-48.8375,5.063,634.3655
1717.408,-0.984,0.498,8.6045,5.063,634.3655
1717.408,-0.984,0.498,37.3255,34.757,634.3655
1717.408,-0.7595000000000001,0.3805,8.6045,34.757,634.3655
1717.408,-0.984,0.3805,-20.1165,34.757,-749.4069999999999
1717.408,-0.984,0.498,-48.8375,94.146,634.3655
1717.408,-0.984,0.3805,-20.1165,34.757,634.3655
1717.408,-0.984,0.3805,-20.1165,34.757,634.3655
1717.408,-0.984,0.3805,-20.1165,34.757,634.3655
1717.408,-0.984,0.3805,8.6045,5.063,634.3655
1717.408,-0.984,0.3805,8.6045,-24.6315,634.3655
1717.408,-0.7595000000000001,0.3805,8.6045,5.063,634.3655
1717.408,-0.984,0.498,8.6045,5.063,634.3655
1717.408,-0.7595000000000001,0.498,8.6045,5.063,634.3655
1717.408,-0.984,0.498,8.6045,5.063,634.3655
1717.408,-0.7595000000000001,0.498,-20.1165,5.063,634.3655
1717.408,-0.7595000000000001,0.6160000000000001,-20.1165,34.757,634.3655
1717.408,-0.984,0.498,-20.1165,34.757,634.3655
1717.408,-0.7595000000000001,0.498,8.6045,34.757,634.3655
1717.408,-0.984,0.498,-20.1165,34.757,634.3655
1717.408,-0.984,0.498,-20.1165,34.757,634.3655
1717.408,-0.984,0.3805,-20.1165,34.757,634.3655
1717.408,-0.984,0.3805,-20.1165,34.757,634.3655
1717.408,-0.984,0.3805,8.6045,5.063,634.3655
1717.408,-0.984,0.3805,8.6045,5.063,634.3655
1717.408,-0.984,0.3805,8.6045,5.063,634.3655
1717.408,-0.984,0.498,8.6045,5.063,634.3655
1717.408,-0.984,0.498,8.6045,5.063,634.3655
1717.408,-0.984,0.3805,8.6045,-24.6315,634.3655
1717.408,-0.984,0.498,8.6045,-24.6315,634.3655
1717.408,-0.984,0.498,8.6045,-24.6315,634.3655
1717.408,-0.7595000000000001,0.498,-20.1165,-24.6315,634.3655
1717.408,-0.984,0.498,-20.1165,34.757,634.3655
1717.408,-0.984,0.3805,8.6045,34.757,634.3655
1717.408,-0.984,0.3805,8.6045,64.45150000000001,634.3655
1717.408,-0.984,0.3805,-20.1165,34.757,634.3655
1717.408,-0.984,0.3805,8.6045,34.757,634.3655
1717.408,-0.984,0.3805,8.6045,5.063,634.3655
1717.408,-0.984,0.3805,8.6045,-24.6315,634.3655
1717.408,-0.984,0.3805,8.6045,-54.326,634.3655
1717.408,-0.984,0.3805,8.6045,-84.0205,634.3655
1717.408,-0.7595000000000001,0.498,8.6045,-54.326,634.3655
1717.408,-0.984,0.498,-20.1165,5.063,634.3655
1717.408,-0.984,0.498,-20.1165,64.45150000000001,634.3655
1717.408,-0.984,0.3805,-20.1165,94.146,634.3655
1717.408,-0.984,0.3805,37.3255,34.757,634.3655
1717.408,-0.984,0.263,8.6045,5.063,634.3655
1717.408,-0.7595000000000001,0.3805,-20.1165,34.757,634.3655
1717.408,-0.984,0.6160000000000001,-20.1165,5.063,634.3655
1717.408,-0.7595000000000001,0.498,-20.1165,34.757,634.3655
1717.408,-0.984,0.498,8.6045,34.757,634.3655
1717.408,-0.7595000000000001,0.498,-20.1165,34.757,634.3655
1717.408,-0.7595000000000001,0.498,-20.1165,5.063,634.3655
1717.408,-0.7595000000000001,0.498,-20.1165,5.063,634.3655
1717.408,-0.984,0.498,8.6045,5.063,634.3655
1717.408,-0.984,0.3805,-20.1165,34.757,634.3655
1717.408,-0.984,0.3805,-20.1165,34.757,634.3655
1717.408,-0.984,0.3805,-20.1165,-24.6315,634.3655
1717.408,-0.984,0.3805,8.6045,5.063,634.3655
1717.408,-0.984,0.3805,37.3255,-84.0205,634.3655
1717.408,-0.984,0.3805,8.6045,-24.6315,634.3655
1717.408,-0.984,0.3805,8.6045,-24.6315,634.3655
1717.408,-0.7595000000000001,0.498,8.6045,-54.326,634.3655
1717.408,-0.7595000000000001,0.498,8.6045,-24.6315,634.3655
1717.408,-0.7595000000000001,0.498,8.6045,-84.0205,634.3655
1717.408,-0.984,0.498,-20.1165,5.063,634.3655
1717.408,-0.984,0.3805,37.3255,-54.326,634.3655
1717.408,-0.984,0.263,8.6045,5.063,634.3655
1717.408,-0.984,0.263,-20.1165,5.063,634.3655
1717.408,-0.984,0.3805,8.6045,-84.0205,634.3655
1717.408,-0.984,0.3805,8.6045,-84.0205,634.3655
1717.408,-0.984,0.498,66.0465,-113.715,634.3655
1717.408,-0.7595000000000001,0.3805,37.3255,-54.326,634.3655
1717.408,-0.7595000000000001,0.3805,8.6045,-54.326,634.3655
1717.408,-0.984,0.3805,-48.8375,-24.6315,634.3655
1717.408,-0.984,0.498,-20.1165,34.757,634.3655
1717.408,-0.984,0.498,37.3255,64.45150000000001,634.3655
1717.408,-0.984,0.263,37.3255,5.063,634.3655
1717.408,-0.984,0.263,8.6045,-24.6315,-749.4069999999999
1717.408,-0.7595000000000001,0.851,94.7675,34.757,-749.4069999999999
1717.408,-0.08560000000000001,0.6160000000000001,94.7675,123.84049999999999,-749.4069999999999
1717.408,0.3635,0.3805,37.3255,123.84049999999999,-749.4069999999999
1717.408,0.5885,0.498,37.3255,64.45150000000001,634.3655
1717.408,0.5885,0.263,37.3255,34.757,634.3655
1717.408,0.5885,0.14525,8.6045,5.063,634.3655
1717.408,0.5885,0.14525,8.6045,34.757,634.3655
1717.408,0.5885,0.14525,8.6045,5.063,634.3655
1717.408,0.5885,0.14525,8.6045,5.063,634.3655
1717.408,0.5885,0.027649999999999997,8.6045,5.063,634.3655
1717.408,0.5885,0.027649999999999997,8.6045,-24.6315,634.3655
1717.408,0.5885,0.027649999999999997,8.6045,-24.6315,634.3655
1717.408,0.5885,0.027649999999999997,-20.1165,-84.0205,634.3655
1717.408,0.3635,0.263,-106.2795,-113.715,634.3655
1717.408,-0.31,0.6160000000000001,-221.1635,-84.0205,634.3655
1717.408,-1.2085,0.7335,-77.5585,-113.715,634.3655
1717.408,-0.984,0.498,37.3255,64.45150000000001,634.3655
1717.408,-0.984,0.498,37.3255,-24.6315,634.3655
1717.408,-0.7595000000000001,0.498,-20.1165,5.063,634.3655
1717.408,-0.7595000000000001,0.498,-48.8375,64.45150000000001,634.3655
1717.408,-0.984,0.6160000000000001,-20.1165,64.45150000000001,634.3655
1717.408,-0.984,0.3805,8.6045,5.063,634.3655
1717.408,-0.7595000000000001,0.263,-20.1165,64.45150000000001,634.3655
1717.408,-0.984,0.263,-20.1165,-54.326,-749.4069999999999
1717.408,-0.984,0.027649999999999997,-135.0005,-84.0205,-749.4069999999999
1717.408,-0.08560000000000001,-0.0901,,,-749.4069999999999
1717.408,0.3635,0.14525,-48.8375,-84.0205,634.3655
1717.408,0.5885,0.14525,8.6045,-24.6315,634.3655
1717.408,0.5885,0.027649999999999997,8.6045,-24.6315,634.3655
1717.408,0.813,-0.0901,-20.1165,-54.326,634.3655
1717.408,0.813,-0.0901,-20.1165,-24.6315,634.3655
1717.408,0.813,-0.0901,-20.1165,-24.6315,634.3655
1717.408,0.5885,-0.0901,-20.1165,-54.326,634.3655
1717.408,0.3635,-0.20750000000000002,94.7675,64.45150000000001,634.3655
1717.408,0.1389,-0.20750000000000002,,94.146,634.3655
1717.408,-0.7595000000000001,-0.20750000000000002,-77.5585,,634.3655
1717.408,-1.4335,0.498,8.6045,64.45150000000001,634.3655
1717.408,-0.984,0.263,94.7675,-84.0205,-749.4069999999999
1717.408,-0.7595000000000001,0.027649999999999997,8.6045,34.757,634.3655
1717.408,-0.7595000000000001,0.263,-48.8375,64.45150000000001,634.3655
1717.408,-0.984,0.498,8.6045,5.063,634.3655
1717.408,-0.984,0.498,37.3255,5.063,634.3655
1717.408,-0.984,0.3805,8.6045,34.757,634.3655
1717.408,-0.7595000000000001,0.498,-20.1165,5.063,634.3655
1717.408,-0.7595000000000001,0.498,-48.8375,34.757,634.3655
1717.408,-0.7595000000000001,0.498,-20.1165,34.757,634.3655
1717.408,-0.984,0.498,8.6045,34.757,634.3655
1717.408,-0.984,0.3805,8.6045,34.757,634.3655
1717.408,-0.7595000000000001,0.263,-20.1165,34.757,634.3655
1717.408,-0.984,0.263,-20.1165,34.757,634.3655
1717.408,-0.984,0.3805,-20.1165,5.063,634.3655
1717.408,-0.984,0.3805,8.6045,-24.6315,634.3655
1717.408,-0.984,0.3805,8.6045,-24.6315,634.3655
1717.408,-0.984,0.498,37.3255,5.063,634.3655
1717.408,-0.7595000000000001,0.3805,37.3255,-54.326,634.3655
1717.408,-0.7595000000000001,0.498,-20.1165,34.757,634.3655
1717.408,-0.984,0.6160000000000001,-20.1165,5.063,634.3655
1717.408,-0.7595000000000001,0.498,8.6045,5.063,634.3655
1717.408,-0.984,0.498,37.3255,-24.6315,634.3655
1717.408,-0.7595000000000001,0.3805,8.6045,-24.6315,634.3655
1717.408,-0.984,0.3805,-20.1165,-24.6315,634.3655
1717.408,-0.984,0.3805,8.6045,-24.6315,634.3655
1717.408,-0.984,0.3805,8.6045,-24.6315,634.3655
1717.408,-0.984,0.3805,8.6045,5.063,634.3655
1717.408,-0.984,0.498,8.6045,34.757,634.3655
1717.408,-0.984,0.3805,37.3255,-24.6315,634.3655
1717.408,-0.7595000000000001,0.498,-20.1165,34.757,634.3655
1717.408,-0.7595000000000001,0.498,-20.1165,34.757,634.3655
1717.408,-0.7595000000000001,0.498,-20.1165,34.757,634.3655
1717.408,-0.984,0.498,8.6045,34.757,634.3655
1717.408,-0.984,0.3805,8.6045,5.063,634.3655
1717.408,-0.7595000000000001,0.3805,-20.1165,34.757,634.3655
1717.408,-0.984,0.3805,-20.1165,34.757,634.3655
1717.408,-0.984,0.3805,8.6045,5.063,634.3655
1717.408,-0.984,0.3805,8.6045,5.063,634.3655
1717.408,-0.984,-0.0901,8.6045,5.063,634.3655
1717.408,-0.984,-0.0901,8.6045,5.063,634.3655
1717.408,-0.984,-0.0901,8.6045,5.063,634.3655
1717.408,-0.984,-0.0901,8.6045,5.063,634.3655
1717.408,-0.984,-0.0901,8.6045,5.063,634.3655
1717.408,-0.984,-0.0901,8.6045,5.063,634.3655
1717.408,-0.984,-0.0901,8.6045,5.063,634.3655
1717.408,-0.984,-0.0901,8.6045,5.063,634.3655
1717.408,-0.984,-0.0901,8.6045,5.063,634.3655
1717.408,-1.2085,-0.0901,8.6045,5.063,634.3655
1717.408,-1.4335,-0.0901,37.3255,-24.6315,634.3655
1717.408,-0.984,0.14525,8.6045,5.063,634.3655
1717.408,-0.5345,0.14525,8.6045,5.063,634.3655
1717.408,-0.7595000000000001,0.14525,-20.1165,5.063,634.3655
1717.408,-0.984,0.027649999999999997,-20.1165,5.063,634.3655
1717.408,-1.2085,0.027649999999999997,-20.1165,5.063,634.3655
1717.408,-1.2085,-0.0901,8.6045,5.063,634.3655
1717.408,-0.984,-0.0901,8.6045,5.063,634.3655
1717.408,-1.4335,-0.0901,37.3255,-24.6315,634.3655
1717.408,-1.2085,0.027649999999999997,37.3255,-24.6315,634.3655
1717.408,-0.5345,0.14525,8.6045,5.063,634.3655
1717.408,-0.5345,0.14525,-20.1165,5.063,634.3655
1717.408,-0.984,0.14525,-20.1165,5.063,634.3655
1717.408,-1.2085,0.027649999999999997,-20.1165,5.063,634.3655
1717.408,-1.2085,-0.0901,-20.1165,5.063,634.3655
1717.408,-0.984,-0.0901,8.6045,5.063,634.3655
1717.408,-1.2085,-0.0901,8.6045,5.063,634.3655
1717.408,-1.4335,-0.0901,37.3255,5.063,634.3655
1717.408,-0.984,0.14525,8.6045,5.063,634.3655
1717.408,-0.5345,0.14525,8.6045,5.063,634.3655
1717.408,-0.7595000000000001,0.14525,-20.1165,5.063,634.3655
1717.408,-1.2085,0.027649999999999997,-20.1165,5.063,634.3655
1717.408,-1.2085,-0.0901,-20.1165,5.063,634.3655
1717.408,-1.2085,-0.0901,8.6045,5.063,634.3655
1717.408,-0.984,-0.0901,8.6045,5.063,634.3655
1717.408,-1.2085,-0.0901,8.6045,-24.6315,634.3655
1717.408,-1.4335,0.027649999999999997,37.3255,5.063,634.3655
1717.408,-0.984,0.14525,8.6045,5.063,634.3655
1717.408,-0.5345,0.14525,-20.1165,5.063,634.3655
1717.408,-0.984,0.027649999999999997,8.6045,5.063,634.3655
1717.408,-1.2085,0.027649999999999997,-20.1165,5.063,634.3655
1717.408,-1.2085,-0.0901,-20.1165,5.063,634.3655
1717.408,-1.2085,-0.0901,8.6045,5.063,634.3655
1717.408,-0.984,-0.0901,8.6045,5.063,634.3655
1717.408,-1.2085,-0.0901,8.6045,5.063,634.3655
1717.408,-1.4335,-0.0901,37.3255,5.063,634.3655
1717.408,-0.984,0.14525,8.6045,5.063,634.3655
1717.408,-0.31,0.14525,8.6045,5.063,634.3655
1717.408,-0.984,0.14525,-20.1165,5.063,634.3655
1717.408,-1.2085,0.027649999999999997,-20.1165,5.063,634.3655
1717.408,-1.2085,-0.0901,-20.1165,5.063,634.3655
1717.408,-0.984,-0.0901,8.6045,5.063,634.3655
1717.408,-0.984,-0.0901,8.6045,5.063,634.3655
1717.408,-1.2085,-0.0901,8.6045,5.063,634.3655
1717.408,-1.4335,-0.0901,8.6045,5.063,634.3655
1717.408,-1.2085,0.027649999999999997,37.3255,5.063,634.3655
1717.408,-0.5345,0.14525,8.6045,5.063,634.3655
1717.408,-0.5345,0.14525,-20.1165,5.063,634.3655
1717.408,-1.2085,0.027649999999999997,-20.1165,5.063,634.3655
1717.408,-1.2085,0.027649999999999997,-20.1165,5.063,634.3655
1717.408,-1.2085,-0.20750000000000002,8.6045,5.063,634.3655
1717.408,-0.984,-0.0901,8.6045,-24.6315,634.3655
1717.408,-0.984,-0.0901,8.6045,5.063,634.3655
1717.408,-0.984,-0.0901,8.6045,5.063,634.3655
1717.408,-1.2085,-0.0901,37.3255,-24.6315,634.3655
1717.408,-1.2085,0.027649999999999997,8.6045,5.063,634.3655
1717.408,-0.7595000000000001,0.14525,8.6045,5.063,634.3655
1717.408,-0.5345,0.14525,8.6045,5.063,634.3655
1717.408,-0.984,0.027649999999999997,-20.1165,5.063,634.3655
1717.408,-1.2085,0.027649999999999997,-20.1165,5.063,634.3655
1717.408,-1.2085,-0.0901,-20.1165,5.063,634.3655
1717.408,-0.984,-0.0901,8.6045,5.063,634.3655
1717.408,-0.984,-0.0901,8.6045,5.063,634.3655
1717.408,-0.984,-0.0901,8.6045,5.063,634.3655
1717.408,-1.2085,-0.0901,8.6045,5.063,634.3655
1717.408,-1.4335,-0.0901,37.3255,5.063,634.3655
1717.408,-0.984,0.14525,8.6045,5.063,634.3655
1717.408,-0.31,0.14525,8.6045,5.063,634.3655
1717.408,-0.984,0.14525,-20.1165,5.063,634.3655
1717.408,-1.2085,0.027649999999999997,-20.1165,5.063,634.3655
1717.408,-1.2085,-0.0901,8.6045,5.063,634.3655
1717.408,-0.984,-0.0901,8.6045,5.063,634.3655
1717.408,-0.984,-0.0901,8.6045,5.063,634.3655
1717.408,-0.984,-0.0901,8.6045,5.063,634.3655
1717.408,-1.2085,-0.0901,8.6045,5.063,634.3655
1717.408,-1.4335,-0.0901,37.3255,-24.6315,634.3655
1717.408,-0.984,0.14525,8.6045,5.063,634.3655
1717.408,-0.5345,0.14525,8.6045,5.063,634.3655
1717.408,-0.7595000000000001,0.14525,-20.1165,5.063,634.3655
1717.408,-1.2085,0.027649999999999997,-20.1165,5.063,634.3655
1717.408,-1.2085,-0.0901,-20.1165,5.063,634.3655
1717.408,-1.2085,-0.0901,8.6045,5.063,634.3655
1717.408,-0.984,-0.0901,8.6045,5.063,634.3655
1717.408,-0.984,-0.0901,8.6045,5.063,634.3655
1717.408,-0.984,-0.0901,8.6045,5.063,634.3655
1717.408,-1.2085,-0.0901,8.6045,-24.6315,634.3655
1717.408,-1.2085,0.027649999999999997,37.3255,5.063,634.3655
1717.408,-0.7595000000000001,0.14525,37.3255,5.063,634.3655
1717.408,-0.5345,0.14525,-20.1165,5.063,634.3655
1717.408,-0.984,0.027649999999999997,-48.8375,5.063,634.3655
1717.408,-1.2085,0.027649999999999997,-20.1165,5.063,634.3655
1717.408,-1.2085,-0.20750000000000002,8.6045,5.063,634.3655
1717.408,-0.984,-0.0901,8.6045,5.063,634.3655
1717.408,-0.984,-0.0901,8.6045,5.063,634.3655
1717.408,-0.984,-0.0901,8.6045,-24.6315,634.3655
1717.408,-0.984,-0.0901,8.6045,5.063,634.3655
1717.408,-0.984,-0.0901,8.6045,5.063,634.3655
1717.408,-0.984,-0.0901,8.6045,5.063,634.3655
1717.408,-0.984,-0.0901,8.6045,5.063,634.3655
1717.408,-0.984,-0.0901,8.6045,5.063,634.3655
1717.408,-0.984,-0.0901,8.6045,5.063,634.3655
1717.408,-0.984,-0.0901,8.6045,5.063,634.3655
,-1.2085,-0.0901,8.6045,5.063,634.3655
1717.408,-1.4335,-0.0901,37.3255,-24.6315,634.3655
1717.408,-0.984,0.14525,8.6045,5.063,634.3655
1717.408,-0.31,0.14525,-20.1165,5.063,634.3655
1717.408,-0.7595000000000001,0.14525,-20.1165,5.063,634.3655
1717.408,-1.2085,0.027649999999999997,-20.1165,5.063,634.3655
1717.408,-1.2085,-0.0901,-20.1165,5.063,634.3655
1717.408,-0.984,-0.0901,8.6045,5.063,634.3655
1717.408,-1.2085,-0.0901,8.6045,-24.6315,634.3655
1717.408,-1.4335,-0.0901,37.3255,5.063,634.3655
1717.408,-0.984,0.14525,37.3255,-24.6315,634.3655
1717.408,-0.31,0.263,8.6045,5.063,634.3655
,-0.984,0.14525,-20.1165,5.063,634.3655
1717.408,-1.2085,-0.0901,-20.1165,5.063,634.3655
1717.408,-1.2085,-0.0901,8.6045,5.063,634.3655
1717.408,-0.984,-0.0901,8.6045,-24.6315,634.3655
1717.408,-0.984,-0.0901,8.6045,5.063,634.3655
1717.408,-1.4335,-0.20750000000000002,37.3255,5.063,634.3655
1717.408,-1.2085,0.027649999999999997,37.3255,-24.6315,634.3655
1717.408,-0.5345,0.14525,8.6045,-24.6315,634.3655
1717.408,-0.5345,0.14525,-20.1165,5.063,634.3655
1717.408,-1.2085,0.027649999999999997,-48.8375,5.063,634.3655
1717.408,-1.2085,-0.0901,-20.1165,5.063,634.3655
1717.408,-1.2085,-0.0901,8.6045,5.063,634.3655
1717.408,-0.984,-0.0901,8.6045,5.063,634.3655
1717.408,-1.2085,-0.0901,8.6045,5.063,634.3655
1717.408,-1.4335,-0.0901,37.3255,-24.6315,634.3655
1717.408,-0.984,0.14525,8.6045,-24.6315,634.3655
1717.408,-0.31,0.14525,8.6045,5.063,634.3655
1717.408,-0.984,0.14525,-20.1165,5.063,634.3655
1717.408,-1.2085,0.027649999999999997,-20.1165,5.063,634.3655
1717.408,-1.2085,-0.0901,-20.1165,5.063,634.3655
1717.408,-0.984,-0.0901,8.6045,5.063,634.3655
1717.408,-0.984,-0.0901,8.6045,5.063,634.3655
1717.408,-1.2085,-0.0901,8.6045,-24.6315,634.3655
1717.408,-1.4335,0.027649999999999997,37.3255,-24.6315,634.3655
1717.408,-0.7595000000000001,0.14525,8.6045,5.063,634.3655
1717.408,-0.31,0.263,-20.1165,5.063,634.3655
1717.408,-0.984,0.14525,-48.8375,5.063,634.3655
1717.408,-1.2085,-0.0901,-20.1165,5.063,634.3655
1717.408,-1.2085,-0.0901,8.6045,5.063,634.3655
1717.408,-0.984,-0.0901,8.6045,5.063,634.3655
1717.408,-0.984,-0.0901,8.6045,5.063,634.3655
1717.408,-1.2085,-0.0901,37.3255,-24.6315,634.3655
1717.408,-1.4335,0.027649999999999997,37.3255,5.063,634.3655
1717.408,-0.7595000000000001,0.14525,8.6045,5.063,634.3655
1717.408,-0.31,0.263,-20.1165,5.063,634.3655
1717.408,-0.984,0.14525,-20.1165,5.063,634.3655
1717.408,-1.2085,0.027649999999999997,-20.1165,5.063,634.3655
1717.408,-1.2085,-0.0901,8.6045,5.063,634.3655
1717.408,-0.984,-0.0901,8.6045,5.063,634.3655
1717.408,-0.984,-0.0901,8.6045,-24.6315,634.3655
1717.408,-1.2085,-0.0901,37.3255,-24.6315,634.3655
1717.408,-1.2085,0.027649999999999997,37.3255,5.063,634.3655
1717.408,-0.7595000000000001,0.14525,8.6045,-24.6315,634.3655
1717.408,-0.31,0.263,-20.1165,5.063,634.3655
1717.408,-0.984,0.14525,-20.1165,5.063,634.3655
1717.408,-1.2085,0.027649999999999997,-20.1165,5.063,634.3655
1717.408,-1.2085,-0.0901,8.6045,5.063,634.3655
1717.408,-0.984,-0.0901,8.6045,5.063,634.3655
1717.408,-0.984,-0.0901,8.6045,-24.6315,634.3655
1717.408,-1.2085,-0.20750000000000002,8.6045,-24.6315,634.3655
1717.408,-1.2085,0.027649999999999997,37.3255,5.063,634.3655
1717.408,-0.7595000000000001,0.14525,8.6045,-24.6315,634.3655
1717.408,-0.5345,0.14525,-20.1165,5.063,634.3655
1717.408,-0.984,0.14525,-48.8375,5.063,634.3655
1717.408,-1.2085,-0.0901,-20.1165,5.063,634.3655
1717.408,-0.984,-0.0901,8.6045,5.063,634.3655
1717.408,-0.984,-0.0901,8.6045,5.063,634.3655
1717.408,-0.984,-0.0901,8.6045,5.063,634.3655
1717.408,-1.2085,-0.0901,37.3255,5.063,634.3655
1717.408,-1.2085,0.027649999999999997,37.3255,5.063,634.3655
1717.408,-0.7595000000000001,0.14525,8.6045,-24.6315,634.3655
1717.408,-0.31,0.263,-20.1165,5.063,634.3655
1717.408,-0.984,0.14525,-48.8375,5.063,634.3655
1717.408,-1.2085,0.027649999999999997,-20.1165,5.063,634.3655
1717.408,-1.2085,-0.0901,8.6045,-24.6315,634.3655
1717.408,-0.984,0.027649999999999997,8.6045,5.063,634.3655
1717.408,-0.984,-0.0901,8.6045,5.063,634.3655
1717.408,-1.2085,-0.0901,37.3255,5.063,634.3655
1717.408,-1.2085,0.027649999999999997,37.3255,5.063,634.3655
1717.408,-0.7595000000000001,0.14525,8.6045,-24.6315,634.3655
1717.408,-0.5345,0.14525,-20.1165,5.063,634.3655
1717.408,-0.984,0.14525,-48.8375,5.063,634.3655
1717.408,-1.2085,-0.0901,-20.1165,5.063,634.3655
1717.408,-1.2085,-0.0901,8.6045,5.063,634.3655
1717.408,-0.984,-0.0901,8.6045,5.063,634.3655
1717.408,-0.984,-0.0901,8.6045,5.063,634.3655
1717.408,-0.984,-0.0901,8.6045,5.063,634.3655
1717.408,-0.984,-0.0901,8.6045,5.063,634.3655
1717.408,-0.984,-0.0901,8.6045,5.063,634.3655
1717.408,-0.984,-0.0901,8.6045,5.063,634.3655
1717.408,-0.984,-0.0901,8.6045,5.063,634.3655
1717.408,-0.984,-0.0901,8.6045,5.063,634.3655
1717.408,-0.984,-0.0901,8.6045,5.063,634.3655
1717.408,-0.984,-0.0901,8.6045,5.063,634.3655
1717.408,-0.984,-0.0901,8.6045,5.063,634.3655
1717.408,-0.984,-0.0901,8.6045,5.063,634.3655
1717.408,-0.984,-0.0901,8.6045,5.063,634.3655
1717.408,-0.984,-0.0901,8.6045,5.063,634.3655
1717.408,-1.2085,-0.0901,37.3255,5.063,634.3655
1717.408,-1.2085,0.027649999999999997,37.3255,-24.6315,634.3655
1717.408,-0.7595000000000001,0.14525,8.6045,5.063,634.3655
1717.408,-0.31,0.14525,-20.1165,5.063,634.3655
1717.408,-0.984,0.14525,-20.1165,5.063,634.3655
1717.408,-1.2085,0.027649999999999997,-20.1165,5.063,634.3655
1717.408,-1.2085,-0.0901,8.6045,5.063,634.3655
1717.408,-0.984,0.027649999999999997,8.6045,-24.6315,634.3655
1717.408,-0.984,-0.0901,8.6045,-24.6315,634.3655
1717.408,-1.2085,-0.0901,8.6045,-24.6315,634.3655
1717.408,-1.2085,0.027649999999999997,37.3255,-24.6315,634.3655
1717.408,-0.7595000000000001,0.14525,8.6045,5.063,634.3655
1717.408,-0.31,0.14525,-20.1165,5.063,634.3655
1717.408,-0.984,0.14525,-20.1165,5.063,634.3655
1717.408,-1.2085,0.027649999999999997,-20.1165,5.063,634.3655
1717.408,-1.2085,-0.0901,8.6045,5.063,634.3655
1717.408,-0.984,-0.0901,8.6045,5.063,634.3655
1717.408,-0.984,0.027649999999999997,8.6045,5.063,634.3655
1717.408,-1.2085,-0.0901,8.6045,5.063,634.3655
1717.408,-1.4335,0.027649999999999997,37.3255,5.063,634.3655
1717.408,-0.984,0.14525,8.6045,5.063,634.3655
1717.408,-0.31,0.14525,-20.1165,5.063,634.3655
1717.408,-0.7595000000000001,0.14525,-20.1165,5.063,634.3655
1717.408,-1.2085,0.027649999999999997,-20.1165,5.063,634.3655
1717.408,-1.2085,-0.0901,8.6045,5.063,634.3655
1717.408,-0.984,-0.0901,8.6045,5.063,634.3655
1717.408,-0.984,-0.0901,8.6045,5.063,634.3655
1717.408,-1.2085,-0.0901,8.6045,5.063,634.3655
1717.408,-1.4335,-0.0901,37.3255,5.063,634.3655
1717.408,-0.984,0.14525,37.3255,-24.6315,634.3655
1717.408,-0.5345,0.263,8.6045,5.063,634.3655
1717.408,-0.7595000000000001,0.14525,-20.1165,5.063,634.3655
1717.408,-1.2085,0.027649999999999997,-20.1165,5.063,634.3655
1717.408,-1.2085,-0.0901,-20.1165,5.063,634.3655
1717.408,-1.2085,-0.0901,8.6045,5.063,634.3655
1717.408,-0.984,-0.0901,8.6045,5.063,634.3655
1717.408,-1.2085,-0.0901,8.6045,5.063,634.3655
1717.408,-1.4335,-0.0901,37.3255,-24.6315,634.3655
1717.408,-1.2085,0.14525,37.3255,5.063,634.3655
1717.408,-0.5345,0.14525,8.6045,5.063,634.3655
1717.408,-0.5345,0.14525,-20.1165,5.063,634.3655
1717.408,-1.2085,0.14525,-20.1165,5.063,634.3655
1717.408,-1.2085,0.027649999999999997,-20.1165,5.063,634.3655
1717.408,-1.2085,-0.0901,8.6045,5.063,634.3655
1717.408,-0.984,-0.0901,8.6045,5.063,634.3655
1717.408,-0.984,-0.0901,8.6045,5.063,634.3655
1717.408,-0.984,-0.0901,8.6045,5.063,634.3655
1717.408,-1.4335,-0.0901,37.3255,5.063,634.3655
1717.408,-1.2085,0.14525,37.3255,-24.6315,634.3655
1717.408,-0.5345,0.14525,8.6045,5.063,634.3655
1717.408,-0.7595000000000001,0.14525,-20.1165,5.063,634.3655
1717.408,-1.2085,0.027649999999999997,-20.1165,5.063,634.3655
1717.408,-1.2085,0.027649999999999997,-20.1165,5.063,634.3655
1717.408,-1.2085,-0.0901,8.6045,5.063,634.3655
1717.408,-0.984,-0.0901,8.6045,5.063,634.3655
1717.408,-0.984,0.027649999999999997,8.6045,5.063,634.3655
1717.408,-1.2085,-0.0901,8.6045,5.063,634.3655
1717.408,-1.2085,0.027649999999999997,8.6045,-24.6315,634.3655
1717.408,-1.2085,0.027649999999999997,37.3255,-24.6315,634.3655
1717.408,-0.7595000000000001,0.14525,8.6045,5.063,634.3655
1717.408,-0.5345,0.263,-20.1165,5.063,634.3655
1717.408,-0.984,0.14525,-48.8375,5.063,634.3655
1717.408,-1.2085,-0.0901,-20.1165,5.063,634.3655
1717.408,-1.2085,-0.0901,8.6045,5.063,634.3655
1717.408,-0.984,-0.0901,8.6045,5.063,634.3655
1717.408,-0.984,-0.0901,8.6045,5.063,634.3655
1717.408,-1.2085,-0.0901,8.6045,5.063,634.3655
1717.408,-1.2085,0.027649999999999997,37.3255,-24.6315,634.3655
1717.408,-0.984,0.14525,37.3255,5.063,634.3655
1717.408,-0.5345,0.263,8.6045,5.063,634.3655
1717.408,-0.7595000000000001,0.14525,-20.1165,5.063,634.3655
1717.408,-1.2085,0.14525,-48.8375,5.063,634.3655
1717.408,-1.2085,-0.0901,-20.1165,5.063,634.3655
1717.408,-0.984,-0.0901,8.6045,5.063,634.3655
1717.408,-0.984,0.027649999999999997,8.6045,-24.6315,634.3655
1717.408,-0.984,-0.0901,8.6045,-24.6315,634.3655
1717.408,-1.2085,-0.0901,8.6045,5.063,634.3655
1717.408,-1.2085,-0.0901,37.3255,5.063,634.3655
1717.408,-1.2085,0.14525,37.3255,5.063,634.3655
1717.408,-0.5345,0.14525,8.6045,5.063,634.3655
1717.408,-0.5345,0.263,-20.1165,5.063,634.3655
1717.408,-1.2085,0.14525,-48.8375,5.063,634.3655
1717.408,-1.2085,-0.0901,-20.1165,5.063,634.3655
1717.408,-1.2085,-0.0901,8.6045,5.063,634.3655
1717.408,-0.984,-0.0901,8.6045,5.063,634.3655
1717.408,-0.984,-0.0901,8.6045,5.063,634.3655
1717.408,-1.2085,-0.0901,8.6045,5.063,634.3655
1717.408,-1.4335,0.027649999999999997,37.3255,5.063,634.3655
1717.408,-0.984,0.14525,37.3255,5.063,634.3655
1717.408,-0.31,0.263,8.6045,5.063,634.3655
1717.408,-0.7595000000000001,0.263,-20.1165,5.063,634.3655
1717.408,-1.2085,0.14525,-48.8375,5.063,634.3655
1717.408,-1.2085,-0.0901,-20.1165,5.063,634.3655
1717.408,-0.984,-0.0901,8.6045,5.063,634.3655
1717.408,-0.984,-0.0901,8.6045,5.063,634.3655
1717.408,-0.984,0.027649999999999997,8.6045,5.063,634.3655
1717.408,-0.984,-0.0901,8.6045,5.063,634.3655
1717.408,-0.08560000000000001,-0.20750000000000002,8.6045,5.063,634.3655
1717.408,-0.08560000000000001,-0.20750000000000002,8.6045,5.063,634.3655
1717.408,-0.08560000000000001,-0.20750000000000002,8.6045,5.063,634.3655
1717.408,-0.08560000000000001,-0.20750000000000002,8.6045,5.063,634.3655
1717.408,-0.08560000000000001,-0.20750000000000002,8.6045,5.063,634.3655
1717.408,-0.08560000000000001,-0.0901,8.6045,5.063,634.3655
1717.408,-0.08560000000000001,-0.0901,37.3255,64.45150000000001,634.3655
1717.408,-0.08560000000000001,0.027649999999999997,8.6045,34.757,634.3655
1717.408,-0.08560000000000001,0.14525,-20.1165,5.063,634.3655
1717.408,-0.08560000000000001,0.14525,8.6045,5.063,634.3655
1717.408,-0.08560000000000001,0.14525,8.6045,5.063,634.3655
1717.408,-0.08560000000000001,0.14525,8.6045,5.063,634.3655
1717.408,-0.08560000000000001,0.263,8.6045,5.063,634.3655
1717.408,-0.08560000000000001,0.14525,8.6045,5.063,634.3655
1717.408,-0.31,0.263,-20.1165,5.063,634.3655
1717.408,-0.08560000000000001,0.3805,8.6045,5.063,634.3655
1717.408,-0.08560000000000001,0.3805,8.6045,-24.6315,634.3655
1717.408,-0.08560000000000001,0.3805,-20.1165,94.146,634.3655
1717.408,-0.31,0.6160000000000001,8.6045,34.757,634.3655
1717.408,-0.31,0.6160000000000001,8.6045,-24.6315,634.3655
1717.408,-0.31,0.6160000000000001,-20.1165,5.063,634.3655
1717.408,-0.5345,0.6160000000000001,8.6045,5.063,634.3655
1717.408,-0.5345,0.6160000000000001,8.6045,5.063,634.3655
1717.408,-0.31,0.6160000000000001,8.6045,-24.6315,634.3655
1717.408,-0.31,0.6160000000000001,-20.1165,5.063,634.3655
1717.408,-0.31,0.6160000000000001,8.6045,5.063,634.3655
1717.408,-0.31,0.6160000000000001,8.6045,5.063,634.3655
1717.408,-0.31,0.6160000000000001,8.6045,5.063,634.3655
1717.408,-0.31,0.6160000000000001,8.6045,5.063,634.3655
1717.408,-0.31,0.6160000000000001,8.6045,5.063,634.3655
1717.408,-0.31,0.6160000000000001,8.6045,5.063,634.3655
1717.408,-0.31,0.6160000000000001,8.6045,5.063,634.3655
1717.408,-0.31,0.6160000000000001,8.6045,5.063,634.3655
1717.408,-0.31,0.6160000000000001,8.6045,5.063,634.3655
1717.408,-0.31,0.6160000000000001,8.6045,5.063,634.3655
1717.408,-0.31,0.6160000000000001,8.6045,5.063,634.3655
1717.408,-0.31,0.6160000000000001,8.6045,5.063,634.3655
1717.408,-0.31,0.6160000000000001,8.6045,5.063,634.3655
1717.408,-0.31,0.6160000000000001,8.6045,5.063,634.3655
1717.408,-0.31,0.6160000000000001,8.6045,5.063,634.3655
1717.408,-0.31,0.6160000000000001,8.6045,5.063,634.3655
1717.408,-0.31,0.6160000000000001,8.6045,5.063,634.3655
1717.408,-0.31,0.6160000000000001,8.6045,5.063,634.3655
1717.408,-0.31,0.6160000000000001,8.6045,5.063,634.3655
1717.408,-0.31,0.6160000000000001,8.6045,5.063,634.3655
1717.408,-0.31,0.6160000000000001,8.6045,5.063,634.3655
1717.408,-0.31,0.6160000000000001,8.6045,5.063,634.3655
1717.408,-0.31,0.6160000000000001,8.6045,5.063,634.3655
1717.408,-0.31,0.6160000000000001,8.6045,5.063,634.3655
1717.408,-0.31,0.6160000000000001,8.6045,5.063,634.3655
1717.408,-0.31,0.6160000000000001,8.6045,5.063,634.3655
1717.408,-0.31,0.6160000000000001,8.6045,5.063,634.3655
1717.408,-0.31,0.6160000000000001,8.6045,5.063,634.3655
1717.408,-0.31,0.6160000000000001,8.6045,5.063,634.3655
1717.408,-0.31,0.6160000000000001,8.6045,-24.6315,634.3655
1717.408,-0.31,0.3805,-20.1165,-143.4095,634.3655
1717.408,-0.31,0.027649999999999997,-20.1165,-84.0205,634.3655
1717.408,-0.31,-0.20750000000000002,8.6045,5.063,634.3655
1717.408,-0.31,-0.0901,8.6045,34.757,634.3655
1717.408,-0.31,0.027649999999999997,8.6045,-24.6315,634.3655
1717.408,-0.31,-0.0901,8.6045,-54.326,634.3655
1717.408,-0.31,-0.325,8.6045,-24.6315,634.3655
1717.408,-0.31,-0.325,8.6045,5.063,634.3655
1717.408,-0.31,-0.325,8.6045,5.063,634.3655
1717.408,-0.31,-0.20750000000000002,8.6045,5.063,634.3655
1717.408,-0.08560000000000001,-0.20750000000000002,8.6045,5.063,634.3655
1717.408,-0.08560000000000001,-0.20750000000000002,8.6045,5.063,634.3655
1717.408,-0.08560000000000001,-0.0901,8.6045,5.063,634.3655
1717.408,-0.08560000000000001,-0.20750000000000002,-20.1165,5.063,634.3655
1717.408,-0.08560000000000001,-0.20750000000000002,-20.1165,5.063,634.3655
1717.408,-0.08560000000000001,-0.0901,8.6045,34.757,634.3655
1717.408,-0.08560000000000001,0.14525,66.0465,34.757,634.3655
1717.408,-0.08560000000000001,0.027649999999999997,123.48849999999999,5.063,634.3655
1717.408,-0.31,-0.0901,8.6045,34.757,634.3655
1717.408,-0.5345,0.14525,-48.8375,64.45150000000001,634.3655
1717.408,-0.984,0.3805,-48.8375,183.2295,634.3655
1717.408,-0.984,0.498,8.6045,-24.6315,634.3655
1717.408,-0.984,0.3805,8.6045,5.063,634.3655
1717.408,-0.984,0.263,8.6045,5.063,634.3655
1717.408,-0.984,0.3805,-20.1165,-24.6315,634.3655
1717.408,-0.984,0.3805,-20.1165,5.063,634.3655
1717.408,-0.984,0.3805,8.6045,5.063,634.3655
1717.408,-0.984,0.263,8.6045,5.063,634.3655
1717.408,-0.984,0.3805,8.6045,-24.6315,634.3655
1717.408,-0.984,0.263,8.6045,5.063,634.3655
1717.408,-0.984,0.3805,8.6045,5.063,634.3655
1717.408,-0.984,0.263,8.6045,5.063,634.3655
1717.408,-0.984,0.3805,8.6045,5.063,634.3655
1717.408,-0.984,0.263,8.6045,5.063,634.3655
1717.408,-0.984,0.263,8.6045,5.063,634.3655
1717.408,-0.984,0.3805,8.6045,5.063,634.3655
1717.408,-0.984,0.3805,8.6045,5.063,634.3655
1717.408,-0.984,0.3805,8.6045,5.063,634.3655
1717.408,-0.984,0.498,37.3255,-54.326,634.3655
1717.408,-0.7595000000000001,0.498,66.0465,-84.0205,-749.4069999999999
1717.408,-0.5345,0.263,8.6045,34.757,-749.4069999999999
1717.408,-0.31,0.3805,-48.8375,-24.6315,-749.4069999999999
1717.408,-0.31,0.3805,-48.8375,-84.0205,634.3655
1717.408,-0.31,0.14525,-20.1165,-84.0205,634.3655
1717.408,-0.08560000000000001,-0.0901,-20.1165,-24.6315,634.3655
1717.408,-0.31,-0.325,-20.1165,34.757,634.3655
1717.408,-0.31,-0.20750000000000002,8.6045,5.063,634.3655
1717.408,-0.31,-0.20750000000000002,8.6045,5.063,634.3655
1717.408,-0.31,-0.0901,8.6045,5.063,634.3655
1717.408,-0.31,-0.0901,8.6045,5.063,634.3655
1717.408,-0.31,-0.0901,8.6045,5.063,634.3655
1717.408,-0.31,-0.0901,8.6045,5.063,634.3655
1717.408,-0.31,0.027649999999999997,8.6045,5.063,634.3655
1717.408,-0.31,0.027649999999999997,8.6045,5.063,634.3655
1717.408,-0.31,-0.0901,8.6045,5.063,634.3655
1717.408,-0.31,-0.0901,8.6045,5.063,634.3655
1717.408,-0.31,0.027649999999999997,8.6045,5.063,634.3655
1717.408,-0.31,0.027649999999999997,8.6045,5.063,634.3655
1717.408,-0.31,0.027649999999999997,8.6045,5.063,634.3655
1717.408,-0.31,0.027649999999999997,8.6045,5.063,634.3655
1717.408,-0.31,0.027649999999999997,8.6045,5.063,634.3655
1717.408,-0.31,0.027649999999999997,8.6045,5.063,634.3655
1717.408,-0.31,0.027649999999999997,8.6045,5.063,634.3655
1717.408,0.1389,0.027649999999999997,-48.8375,5.063,-749.4069999999999
1717.408,0.3635,0.14525,-106.2795,-24.6315,-749.4069999999999
1717.408,0.5885,0.3805,-20.1165,34.757,-749.4069999999999
1717.408,0.813,0.3805,8.6045,-24.6315,634.3655
1717.408,0.813,0.263,8.6045,-84.0205,634.3655
1717.408,0.813,0.263,8.6045,-84.0205,634.3655
1717.408,0.813,0.14525,8.6045,64.45150000000001,634.3655
1717.408,0.813,0.263,8.6045,123.84049999999999,634.3655
1717.408,0.813,0.3805,8.6045,5.063,634.3655
1717.408,0.813,0.3805,8.6045,34.757,634.3655
1717.408,0.813,0.3805,8.6045,-24.6315,634.3655
1717.408,0.813,0.3805,8.6045,-54.326,634.3655
1717.408,0.5885,0.3805,37.3255,64.45150000000001,634.3655
1717.408,0.3635,0.263,37.3255,34.757,634.3655
1717.408,-0.08560000000000001,0.3805,8.6045,-84.0205,634.3655
1717.408,-0.31,-0.0901,-20.1165,-24.6315,634.3655
1717.408,-0.31,0.027649999999999997,-20.1165,34.757,634.3655
1717.408,-0.31,0.027649999999999997,-20.1165,-24.6315,634.3655
1717.408,-0.31,0.027649999999999997,8.6045,-24.6315,634.3655
1717.408,-0.31,-0.20750000000000002,8.6045,5.063,634.3655
1717.408,-0.31,-0.0901,8.6045,5.063,634.3655
1717.408,-0.31,-0.0901,8.6045,5.063,634.3655
1717.408,-0.31,-0.0901,8.6045,5.063,634.3655
1717.408,-0.31,0.027649999999999997,8.6045,5.063,634.3655
1717.408,-0.31,0.027649999999999997,8.6045,5.063,634.3655
1717.408,-0.31,0.027649999999999997,8.6045,5.063,634.3655
1717.408,-0.31,0.027649999999999997,8.6045,5.063,634.3655
1717.408,-0.31,0.027649999999999997,8.6045,5.063,634.3655
1717.408,-0.31,0.027649999999999997,8.6045,5.063,634.3655
1717.408,-0.31,0.027649999999999997,8.6045,5.063,634.3655
1717.408,-0.31,0.027649999999999997,8.6045,5.063,634.3655
1717.408,-0.31,0.027649999999999997,8.6045,5.063,634.3655
1717.408,-0.31,0.027649999999999997,8.6045,5.063,634.3655
1717.408,-0.31,0.027649999999999997,8.6045,5.063,634.3655
1717.408,-0.31,0.027649999999999997,8.6045,5.063,634.3655
1717.408,-0.31,0.027649999999999997,8.6045,5.063,634.3655
1717.408,-0.31,0.027649999999999997,8.6045,5.063,634.3655
1717.408,-0.31,0.027649999999999997,8.6045,5.063,634.3655
1717.408,-0.31,0.027649999999999997,8.6045,5.063,634.3655
1717.408,-0.31,0.027649999999999997,8.6045,5.063,634.3655
1717.408,-0.31,0.027649999999999997,8.6045,5.063,634.3655
1717.408,-0.31,0.027649999999999997,8.6045,5.063,634.3655
1717.408,-0.31,0.027649999999999997,8.6045,5.063,634.3655
1717.408,-0.31,0.027649999999999997,8.6045,5.063,634.3655
1717.408,-0.31,0.027649999999999997,8.6045,5.063,634.3655
1717.408,-0.31,0.027649999999999997,8.6045,5.063,634.3655
1717.408,-0.31,0.027649999999999997,8.6045,5.063,634.3655
1717.408,-0.31,0.14525,37.3255,5.063,634.3655
1717.408,-0.31,0.14525,66.0465,5.063,634.3655
1717.408,-0.31,0.14525,66.0465,64.45150000000001,634.3655
1717.408,-0.31,0.14525,-48.8375,34.757,634.3655
1717.408,-0.7595000000000001,0.3805,-20.1165,5.063,634.3655
1717.408,0.1389,0.14525,8.6045,5.063,634.3655
1717.408,0.1389,0.263,8.6045,5.063,634.3655
1717.408,0.1389,0.263,8.6045,5.063,634.3655
1717.408,-0.31,0.263,-20.1165,64.45150000000001,634.3655
1717.408,-0.984,0.498,-48.8375,94.146,634.3655
1717.408,-0.984,0.498,8.6045,-54.326,634.3655
1717.408,-0.7595000000000001,0.498,37.3255,-24.6315,634.3655
1717.408,-0.7595000000000001,0.498,-20.1165,34.757,634.3655
1717.408,-0.984,0.498,-20.1165,34.757,634.3655
1717.408,-0.7595000000000001,0.3805,-20.1165,34.757,634.3655
1717.408,-0.984,0.498,-20.1165,34.757,634.3655
1717.408,-0.984,0.3805,8.6045,34.757,634.3655
1717.408,-0.984,0.263,8.6045,34.757,634.3655
1717.408,-0.984,0.263,8.6045,-24.6315,634.3655
1717.408,-0.984,0.263,-20.1165,-24.6315,634.3655
1717.408,-0.984,0.3805,-20.1165,-54.326,634.3655
1717.408,-0.984,0.3805,8.6045,-113.715,634.3655
1717.408,-0.984,0.3805,66.0465,-54.326,634.3655
1717.408,-0.7595000000000001,0.498,66.0465,-54.326,634.3655
1717.408,-0.7595000000000001,0.498,-20.1165,-24.6315,634.3655
1717.408,-0.984,0.498,-48.8375,5.063,634.3655
1717.408,-0.984,0.498,-20.1165,5.063,634.3655
1717.408,-0.984,0.498,37.3255,5.063,634.3655
1717.408,-0.984,0.263,37.3255,5.063,634.3655
1717.408,-0.7595000000000001,0.263,8.6045,-24.6315,634.3655
1717.408,-0.984,0.3805,-48.8375,-24.6315,634.3655
1717.408,-0.984,0.498,8.6045,-84.0205,634.3655
1717.408,-0.984,0.3805,66.0465,-84.0205,634.3655
1717.408,-0.7595000000000001,0.498,8.6045,-54.326,634.3655
1717.408,-0.7595000000000001,0.498,8.6045,-54.326,634.3655
1717.408,-0.984,0.498,-20.1165,-54.326,634.3655
1717.408,-0.984,0.498,8.6045,-54.326,634.3655
1717.408,-0.984,0.3805,8.6045,-24.6315,634.3655
1717.408,-0.984,0.263,37.3255,-54.326,634.3655
1717.408,-0.984,0.263,8.6045,-54.326,634.3655
1717.408,-0.984,0.263,-20.1165,-24.6315,634.3655
1717.408,-0.984,0.3805,8.6045,-54.326,634.3655
1717.408,-0.984,0.3805,37.3255,-54.326,634.3655
1717.408,-0.984,0.3805,66.0465,-24.6315,634.3655
1717.408,-0.984,0.3805,37.3255,-54.326,634.3655
1717.408,-0.7595000000000001,0.3805,-20.1165,-24.6315,634.3655
1717.408,-0.984,0.498,-20.1165,5.063,634.3655
1717.408,-0.984,0.6160000000000001,8.6045,5.063,634.3655
1717.408,-0.984,0.498,37.3255,34.757,634.3655
1717.408,-0.984,0.3805,8.6045,5.063,634.3655
1717.408,-0.7595000000000001,0.263,-48.8375,34.757,634.3655
1717.408,-0.984,0.3805,-48.8375,5.063,634.3655
1717.408,-0.984,0.498,8.6045,5.063,634.3655
1717.408,-0.984,0.498,37.3255,34.757,634.3655
1717.408,-0.7595000000000001,0.3805,8.6045,34.757,634.3655
1717.408,-0.984,0.3805,-20.1165,34.757,-749.4069999999999
1717.408,-0.984,0.498,-48.8375,94.146,634.3655
1717.408,-0.984,0.3805,-20.1165,34.757,634.3655
1717.408,-0.984,0.3805,-20.1165,34.757,634.3655
1717.408,-0.984,0.3805,-20.1165,34.757,634.3655
1717.408,-0.984,0.3805,8.6045,5.063,634.3655
1717.408,-0.984,0.3805,8.6045,-24.6315,634.3655
1717.408,-0.7595000000000001,0.3805,8.6045,5.063,634.3655
1717.408,-0.984,0.498,8.6045,5.063,634.3655
1717.408,-0.7595000000000001,0.498,8.6045,5.063,634.3655
1717.408,-0.984,0.498,8.6045,5.063,634.3655
1717.408,-0.7595000000000001,0.498,-20.1165,5.063,634.3655
1717.408,-0.7595000000000001,0.6160000000000001,-20.1165,34.757,634.3655
1717.408,-0.984,0.498,-20.1165,34.757,634.3655
1717.408,-0.7595000000000001,0.498,8.6045,34.757,634.3655
1717.408,-0.984,0.498,-20.1165,34.757,634.3655
1717.408,-0.984,0.498,-20.1165,34.757,634.3655
1717.408,-0.984,0.3805,-20.1165,34.757,634.3655
1717.408,-0.984,0.3805,-20.1165,34.757,634.3655
1717.408,-0.984,0.3805,8.6045,5.063,634.3655
1717.408,-0.984,0.3805,8.6045,5.063,634.3655
1717.408,-0.984,0.3805,8.6045,5.063,634.3655
1717.408,-0.984,0.498,8.6045,5.063,634.3655
1717.408,-0.984,0.498,8.6045,5.063,634.3655
1717.408,-0.984,0.3805,8.6045,-24.6315,634.3655
1717.408,-0.984,0.498,8.6045,-24.6315,634.3655
1717.408,-0.984,0.498,8.6045,-24.6315,634.3655
1717.408,-0.7595000000000001,0.498,-20.1165,-24.6315,634.3655
1717.408,-0.984,0.498,-20.1165,34.757,634.3655
1717.408,-0.984,0.3805,8.6045,34.757,634.3655
1717.408,-0.984,0.3805,8.6045,64.45150000000001,634.3655
1717.408,-0.984,0.3805,-20.1165,34.757,634.3655
1717.408,-0.984,0.3805,8.6045,34.757,634.3655
1717.408,-0.984,0.3805,8.6045,5.063,634.3655
1717.408,-0.984,0.3805,8.6045,-24.6315,634.3655
1717.408,-0.984,0.3805,8.6045,-54.326,634.3655
1717.408,-0.984,0.3805,8.6045,-84.0205,634.3655
1717.408,-0.7595000000000001,0.498,8.6045,-54.326,634.3655
1717.408,-0.984,0.498,-20.1165,5.063,634.3655
1717.408,-0.984,0.498,-20.1165,64.45150000000001,634.3655
1717.408,-0.984,0.3805,-20.1165,94.146,634.3655
1717.408,-0.984,0.3805,37.3255,34.757,634.3655
1717.408,-0.984,0.263,8.6045,5.063,634.3655
1717.408,-0.7595000000000001,0.3805,-20.1165,34.757,634.3655
1717.408,-0.984,0.6160000000000001,-20.1165,5.063,634.3655
1717.408,-0.7595000000000001,0.498,-20.1165,34.757,634.3655
1717.408,-0.984,0.498,8.6045,34.757,634.3655
1717.408,-0.7595000000000001,0.498,-20.1165,34.757,634.3655
1717.408,-0.7595000000000001,0.498,-20.1165,5.063,634.3655
1717.408,-0.7595000000000001,0.498,-20.1165,5.063,634.3655
1717.408,-0.984,0.498,8.6045,5.063,634.3655
1717.408,-0.984,0.3805,-20.1165,34.757,634.3655
1717.408,-0.984,0.3805,-20.1165,34.757,634.3655
1717.408,-0.984,0.3805,-20.1165,-24.6315,634.3655
1717.408,-0.984,0.3805,8.6045,5.063,634.3655
1717.408,-0.984,0.3805,37.3255,-84.0205,634.3655
1717.408,-0.984,0.3805,8.6045,-24.6315,634.3655
1717.408,-0.984,0.3805,8.6045,-24.6315,634.3655
1717.408,-0.7595000000000001,0.498,8.6045,-54.326,634.3655
1717.408,-0.7595000000000001,0.498,8.6045,-24.6315,634.3655
1717.408,-0.7595000000000001,0.498,8.6045,-84.0205,634.3655
1717.408,-0.984,0.498,-20.1165,5.063,634.3655
1717.408,-0.984,0.3805,37.3255,-54.326,634.3655
1717.408,-0.984,0.263,8.6045,5.063,634.3655
1717.408,-0.984,0.263,-20.1165,5.063,634.3655
1717.408,-0.984,0.3805,8.6045,-84.0205,634.3655
1717.408,-0.984,0.3805,8.6045,-84.0205,634.3655
1717.408,-0.984,0.498,66.0465,-113.715,634.3655
1717.408,-0.7595000000000001,0.3805,37.3255,-54.326,634.3655
1717.408,-0.7595000000000001,0.3805,8.6045,-54.326,634.3655
1717.408,-0.984,0.3805,-48.8375,-24.6315,634.3655
1717.408,-0.984,0.498,-20.1165,34.757,634.3655
1717.408,-0.984,0.498,37.3255,64.45150000000001,634.3655
1717.408,-0.984,0.263,37.3255,5.063,634.3655
1717.408,-0.984,0.263,8.6045,-24.6315,-749.4069999999999
1717.408,-0.7595000000000001,0.851,94.7675,34.757,-749.4069999999999
1717.408,-0.08560000000000001,0.6160000000000001,94.7675,123.84049999999999,-749.4069999999999
1717.408,0.3635,0.3805,37.3255,123.84049999999999,-749.4069999999999
1717.408,0.5885,0.498,37.3255,64.45150000000001,634.3655
1717.408,0.5885,0.263,37.3255,34.757,634.3655
1717.408,0.5885,0.14525,8.6045,5.063,634.3655
1717.408,0.5885,0.14525,8.6045,34.757,634.3655
1717.408,0.5885,0.14525,8.6045,5.063,634.3655
1717.408,0.5885,0.14525,8.6045,5.063,634.3655
1717.408,0.5885,0.027649999999999997,8.6045,5.063,634.3655
1717.408,0.5885,0.027649999999999997,8.6045,-24.6315,634.3655
1717.408,0.5885,0.027649999999999997,8.6045,-24.6315,634.3655
1717.408,0.5885,0.027649999999999997,-20.1165,-84.0205,634.3655
1717.408,0.3635,0.263,-106.2795,-113.715,634.3655
1717.408,-0.31,0.6160000000000001,-221.1635,-84.0205,634.3655
1717.408,-1.2085,0.7335,-77.5585,-113.715,634.3655
1717.408,-0.984,0.498,37.3255,64.45150000000001,634.3655
1717.408,-0.984,0.498,37.3255,-24.6315,634.3655
1717.408,-0.7595000000000001,0.498,-20.1165,5.063,634.3655
1717.408,-0.7595000000000001,0.498,-48.8375,64.45150000000001,634.3655
1717.408,-0.984,0.6160000000000001,-20.1165,64.45150000000001,634.3655
1717.408,-0.984,0.3805,8.6045,5.063,634.3655
1717.408,-0.7595000000000001,0.263,-20.1165,64.45150000000001,634.3655
1717.408,-0.984,0.263,-20.1165,-54.326,-749.4069999999999
1717.408,-0.984,0.027649999999999997,-135.0005,-84.0205,-749.4069999999999
1717.408,-0.08560000000000001,-0.0901,,,-749.4069999999999
1717.408,0.3635,0.14525,-48.8375,-84.0205,634.3655
1717.408,0.5885,0.14525,8.6045,-24.6315,634.3655
1717.408,0.5885,0.027649999999999997,8.6045,-24.6315,634.3655
1717.408,0.813,-0.0901,-20.1165,-54.326,634.3655
1717.408,0.813,-0.0901,-20.1165,-24.6315,634.3655
1717.408,0.813,-0.0901,-20.1165,-24.6315,634.3655
1717.408,0.5885,-0.0901,-20.1165,-54.326,634.3655
1717.408,0.3635,-0.20750000000000002,94.7675,64.45150000000001,634.3655
1717.408,0.1389,-0.20750000000000002,,94.146,634.3655
1717.408,-0.7595000000000001,-0.20750000000000002,-77.5585,,634.3655
1717.408,-1.4335,0.498,8.6045,64.45150000000001,634.3655
1717.408,-0.984,0.263,94.7675,-84.0205,-749.4069999999999
1717.408,-0.7595000000000001,0.027649999999999997,8.6045,34.757,634.3655
1717.408,-0.7595000000000001,0.263,-48.8375,64.45150000000001,634.3655
1717.408,-0.984,0.498,8.6045,5.063,634.3655
1717.408,-0.984,0.498,37.3255,5.063,634.3655
1717.408,-0.984,0.3805,8.6045,34.757,634.3655
1717.408,-0.7595000000000001,0.498,-20.1165,5.063,634.3655
1717.408,-0.7595000000000001,0.498,-48.8375,34.757,634.3655
1717.408,-0.7595000000000001,0.498,-20.1165,34.757,634.3655
1717.408,-0.984,0.498,8.6045,34.757,634.3655
1717.408,-0.984,0.3805,8.6045,34.757,634.3655
1717.408,-0.7595000000000001,0.263,-20.1165,34.757,634.3655
1717.408,-0.984,0.263,-20.1165,34.757,634.3655
1717.408,-0.984,0.3805,-20.1165,5.063,634.3655
1717.408,-0.984,0.3805,8.6045,-24.6315,634.3655
1717.408,-0.984,0.3805,8.6045,-24.6315,634.3655
1717.408,-0.984,0.498,37.3255,5.063,634.3655
1717.408,-0.7595000000000001,0.3805,37.3255,-54.326,634.3655
1717.408,-0.7595000000000001,0.498,-20.1165,34.757,634.3655
1717.408,-0.984,0.6160000000000001,-20.1165,5.063,634.3655
1717.408,-0.7595000000000001,0.498,8.6045,5.063,634.3655
1717.408,-0.984,0.498,37.3255,-24.6315,634.3655
1717.408,-0.7595000000000001,0.3805,8.6045,-24.6315,634.3655
1717.408,-0.984,0.3805,-20.1165,-24.6315,634.3655
1717.408,-0.984,0.3805,8.6045,-24.6315,634.3655
1717.408,-0.984,0.3805,8.6045,-24.6315,634.3655
1717.408,-0.984,0.3805,8.6045,5.063,634.3655
1717.408,-0.984,0.498,8.6045,34.757,634.3655
1717.408,-0.984,0.3805,37.3255,-24.6315,634.3655
1717.408,-0.7595000000000001,0.498,-20.1165,34.757,634.3655
1717.408,-0.7595000000000001,0.498,-20.1165,34.757,634.3655
1717.408,-0.7595000000000001,0.498,-20.1165,34.757,634.3655
1717.408,-0.984,0.498,8.6045,34.757,634.3655
1717.408,-0.984,0.3805,8.6045,5.063,634.3655
1717.408,-0.7595000000000001,0.3805,-20.1165,34.757,634.3655
1717.408,-0.984,0.3805,-20.1165,34.757,634.3655
1717.408,-0.984,0.3805,8.6045,5.063,634.3655
1717.408,-0.984,0.3805,8.6045,5.063,634.3655
1717.408,-0.984,-0.0901,8.6045,5.063,634.3655
1717.408,-0.984,-0.0901,8.6045,5.063,634.3655
1717.408,-0.984,-0.0901,8.6045,5.063,634.3655
1717.408,-0.984,-0.0901,8.6045,5.063,634.3655
1717.408,-0.984,-0.0901,8.6045,5.063,634.3655
1717.408,-0.984,-0.0901,8.6045,5.063,634.3655
1717.408,-0.984,-0.0901,8.6045,5.063,634.3655
1717.408,-0.984,-0.0901,8.6045,5.063,634.3655
1717.408,-0.984,-0.0901,8.6045,5.063,634.3655
1717.408,-1.2085,-0.0901,8.6045,5.063,634.3655
1717.408,-1.4335,-0.0901,37.3255,-24.6315,634.3655
1717.408,-0.984,0.14525,8.6045,5.063,634.3655
1717.408,-0.5345,0.14525,8.6045,5.063,634.3655
1717.408,-0.7595000000000001,0.14525,-20.1165,5.063,634.3655
1717.408,-0.984,0.027649999999999997,-20.1165,5.063,634.3655
1717.408,-1.2085,0.027649999999999997,-20.1165,5.063,634.3655
1717.408,-1.2085,-0.0901,8.6045,5.063,634.3655
1717.408,-0.984,-0.0901,8.6045,5.063,634.3655
1717.408,-1.4335,-0.0901,37.3255,-24.6315,634.3655
1717.408,-1.2085,0.027649999999999997,37.3255,-24.6315,634.3655
1717.408,-0.5345,0.14525,8.6045,5.063,634.3655
1717.408,-0.5345,0.14525,-20.1165,5.063,634.3655
1717.408,-0.984,0.14525,-20.1165,5.063,634.3655
1717.408,-1.2085,0.027649999999999997,-20.1165,5.063,634.3655
1717.408,-1.2085,-0.0901,-20.1165,5.063,634.3655
1717.408,-0.984,-0.0901,8.6045,5.063,634.3655
1717.408,-1.2085,-0.0901,8.6045,5.063,634.3655
1717.408,-1.4335,-0.0901,37.3255,5.063,634.3655
1717.408,-0.984,0.14525,8.6045,5.063,634.3655
1717.408,-0.5345,0.14525,8.6045,5.063,634.3655
1717.408,-0.7595000000000001,0.14525,-20.1165,5.063,634.3655
1717.408,-1.2085,0.027649999999999997,-20.1165,5.063,634.3655
1717.408,-1.2085,-0.0901,-20.1165,5.063,634.3655
1717.408,-1.2085,-0.0901,8.6045,5.063,634.3655
1717.408,-0.984,-0.0901,8.6045,5.063,634.3655
1717.408,-1.2085,-0.0901,8.6045,-24.6315,634.3655
1717.408,-1.4335,0.027649999999999997,37.3255,5.063,634.3655
1717.408,-0.984,0.14525,8.6045,5.063,634.3655
1717.408,-0.5345,0.14525,-20.1165,5.063,634.3655
1717.408,-0.984,0.027649999999999997,8.6045,5.063,634.3655
1717.408,-1.2085,0.027649999999999997,-20.1165,5.063,634.3655
1717.408,-1.2085,-0.0901,-20.1165,5.063,634.3655
1717.408,-1.2085,-0.0901,8.6045,5.063,634.3655
1717.408,-0.984,-0.0901,8.6045,5.063,634.3655
1717.408,-1.2085,-0.0901,8.6045,5.063,634.3655
1717.408,-1.4335,-0.0901,37.3255,5.063,634.3655
1717.408,-0.984,0.14525,8.6045,5.063,634.3655
1717.408,-0.31,0.14525,8.6045,5.063,634.3655
1717.408,-0.984,0.14525,-20.1165,5.063,634.3655
1717.408,-1.2085,0.027649999999999997,-20.1165,5.063,634.3655
1717.408,-1.2085,-0.0901,-20.1165,5.063,634.3655
1717.408,-0.984,-0.0901,8.6045,5.063,634.3655
1717.408,-0.984,-0.0901,8.6045,5.063,634.3655
1717.408,-1.2085,-0.0901,8.6045,5.063,634.3655
1717.408,-1.4335,-0.0901,8.6045,5.063,634.3655
1717.408,-1.2085,0.027649999999999997,37.3255,5.063,634.3655
1717.408,-0.5345,0.14525,8.6045,5.063,634.3655
1717.408,-0.5345,0.14525,-20.1165,5.063,634.3655
1717.408,-1.2085,0.027649999999999997,-20.1165,5.063,634.3655
1717.408,-1.2085,0.027649999999999997,-20.1165,5.063,634.3655
1717.408,-1.2085,-0.20750000000000002,8.6045,5.063,634.3655
1717.408,-0.984,-0.0901,8.6045,-24.6315,634.3655
1717.408,-0.984,-0.0901,8.6045,5.063,634.3655
1717.408,-0.984,-0.0901,8.6045,5.063,634.3655
1717.408,-1.2085,-0.0901,37.3255,-24.6315,634.3655
1717.408,-1.2085,0.027649999999999997,8.6045,5.063,634.3655
1717.408,-0.7595000000000001,0.14525,8.6045,5.063,634.3655
1717.408,-0.5345,0.14525,8.6045,5.063,634.3655
1717.408,-0.984,0.027649999999999997,-20.1165,5.063,634.3655
1717.408,-1.2085,0.027649999999999997,-20.1165,5.063,634.3655
1717.408,-1.2085,-0.0901,-20.1165,5.063,634.3655
1717.408,-0.984,-0.0901,8.6045,5.063,634.3655
1717.408,-0.984,-0.0901,8.6045,5.063,634.3655
1717.408,-0.984,-0.0901,8.6045,5.063,634.3655
1717.408,-1.2085,-0.0901,8.6045,5.063,634.3655
1717.408,-1.4335,-0.0901,37.3255,5.063,634.3655
1717.408,-0.984,0.14525,8.6045,5.063,634.3655
1717.408,-0.31,0.14525,8.6045,5.063,634.3655
1717.408,-0.984,0.14525,-20.1165,5.063,634.3655
1717.408,-1.2085,0.027649999999999997,-20.1165,5.063,634.3655
1717.408,-1.2085,-0.0901,8.6045,5.063,634.3655
1717.408,-0.984,-0.0901,8.6045,5.063,634.3655
1717.408,-0.984,-0.0901,8.6045,5.063,634.3655
1717.408,-0.984,-0.0901,8.6045,5.063,634.3655
1717.408,-1.2085,-0.0901,8.6045,5.063,634.3655
1717.408,-1.4335,-0.0901,37.3255,-24.6315,634.3655
1717.408,-0.984,0.14525,8.6045,5.063,634.3655
1717.408,-0.5345,0.14525,8.6045,5.063,634.3655
1717.408,-0.7595000000000001,0.14525,-20.1165,5.063,634.3655
1717.408,-1.2085,0.027649999999999997,-20.1165,5.063,634.3655
1717.408,-1.2085,-0.0901,-20.1165,5.063,634.3655
1717.408,-1.2085,-0.0901,8.6045,5.063,634.3655
1717.408,-0.984,-0.0901,8.6045,5.063,634.3655
1717.408,-0.984,-0.0901,8.6045,5.063,634.3655
1717.408,-0.984,-0.0901,8.6045,5.063,634.3655
1717.408,-1.2085,-0.0901,8.6045,-24.6315,634.3655
1717.408,-1.2085,0.027649999999999997,37.3255,5.063,634.3655
1717.408,-0.7595000000000001,0.14525,37.3255,5.063,634.3655
1717.408,-0.5345,0.14525,-20.1165,5.063,634.3655
1717.408,-0.984,0.027649999999999997,-48.8375,5.063,634.3655
1717.408,-1.2085,0.027649999999999997,-20.1165,5.063,634.3655
1717.408,-1.2085,-0.20750000000000002,8.6045,5.063,634.3655
1717.408,-0.984,-0.0901,8.6045,5.063,634.3655
1717.408,-0.984,-0.0901,8.6045,5.063,634.3655
1717.408,-0.984,-0.0901,8.6045,-24.6315,634.3655
1717.408,-0.984,-0.0901,8.6045,5.063,634.3655
1717.408,-0.984,-0.0901,8.6045,5.063,634.3655
1717.408,-0.984,-0.0901,8.6045,5.063,634.3655
1717.408,-0.984,-0.0901,8.6045,5.063,634.3655
1717.408,-0.984,-0.0901,8.6045,5.063,634.3655
1717.408,-0.984,-0.0901,8.6045,5.063,634.3655
1717.408,-0.984,-0.0901,8.6045,5.063,634.3655
1717.408,-1.2085,-0.0901,8.6045,5.063,634.3655
1717.408,-1.4335,-0.0901,37.3255,-24.6315,634.3655
1717.408,-0.984,0.14525,8.6045,5.063,634.3655
1717.408,-0.31,0.14525,-20.1165,5.063,634.3655
1717.408,-0.7595000000000001,0.14525,-20.1165,5.063,634.3655
1717.408,-1.2085,0.027649999999999997,-20.1165,5.063,634.3655
1717.408,-1.2085,-0.0901,-20.1165,5.063,634.3655
1717.408,-0.984,-0.0901,8.6045,5.063,634.3655
1717.408,-1.2085,-0.0901,8.6045,-24.6315,634.3655
1717.408,-1.4335,-0.0901,37.3255,5.063,634.3655
1717.408,-0.984,0.14525,37.3255,-24.6315,634.3655
1717.408,-0.31,0.263,8.6045,5.063,634.3655
1717.408,-0.984,0.14525,-20.1165,5.063,634.3655
1717.408,-1.2085,-0.0901,-20.1165,5.063,634.3655
1717.408,-1.2085,-0.0901,8.6045,5.063,634.3655
1717.408,-0.984,-0.0901,8.6045,-24.6315,634.3655
1717.408,-0.984,-0.0901,8.6045,5.063,634.3655
1717.408,-1.4335,-0.20750000000000002,37.3255,5.063,634.3655
1717.408,-1.2085,0.027649999999999997,37.3255,-24.6315,634.3655
1717.408,-0.5345,0.14525,8.6045,-24.6315,634.3655
1717.408,-0.5345,0.14525,-20.1165,5.063,634.3655
1717.408,-1.2085,0.027649999999999997,-48.8375,5.063,634.3655
1717.408,-1.2085,-0.0901,-20.1165,5.063,634.3655
1717.408,-1.2085,-0.0901,8.6045,5.063,634.3655
1717.408,-0.984,-0.0901,8.6045,5.063,634.3655
1717.408,-1.2085,-0.0901,8.6045,5.063,634.3655
1717.408,-1.4335,-0.0901,37.3255,-24.6315,634.3655
1717.408,-0.984,0.14525,8.6045,-24.6315,634.3655
1717.408,-0.31,0.14525,8.6045,5.063,634.3655
1717.408,-0.984,0.14525,-20.1165,5.063,634.3655
1717.408,-1.2085,0.027649999999999997,-20.1165,5.063,634.3655
1717.408,-1.2085,-0.0901,-20.1165,5.063,634.3655
1717.408,-0.984,-0.0901,8.6045,5.063,634.3655
1717.408,-0.984,-0.0901,8.6045,5.063,634.3655
1717.408,-1.2085,-0.0901,8.6045,-24.6315,634.3655
1717.408,-1.4335,0.027649999999999997,37.3255,-24.6315,634.3655
1717.408,-0.7595000000000001,0.14525,8.6045,5.063,634.3655
1717.408,-0.31,0.263,-20.1165,5.063,634.3655
1717.408,-0.984,0.14525,-48.8375,5.063,634.3655
1717.408,-1.2085,-0.0901,-20.1165,5.063,634.3655
1717.408,-1.2085,-0.0901,8.6045,5.063,634.3655
1717.408,-0.984,-0.0901,8.6045,5.063,634.3655
1717.408,-0.984,-0.0901,8.6045,5.063,634.3655
1717.408,-1.2085,-0.0901,37.3255,-24.6315,634.3655
1717.408,-1.4335,0.027649999999999997,37.3255,5.063,634.3655
1717.408,-0.7595000000000001,0.14525,8.6045,5.063,634.3655
1717.408,-0.31,0.263,-20.1165,5.063,634.3655
1717.408,-0.984,0.14525,-20.1165,5.063,634.3655
1717.408,-1.2085,0.027649999999999997,-20.1165,5.063,634.3655
1717.408,-1.2085,-0.0901,8.6045,5.063,634.3655
1717.408,-0.984,-0.0901,8.6045,5.063,634.3655
1717.408,-0.984,-0.0901,8.6045,-24.6315,634.3655
1717.408,-1.2085,-0.0901,37.3255,-24.6315,634.3655
1717.408,-1.2085,0.027649999999999997,37.3255,5.063,634.3655
1717.408,-0.7595000000000001,0.14525,8.6045,-24.6315,634.3655
1717.408,-0.31,0.263,-20.1165,5.063,634.3655
1717.408,-0.984,0.14525,-20.1165,5.063,634.3655
1717.408,-1.2085,0.027649999999999997,-20.1165,5.063,634.3655
1717.408,-1.2085,-0.0901,8.6045,5.063,634.3655
1717.408,-0.984,-0.0901,8.6045,5.063,634.3655
1717.408,-0.984,-0.0901,8.6045,-24.6315,634.3655
1717.408,-1.2085,-0.20750000000000002,8.6045,-24.6315,634.3655
1717.408,-1.2085,0.027649999999999997,37.3255,5.063,634.3655
1717.408,-0.7595000000000001,0.14525,8.6045,-24.6315,634.3655
1717.408,-0.5345,0.14525,-20.1165,5.063,634.3655
1717.408,-0.984,0.14525,-48.8375,5.063,634.3655
1717.408,-1.2085,-0.0901,-20.1165,5.063,634.3655
1717.408,-0.984,-0.0901,8.6045,5.063,634.3655
1717.408,-0.984,-0.0901,8.6045,5.063,634.3655
1717.408,-0.984,-0.0901,8.6045,5.063,634.3655
1717.408,-1.2085,-0.0901,37.3255,5.063,634.3655
1717.408,-1.2085,0.027649999999999997,37.3255,5.063,634.3655
1717.408,-0.7595000000000001,0.14525,8.6045,-24.6315,634.3655
1717.408,-0.31,0.263,-20.1165,5.063,634.3655
1717.408,-0.984,0.14525,-48.8375,5.063,634.3655
1717.408,-1.2085,0.027649999999999997,-20.1165,5.063,634.3655
1717.408,-1.2085,-0.0901,8.6045,-24.6315,634.3655
1717.408,-0.984,0.027649999999999997,8.6045,5.063,634.3655
1717.408,-0.984,-0.0901,8.6045,5.063,634.3655
1717.408,-1.2085,-0.0901,37.3255,5.063,634.3655
1717.408,-1.2085,0.027649999999999997,37.3255,5.063,634.3655
1717.408,-0.7595000000000001,0.14525,8.6045,-24.6315,634.3655
1717.408,-0.5345,0.14525,-20.1165,5.063,634.3655
1717.408,-0.984,0.14525,-48.8375,5.063,634.3655
1717.408,-1.2085,-0.0901,-20.1165,5.063,634.3655
1717.408,-1.2085,-0.0901,8.6045,5.063,634.3655
1717.408,-0.984,-0.0901,8.6045,5.063,634.3655
1717.408,-0.984,-0.0901,8.6045,5.063,634.3655
1717.408,-0.984,-0.0901,8.6045,5.063,634.3655
1717.408,-0.984,-0.0901,8.6045,5.063,634.3655
1717.408,-0.984,-0.0901,8.6045,5.063,634.3655
1717.408,-0.984,-0.0901,8.6045,5.063,634.3655
