Acc_x,Acc_y,Acc_z,Gyro_x,Gyro_y,Gyro_z
Interval_2,Interval_12,Interval_5,Interval_9,Interval_7,Interval_7
Interval_2,Interval_12,Interval_5,Interval_9,Interval_7,Interval_7
Interval_2,Interval_12,Interval_5,Interval_9,Interval_7,Interval_7
Interval_2,Interval_11,Interval_5,Interval_9,Interval_7,Interval_7
Interval_2,Interval_12,Interval_5,Interval_9,Interval_7,Interval_7
Interval_2,Interval_12,Interval_5,Interval_9,Interval_7,Interval_7
Interval_2,Interval_11,Interval_4,Interval_9,Interval_7,Interval_7
Interval_2,Interval_11,Interval_4,Interval_9,Interval_7,Interval_7
Interval_2,Interval_11,Interval_4,Interval_8,Interval_7,Interval_7
Interval_2,Interval_11,Interval_4,Interval_8,Interval_6,Interval_7
Interval_2,Interval_13,Interval_5,Interval_8,Interval_6,Interval_7
Interval_2,Interval_12,Interval_5,Interval_10,Interval_7,Interval_7
Interval_2,Interval_11,Interval_4,Interval_9,Interval_7,Interval_7
Interval_2,Interval_11,Interval_4,Interval_9,Interval_7,Interval_7
Interval_2,Interval_12,Interval_4,Interval_8,Interval_6,Interval_7
Interval_2,Interval_11,Interval_5,Interval_9,Interval_7,Interval_7
Interval_2,Interval_12,Interval_5,Interval_8,Interval_7,Interval_7
Interval_2,Interval_11,Interval_5,Interval_9,Interval_7,Interval_7
Interval_2,Interval_12,Interval_5,Interval_9,Interval_7,Interval_7
Interval_2,Interval_12,Interval_5,Interval_9,Interval_7,Interval_7
Interval_2,Interval_11,Interval_5,Interval_9,Interval_7,Interval_7
Interval_2,Interval_11,Interval_5,Interval_10,Interval_7,Interval_7
Interval_2,Interval_11,Interval_4,Interval_10,Interval_7,Interval_7
Interval_2,Interval_11,Interval_4,Interval_9,Interval_7,Interval_7
Interval_2,,Interval_4,Interval_9,Interval_7,Interval_7
Interval_2,Interval_11,Interval_4,Interval_9,Interval_7,Interval_7
Interval_2,Interval_11,Interval_4,Interval_9,Interval_7,Interval_7
Interval_2,Interval_11,Interval_4,Interval_8,Interval_7,Interval_7
Interval_2,Interval_12,Interval_4,Interval_8,Interval_6,Interval_7
Interval_2,Interval_11,Interval_5,Interval_7,Interval_7,Interval_7
Interval_2,Interval_10,Interval_5,Interval_9,Interval_7,Interval_7
Interval_2,Interval_12,Interval_6,Interval_9,Interval_7,Interval_7
Interval_2,Interval_11,Interval_5,Interval_9,Interval_7,Interval_7
Interval_2,Interval_12,Interval_5,Interval_9,Interval_7,Interval_7
Interval_2,Interval_12,Interval_5,Interval_9,Interval_7,Interval_7
Interval_2,Interval_12,Interval_5,Interval_9,Interval_7,Interval_7
Interval_2,Interval_12,Interval_5,Interval_9,Interval_7,Interval_7
Interval_2,Interval_12,Interval_5,Interval_9,Interval_7,Interval_7
Interval_2,Interval_11,Interval_5,Interval_9,Interval_7,Interval_7
Interval_2,Interval_11,Interval_5,Interval_10,Interval_7,Interval_7
Interval_2,Interval_11,Interval_4,Interval_9,Interval_7,Interval_7
Interval_2,Interval_11,Interval_4,Interval_8,Interval_7,Interval_7
Interval_2,Interval_13,Interval_5,Interval_8,Interval_6,Interval_7
Interval_2,Interval_12,Interval_5,Interval_10,Interval_7,Interval_7
Interval_2,Interval_11,Interval_5,Interval_9,Interval_7,Interval_7
Interval_2,Interval_11,Interval_4,Interval_9,Interval_7,Interval_7
Interval_2,Interval_11,Interval_4,Interval_9,Interval_7,Interval_7
Interval_2,Interval_11,Interval_4,Interval_8,Interval_7,Interval_7
Interval_2,Interval_12,Interval_4,Interval_8,Interval_7,Interval_7
Interval_2,Interval_11,Interval_5,Interval_7,Interval_7,Interval_7
Interval_2,Interval_11,Interval_6,Interval_9,Interval_7,Interval_7
Interval_2,Interval_12,Interval_5,Interval_9,Interval_7,Interval_7
Interval_2,Interval_12,Interval_6,Interval_9,Interval_7,Interval_7
Interval_2,Interval_12,Interval_6,Interval_8,Interval_7,Interval_7
Interval_2,Interval_11,Interval_6,Interval_9,Interval_7,Interval_7
Interval_2,Interval_12,Interval_5,Interval_9,Interval_7,Interval_7
Interval_2,Interval_11,Interval_5,Interval_9,Interval_7,Interval_7
Interval_2,Interval_12,Interval_5,Interval_9,Interval_7,Interval_7
Interval_2,Interval_11,Interval_5,Interval_9,Interval_7,Interval_7
Interval_2,Interval_11,Interval_5,Interval_10,Interval_7,Interval_7
Interval_2,Interval_11,Interval_4,Interval_8,Interval_7,Interval_7
Interval_2,Interval_12,Interval_5,Interval_7,Interval_6,Interval_7
Interval_2,Interval_13,Interval_5,Interval_9,Interval_7,Interval_7
Interval_2,Interval_11,Interval_5,Interval_9,Interval_6,Interval_7
Interval_2,Interval_11,Interval_4,Interval_8,Interval_7,Interval_7
Interval_2,Interval_11,Interval_4,Interval_9,Interval_7,Interval_7
Interval_2,Interval_12,Interval_4,Interval_8,Interval_7,Interval_7
Interval_2,Interval_12,Interval_4,Interval_8,Interval_6,Interval_7
Interval_2,Interval_11,Interval_5,Interval_8,Interval_7,Interval_7
Interval_2,Interval_11,Interval_6,Interval_9,Interval_7,
Interval_2,Interval_12,Interval_5,Interval_8,Interval_7,Interval_7
Interval_2,Interval_12,Interval_5,Interval_9,Interval_7,Interval_7
Interval_2,Interval_11,Interval_5,Interval_9,Interval_7,Interval_7
Interval_2,Interval_12,Interval_5,Interval_9,Interval_7,Interval_7
Interval_2,Interval_12,Interval_5,Interval_9,Interval_7,Interval_7
Interval_2,Interval_12,Interval_5,Interval_9,Interval_7,Interval_7
Interval_2,Interval_12,Interval_5,Interval_9,Interval_7,Interval_7
Interval_2,Interval_12,Interval_5,Interval_9,Interval_7,Interval_7
Interval_2,Interval_12,Interval_5,Interval_9,Interval_7,Interval_7
Interval_2,Interval_11,Interval_5,Interval_9,Interval_7,Interval_7
Interval_2,Interval_12,Interval_5,Interval_9,Interval_7,Interval_7
Interval_2,Interval_12,Interval_5,Interval_9,Interval_7,Interval_7
Interval_2,Interval_12,Interval_5,Interval_9,Interval_7,Interval_7
Interval_2,Interval_11,Interval_4,Interval_9,Interval_7,Interval_7
Interval_2,Interval_11,Interval_4,Interval_9,Interval_6,Interval_7
Interval_2,Interval_12,Interval_4,Interval_9,Interval_6,Interval_7
Interval_2,Interval_12,Interval_5,Interval_8,Interval_6,Interval_7
Interval_2,Interval_13,Interval_5,Interval_8,Interval_7,Interval_7
Interval_2,Interval_11,Interval_5,Interval_9,Interval_7,Interval_7
Interval_2,Interval_11,Interval_5,Interval_9,Interval_7,Interval_7
Interval_2,Interval_11,Interval_4,Interval_9,Interval_7,Interval_7
Interval_2,Interval_11,Interval_5,Interval_8,Interval_7,Interval_7
Interval_2,Interval_11,Interval_5,Interval_8,Interval_7,Interval_7
Interval_2,Interval_11,Interval_5,Interval_9,Interval_6,Interval_7
Interval_2,Interval_11,Interval_5,Interval_9,Interval_7,Interval_7
Interval_2,Interval_11,Interval_4,Interval_9,Interval_7,Interval_7
Interval_2,Interval_11,Interval_4,Interval_9,Interval_7,Interval_7
Interval_2,Interval_11,Interval_4,Interval_9,Interval_6,Interval_7
Interval_2,Interval_11,Interval_4,Interval_8,Interval_6,Interval_7
Interval_2,Interval_13,Interval_4,Interval_8,Interval_7,Interval_7
Interval_2,Interval_12,Interval_4,Interval_9,Interval_7,Interval_7
Interval_2,Interval_11,Interval_4,Interval_9,Interval_7,Interval_7
Interval_2,Interval_11,Interval_4,Interval_9,Interval_7,Interval_7
Interval_2,Interval_11,Interval_4,Interval_8,Interval_7,Interval_7
Interval_2,Interval_12,Interval_4,Interval_8,Interval_7,Interval_7
Interval_2,Interval_11,Interval_5,Interval_8,Interval_7,Interval_7
Interval_2,Interval_11,Interval_5,Interval_9,Interval_6,Interval_7
Interval_2,Interval_12,Interval_5,Interval_9,Interval_7,Interval_7
Interval_2,Interval_12,Interval_5,Interval_9,Interval_7,Interval_7
Interval_2,Interval_11,Interval_4,Interval_9,Interval_7,Interval_7
Interval_2,Interval_11,Interval_4,Interval_9,Interval_7,Interval_7
Interval_2,Interval_11,Interval_4,Interval_9,Interval_6,Interval_7
Interval_2,Interval_11,Interval_4,Interval_8,Interval_6,Interval_7
Interval_2,,Interval_4,Interval_8,Interval_7,Interval_7
Interval_2,Interval_12,Interval_5,Interval_9,Interval_7,Interval_7
Interval_2,Interval_11,Interval_4,Interval_9,Interval_7,Interval_7
Interval_2,Interval_11,Interval_4,Interval_9,Interval_7,Interval_7
Interval_2,Interval_11,Interval_4,Interval_8,Interval_7,Interval_7
Interval_2,Interval_12,Interval_4,Interval_8,Interval_7,Interval_7
Interval_2,Interval_12,Interval_5,Interval_8,Interval_7,Interval_7
Interval_2,Interval_11,Interval_5,Interval_9,Interval_7,Interval_7
Interval_2,Interval_12,Interval_5,Interval_9,Interval_6,Interval_7
Interval_2,Interval_12,Interval_5,Interval_9,Interval_7,Interval_7
Interval_2,Interval_12,Interval_5,Interval_9,Interval_7,Interval_7
Interval_2,Interval_11,Interval_5,Interval_9,Interval_7,Interval_7
Interval_2,Interval_11,Interval_5,Interval_9,Interval_7,Interval_7
Interval_2,Interval_11,Interval_4,Interval_9,Interval_6,Interval_7
Interval_2,Interval_11,Interval_4,Interval_9,Interval_7,Interval_7
Interval_2,Interval_11,Interval_4,Interval_8,Interval_6,Interval_7
Interval_2,Interval_12,Interval_4,Interval_8,Interval_6,Interval_7
Interval_2,Interval_13,Interval_5,Interval_9,Interval_7,Interval_7
Interval_2,Interval_11,Interval_4,Interval_8,Interval_7,Interval_7
Interval_2,Interval_11,Interval_4,Interval_9,Interval_7,Interval_7
Interval_2,Interval_11,Interval_4,Interval_9,Interval_7,Interval_7
Interval_2,Interval_11,Interval_5,Interval_9,Interval_7,Interval_7
Interval_2,Interval_12,Interval_4,Interval_9,Interval_7,Interval_7
Interval_2,Interval_12,Interval_5,Interval_8,Interval_7,Interval_7
Interval_2,Interval_11,Interval_5,Interval_9,Interval_7,Interval_7
Interval_2,Interval_11,Interval_5,Interval_9,Interval_6,Interval_7
Interval_2,Interval_11,Interval_5,Interval_9,Interval_7,Interval_7
Interval_2,Interval_12,Interval_5,Interval_9,Interval_7,Interval_7
Interval_2,Interval_12,Interval_5,Interval_9,Interval_7,Interval_7
Interval_2,Interval_11,Interval_4,Interval_9,Interval_7,Interval_7
Interval_2,Interval_11,Interval_4,Interval_9,Interval_7,Interval_7
Interval_2,Interval_11,Interval_4,Interval_9,Interval_6,Interval_7
Interval_2,Interval_11,Interval_4,Interval_8,Interval_6,Interval_7
Interval_2,Interval_12,Interval_4,Interval_8,Interval_6,Interval_7
Interval_2,Interval_13,Interval_5,Interval_8,Interval_7,Interval_7
Interval_2,Interval_11,Interval_4,Interval_9,Interval_7,Interval_7
Interval_2,Interval_11,Interval_4,Interval_9,Interval_7,Interval_7
Interval_2,Interval_11,Interval_4,Interval_9,Interval_7,Interval_7
Interval_2,Interval_11,Interval_4,Interval_9,Interval_7,Interval_7
Interval_2,Interval_11,Interval_4,Interval_8,Interval_7,Interval_7
Interval_2,Interval_11,Interval_4,Interval_8,Interval_7,Interval_7
Interval_2,Interval_11,Interval_5,Interval_8,Interval_7,Interval_7
Interval_2,Interval_11,Interval_5,Interval_9,Interval_7,Interval_7
Interval_2,Interval_12,Interval_5,Interval_9,Interval_7,Interval_7
Interval_2,Interval_12,Interval_5,Interval_9,Interval_7,Interval_7
Interval_2,Interval_12,Interval_5,Interval_9,Interval_7,Interval_7
Interval_2,Interval_12,Interval_5,Interval_9,Interval_7,Interval_7
Interval_2,Interval_12,Interval_5,Interval_9,Interval_7,Interval_7
Interval_2,Interval_12,Interval_5,Interval_9,Interval_7,Interval_7
Interval_2,Interval_12,Interval_5,Interval_9,Interval_7,Interval_7
Interval_2,Interval_12,Interval_6,Interval_9,Interval_7,Interval_7
Interval_2,Interval_11,Interval_5,Interval_9,Interval_7,Interval_7
Interval_2,Interval_11,Interval_5,Interval_10,Interval_7,Interval_7
Interval_2,Interval_11,Interval_4,Interval_9,Interval_7,Interval_7
Interval_2,Interval_11,Interval_5,Interval_8,Interval_6,Interval_7
Interval_2,Interval_12,Interval_6,Interval_8,Interval_6,Interval_7
Interval_2,Interval_13,Interval_6,Interval_9,Interval_7,Interval_7
Interval_2,Interval_11,Interval_5,Interval_9,Interval_7,Interval_7
Interval_2,Interval_11,Interval_5,Interval_9,Interval_7,Interval_7
Interval_2,Interval_11,Interval_5,Interval_9,Interval_7,Interval_7
Interval_2,Interval_12,Interval_5,Interval_8,Interval_6,Interval_7
Interval_2,Interval_11,Interval_6,Interval_8,Interval_7,Interval_7
Interval_2,Interval_11,Interval_6,Interval_9,Interval_7,Interval_7
Interval_2,Interval_12,Interval_6,Interval_9,Interval_7,Interval_7
Interval_2,Interval_10,Interval_5,Interval_10,Interval_7,Interval_7
Interval_2,Interval_11,Interval_5,Interval_8,Interval_7,Interval_7
Interval_2,Interval_13,Interval_6,Interval_8,Interval_6,Interval_7
Interval_2,Interval_13,Interval_6,Interval_10,Interval_7,Interval_7
Interval_2,Interval_11,Interval_5,Interval_9,Interval_7,Interval_7
Interval_2,Interval_11,Interval_4,Interval_8,Interval_7,Interval_7
Interval_2,Interval_11,Interval_5,Interval_8,Interval_7,Interval_7
Interval_2,Interval_12,Interval_5,Interval_7,Interval_6,Interval_7
Interval_2,Interval_10,Interval_6,Interval_8,Interval_7,Interval_7
Interval_2,Interval_12,Interval_6,Interval_9,Interval_7,Interval_7
Interval_2,Interval_10,Interval_5,Interval_9,Interval_7,Interval_7
Interval_2,Interval_10,Interval_5,Interval_9,Interval_7,Interval_7
Interval_2,Interval_12,Interval_5,Interval_8,Interval_6,Interval_7
Interval_2,Interval_13,Interval_6,Interval_7,Interval_6,Interval_7
Interval_2,Interval_13,Interval_6,Interval_10,Interval_7,Interval_7
Interval_2,Interval_11,Interval_5,Interval_9,Interval_7,Interval_7
Interval_2,Interval_11,Interval_5,Interval_9,Interval_7,Interval_7
Interval_2,Interval_12,Interval_5,Interval_8,Interval_7,Interval_7
Interval_2,Interval_12,Interval_5,Interval_8,Interval_7,Interval_7
Interval_2,Interval_12,Interval_5,Interval_8,Interval_6,Interval_7
Interval_2,Interval_11,Interval_6,Interval_9,Interval_7,Interval_7
Interval_2,Interval_10,Interval_5,Interval_10,Interval_7,Interval_7
Interval_2,Interval_12,Interval_4,Interval_8,Interval_6,Interval_7
Interval_2,Interval_13,Interval_5,Interval_7,Interval_6,Interval_7
Interval_2,Interval_13,Interval_6,Interval_9,Interval_7,Interval_7
Interval_2,Interval_11,Interval_5,Interval_9,Interval_6,Interval_7
Interval_2,Interval_11,Interval_5,Interval_9,Interval_7,Interval_7
Interval_2,Interval_11,Interval_5,Interval_8,Interval_7,Interval_7
Interval_2,Interval_12,Interval_5,Interval_9,Interval_6,Interval_7
Interval_2,Interval_12,Interval_5,Interval_8,Interval_7,Interval_7
Interval_2,Interval_11,Interval_6,Interval_8,Interval_7,Interval_7
Interval_2,Interval_11,Interval_6,Interval_9,Interval_7,Interval_7
Interval_2,Interval_12,Interval_6,Interval_8,Interval_7,Interval_7
Interval_2,Interval_11,Interval_6,Interval_9,Interval_7,Interval_7
Interval_2,Interval_12,Interval_6,Interval_9,Interval_7,Interval_7
Interval_2,Interval_12,Interval_6,Interval_9,Interval_7,Interval_7
Interval_2,Interval_12,Interval_6,Interval_9,Interval_7,Interval_7
Interval_2,Interval_11,Interval_6,Interval_9,Interval_7,Interval_7
Interval_2,Interval_10,Interval_5,Interval_9,Interval_7,Interval_7
Interval_2,Interval_11,Interval_5,Interval_9,Interval_7,Interval_7
Interval_2,Interval_11,Interval_5,Interval_8,Interval_7,Interval_7
Interval_2,Interval_13,Interval_6,Interval_8,Interval_6,Interval_7
Interval_2,Interval_12,Interval_6,Interval_10,Interval_6,Interval_7
Interval_2,Interval_11,Interval_5,Interval_9,Interval_7,Interval_7
Interval_2,Interval_11,Interval_5,Interval_9,Interval_7,Interval_7
Interval_2,Interval_11,Interval_4,Interval_8,Interval_7,Interval_7
Interval_2,Interval_12,Interval_5,Interval_8,Interval_7,Interval_7
Interval_2,Interval_12,Interval_5,Interval_8,Interval_7,Interval_7
Interval_2,Interval_12,Interval_5,Interval_8,Interval_6,Interval_7
Interval_2,Interval_11,Interval_6,Interval_8,Interval_7,Interval_7
Interval_2,Interval_11,Interval_6,Interval_9,Interval_7,Interval_7
Interval_2,Interval_12,Interval_6,Interval_9,Interval_7,Interval_7
Interval_2,Interval_12,Interval_6,Interval_9,Interval_7,Interval_7
Interval_2,Interval_12,Interval_6,Interval_9,Interval_7,Interval_7
Interval_2,Interval_12,Interval_5,Interval_9,Interval_7,Interval_7
Interval_2,Interval_12,Interval_5,Interval_9,Interval_7,Interval_7
Interval_2,Interval_11,Interval_5,Interval_9,Interval_7,Interval_7
Interval_2,Interval_11,Interval_4,Interval_9,Interval_6,Interval_7
Interval_2,Interval_11,Interval_4,Interval_9,Interval_6,Interval_7
Interval_2,Interval_13,Interval_4,Interval_8,Interval_7,Interval_7
Interval_2,Interval_11,Interval_5,Interval_9,Interval_7,Interval_7
Interval_2,Interval_11,Interval_4,Interval_9,Interval_7,Interval_7
Interval_2,Interval_11,Interval_4,Interval_9,Interval_7,Interval_7
Interval_2,Interval_11,Interval_4,Interval_8,Interval_7,Interval_7
Interval_2,Interval_12,Interval_5,Interval_8,Interval_7,Interval_7
Interval_2,Interval_11,Interval_5,Interval_9,Interval_6,Interval_7
Interval_2,Interval_12,Interval_5,Interval_9,Interval_7,Interval_7
Interval_2,Interval_12,Interval_5,Interval_9,Interval_7,Interval_7
Interval_2,Interval_11,Interval_4,Interval_9,Interval_6,Interval_7
Interval_2,Interval_11,Interval_4,Interval_9,Interval_7,Interval_7
Interval_2,Interval_11,Interval_4,Interval_9,Interval_6,Interval_7
Interval_2,Interval_12,Interval_4,Interval_8,Interval_6,Interval_7
Interval_2,,Interval_5,Interval_9,Interval_7,Interval_7
Interval_2,Interval_11,Interval_4,Interval_9,Interval_7,Interval_7
Interval_2,Interval_11,Interval_4,Interval_9,Interval_7,Interval_7
Interval_2,Interval_11,Interval_4,Interval_9,Interval_6,Interval_7
Interval_2,Interval_12,Interval_4,Interval_8,Interval_7,Interval_7
Interval_2,Interval_11,Interval_5,Interval_8,Interval_7,Interval_7
Interval_2,Interval_11,Interval_4,Interval_9,Interval_7,Interval_7
Interval_2,Interval_12,Interval_4,Interval_9,Interval_7,Interval_7
Interval_2,Interval_11,Interval_4,Interval_9,Interval_7,Interval_7
Interval_2,Interval_11,Interval_4,Interval_9,Interval_7,Interval_7
Interval_2,Interval_11,Interval_4,Interval_9,Interval_6,Interval_7
Interval_2,Interval_12,Interval_4,Interval_8,Interval_6,Interval_7
Interval_2,,Interval_4,Interval_8,Interval_7,Interval_7
Interval_2,Interval_11,Interval_4,Interval_9,Interval_7,Interval_7
Interval_2,Interval_11,Interval_4,Interval_9,Interval_7,Interval_7
Interval_2,Interval_11,Interval_4,Interval_9,Interval_7,Interval_7
Interval_2,Interval_12,Interval_4,Interval_8,Interval_6,Interval_7
Interval_2,Interval_12,Interval_4,Interval_8,Interval_7,Interval_7
Interval_2,Interval_11,Interval_5,Interval_9,Interval_7,Interval_7
Interval_2,Interval_11,Interval_5,Interval_9,Interval_7,Interval_7
Interval_2,Interval_11,Interval_4,Interval_9,Interval_7,Interval_7
Interval_2,Interval_11,Interval_4,Interval_9,Interval_7,Interval_7
Interval_2,Interval_11,Interval_4,Interval_9,Interval_6,Interval_7
Interval_2,Interval_11,Interval_4,Interval_8,Interval_6,Interval_7
Interval_2,,Interval_4,Interval_8,Interval_7,Interval_7
Interval_2,Interval_12,Interval_4,Interval_9,Interval_7,Interval_7
Interval_2,Interval_11,Interval_4,Interval_9,Interval_7,Interval_7
Interval_2,Interval_11,Interval_4,Interval_9,Interval_7,Interval_7
Interval_2,Interval_11,Interval_4,Interval_9,Interval_7,Interval_7
Interval_2,Interval_11,Interval_4,Interval_9,Interval_6,Interval_7
Interval_2,Interval_12,Interval_4,Interval_8,Interval_7,Interval_7
Interval_2,Interval_11,Interval_5,Interval_8,Interval_7,Interval_7
Interval_2,Interval_11,Interval_6,Interval_8,Interval_7,Interval_7
Interval_2,Interval_11,Interval_5,Interval_9,Interval_6,Interval_7
Interval_2,Interval_12,Interval_5,Interval_9,Interval_7,Interval_7
Interval_2,Interval_12,Interval_5,Interval_9,Interval_7,Interval_7
Interval_2,Interval_12,Interval_5,Interval_9,Interval_7,Interval_7
Interval_2,Interval_11,Interval_5,Interval_9,Interval_7,Interval_7
Interval_2,Interval_11,Interval_4,Interval_9,Interval_6,Interval_7
Interval_2,Interval_11,Interval_4,Interval_9,Interval_6,Interval_7
Interval_2,Interval_11,Interval_4,Interval_8,Interval_6,Interval_7
Interval_2,Interval_12,Interval_4,Interval_8,Interval_7,Interval_7
Interval_2,Interval_13,Interval_5,Interval_8,Interval_7,Interval_7
Interval_2,Interval_11,Interval_4,Interval_9,Interval_7,Interval_7
Interval_2,Interval_11,Interval_4,Interval_9,Interval_7,Interval_7
Interval_2,Interval_11,Interval_4,Interval_9,Interval_7,Interval_7
Interval_2,Interval_11,Interval_4,Interval_9,Interval_7,Interval_7
Interval_2,Interval_11,Interval_4,Interval_8,Interval_7,Interval_7
Interval_2,Interval_12,Interval_4,Interval_8,Interval_6,Interval_7
Interval_2,Interval_12,Interval_5,Interval_8,Interval_7,Interval_7
Interval_2,Interval_11,Interval_5,Interval_9,Interval_7,Interval_7
Interval_2,Interval_11,Interval_5,Interval_9,Interval_7,Interval_7
Interval_2,Interval_12,Interval_5,Interval_9,Interval_7,Interval_7
Interval_2,Interval_11,Interval_6,Interval_9,Interval_7,Interval_7
Interval_2,Interval_12,Interval_6,Interval_9,Interval_7,Interval_7
Interval_2,Interval_13,Interval_6,Interval_9,Interval_7,Interval_7
Interval_2,Interval_11,Interval_6,Interval_9,Interval_7,Interval_7
Interval_2,Interval_11,Interval_5,Interval_9,Interval_7,Interval_7
Interval_2,Interval_11,Interval_5,Interval_8,Interval_7,Interval_7
Interval_2,Interval_11,Interval_5,Interval_8,Interval_7,Interval_7
Interval_2,Interval_10,Interval_5,Interval_9,Interval_6,Interval_7
Interval_2,Interval_11,Interval_5,Interval_9,Interval_6,Interval_7
Interval_2,Interval_11,Interval_5,Interval_9,Interval_7,Interval_7
Interval_2,Interval_11,Interval_4,Interval_9,Interval_7,Interval_7
Interval_2,Interval_11,Interval_4,Interval_8,Interval_6,Interval_7
Interval_2,Interval_12,Interval_5,Interval_7,Interval_7,Interval_7
Interval_2,Interval_13,Interval_6,Interval_8,Interval_7,Interval_7
Interval_2,Interval_11,Interval_6,Interval_9,Interval_7,Interval_7
Interval_2,Interval_13,Interval_6,Interval_9,Interval_7,Interval_7
Interval_2,Interval_13,Interval_6,Interval_10,Interval_7,Interval_7
Interval_2,Interval_11,Interval_5,Interval_9,Interval_7,Interval_7
Interval_2,Interval_11,Interval_5,Interval_8,Interval_7,Interval_7
Interval_2,Interval_11,Interval_5,Interval_8,Interval_7,Interval_7
Interval_2,Interval_11,Interval_6,Interval_9,Interval_7,Interval_7
Interval_2,Interval_11,Interval_5,Interval_9,Interval_7,Interval_7
Interval_2,Interval_11,Interval_4,Interval_9,Interval_7,Interval_7
Interval_2,Interval_11,Interval_4,Interval_9,Interval_7,Interval_7
Interval_2,Interval_11,Interval_4,Interval_9,Interval_6,Interval_7
Interval_2,Interval_12,Interval_4,Interval_7,Interval_6,Interval_7
Interval_2,Interval_12,Interval_5,Interval_8,Interval_7,Interval_7
Interval_2,Interval_12,Interval_6,Interval_9,Interval_7,Interval_7
Interval_2,Interval_12,Interval_6,Interval_9,Interval_7,Interval_7
Interval_2,Interval_11,Interval_6,Interval_8,Interval_7,Interval_7
Interval_2,Interval_13,Interval_6,Interval_9,Interval_7,Interval_7
Interval_2,Interval_12,Interval_5,Interval_9,Interval_7,Interval_7
Interval_2,Interval_11,Interval_5,Interval_8,Interval_7,Interval_7
Interval_2,Interval_11,Interval_5,Interval_8,Interval_7,Interval_7
Interval_2,Interval_11,Interval_5,Interval_8,Interval_7,Interval_7
Interval_2,Interval_11,Interval_5,Interval_9,Interval_7,Interval_7
Interval_2,Interval_11,Interval_5,Interval_9,Interval_7,Interval_7
Interval_2,Interval_11,Interval_5,Interval_10,Interval_7,Interval_7
Interval_2,Interval_11,Interval_4,Interval_9,Interval_7,Interval_7
Interval_2,Interval_11,Interval_4,Interval_7,Interval_6,Interval_7
Interval_2,Interval_12,Interval_5,Interval_7,Interval_6,Interval_7
Interval_2,Interval_13,Interval_6,Interval_8,Interval_7,Interval_7
Interval_2,Interval_11,Interval_6,Interval_9,Interval_7,Interval_7
Interval_2,Interval_11,Interval_6,Interval_8,Interval_6,Interval_7
Interval_2,,Interval_6,Interval_9,Interval_7,Interval_7
Interval_2,Interval_12,Interval_6,Interval_9,Interval_7,Interval_7
Interval_2,Interval_11,Interval_5,Interval_9,Interval_7,Interval_7
Interval_2,Interval_11,Interval_5,Interval_8,Interval_7,Interval_7
Interval_2,Interval_11,Interval_5,Interval_8,Interval_7,Interval_7
Interval_2,Interval_11,Interval_5,Interval_8,Interval_7,Interval_7
Interval_2,Interval_11,Interval_5,Interval_9,Interval_7,Interval_7
Interval_2,Interval_11,Interval_5,Interval_9,Interval_6,Interval_7
Interval_2,Interval_11,Interval_5,Interval_10,Interval_7,Interval_7
Interval_2,Interval_11,Interval_4,Interval_9,Interval_7,Interval_7
Interval_2,Interval_11,Interval_4,Interval_8,Interval_6,Interval_7
Interval_2,Interval_12,Interval_5,Interval_8,Interval_6,Interval_7
Interval_2,Interval_13,Interval_5,Interval_8,Interval_7,Interval_7
Interval_2,Interval_12,Interval_6,Interval_9,Interval_7,Interval_7
Interval_2,Interval_11,Interval_6,Interval_8,Interval_7,Interval_7
Interval_2,Interval_13,Interval_5,Interval_10,Interval_7,Interval_7
Interval_2,Interval_11,Interval_5,Interval_9,Interval_7,Interval_7
Interval_2,Interval_11,Interval_5,Interval_8,Interval_7,Interval_7
Interval_2,Interval_11,Interval_5,Interval_8,Interval_7,Interval_7
Interval_2,Interval_11,Interval_5,Interval_8,Interval_7,Interval_7
Interval_2,Interval_11,Interval_6,Interval_9,Interval_7,Interval_7
Interval_2,Interval_11,Interval_5,Interval_9,Interval_7,Interval_7
Interval_2,Interval_12,Interval_5,Interval_9,Interval_7,Interval_7
Interval_2,Interval_11,Interval_5,Interval_10,Interval_6,Interval_7
Interval_2,Interval_11,Interval_4,Interval_9,Interval_7,Interval_7
Interval_2,Interval_11,Interval_5,Interval_8,Interval_6,Interval_7
Interval_2,Interval_12,Interval_5,Interval_8,Interval_6,Interval_7
Interval_2,Interval_13,Interval_6,Interval_8,Interval_7,Interval_7
Interval_2,Interval_12,Interval_6,Interval_9,Interval_7,Interval_7
Interval_2,Interval_11,Interval_6,Interval_8,Interval_7,Interval_7
Interval_2,Interval_12,Interval_6,Interval_9,Interval_7,Interval_7
Interval_2,Interval_12,Interval_6,Interval_8,Interval_7,Interval_7
Interval_2,Interval_11,Interval_5,Interval_8,Interval_7,Interval_7
Interval_2,Interval_12,Interval_5,Interval_9,Interval_7,Interval_7
Interval_2,Interval_13,Interval_5,Interval_9,Interval_8,Interval_7
Interval_2,Interval_11,Interval_4,Interval_10,Interval_7,Interval_7
Interval_2,Interval_11,Interval_4,Interval_9,Interval_7,Interval_7
Interval_2,Interval_11,Interval_3,Interval_9,Interval_7,Interval_7
Interval_2,Interval_11,Interval_2,Interval_8,Interval_7,Interval_7
Interval_2,Interval_12,Interval_3,Interval_6,Interval_6,Interval_7
Interval_2,Interval_10,Interval_4,Interval_8,Interval_7,Interval_7
Interval_2,Interval_12,Interval_6,Interval_9,Interval_7,Interval_7
Interval_2,Interval_11,Interval_5,Interval_9,Interval_6,Interval_7
Interval_2,Interval_12,Interval_4,Interval_9,Interval_7,Interval_7
Interval_2,Interval_12,Interval_5,Interval_9,Interval_7,Interval_7
Interval_2,Interval_11,Interval_5,Interval_9,Interval_7,Interval_7
Interval_2,Interval_11,Interval_5,Interval_8,Interval_7,Interval_7
Interval_2,Interval_11,Interval_5,Interval_9,Interval_6,Interval_7
Interval_2,Interval_12,Interval_4,Interval_9,Interval_7,Interval_7
Interval_2,Interval_10,Interval_4,Interval_10,Interval_7,Interval_7
Interval_2,Interval_11,Interval_3,Interval_10,Interval_7,Interval_7
Interval_2,Interval_11,Interval_2,Interval_9,Interval_6,Interval_7
Interval_2,Interval_11,Interval_3,Interval_8,Interval_6,Interval_7
Interval_2,Interval_12,Interval_3,Interval_7,Interval_6,Interval_7
Interval_2,Interval_12,Interval_4,Interval_7,Interval_6,Interval_7
Interval_2,Interval_13,Interval_5,Interval_9,Interval_8,Interval_7
Interval_2,Interval_12,Interval_4,Interval_11,Interval_8,Interval_7
Interval_2,Interval_11,Interval_2,Interval_9,Interval_6,Interval_7
Interval_2,Interval_10,Interval_3,Interval_8,Interval_7,Interval_7
Interval_2,Interval_11,Interval_3,Interval_8,Interval_7,Interval_7
Interval_2,Interval_11,Interval_4,Interval_7,Interval_6,Interval_7
Interval_2,Interval_10,Interval_5,Interval_9,Interval_7,Interval_7
Interval_2,Interval_12,Interval_5,Interval_8,Interval_7,Interval_7
Interval_2,Interval_9,Interval_5,Interval_11,Interval_7,Interval_7
Interval_2,Interval_11,Interval_3,Interval_10,Interval_7,Interval_7
Interval_2,Interval_11,Interval_3,Interval_8,Interval_6,Interval_7
Interval_2,Interval_11,Interval_3,Interval_8,Interval_6,Interval_7
Interval_2,Interval_12,Interval_3,Interval_7,Interval_7,Interval_7
Interval_2,Interval_11,Interval_4,Interval_8,Interval_6,Interval_7
Interval_2,Interval_12,Interval_5,Interval_8,Interval_6,Interval_7
Interval_2,Interval_13,Interval_5,Interval_11,Interval_8,Interval_7
Interval_2,Interval_11,Interval_3,Interval_10,Interval_7,Interval_7
Interval_2,Interval_11,Interval_2,Interval_9,Interval_6,Interval_7
Interval_2,Interval_11,Interval_2,Interval_8,Interval_6,Interval_7
Interval_2,Interval_10,Interval_4,Interval_6,Interval_7,Interval_7
Interval_2,Interval_10,Interval_5,Interval_9,Interval_6,Interval_7
Interval_2,Interval_12,Interval_5,Interval_9,Interval_7,Interval_7
Interval_2,Interval_12,Interval_4,Interval_9,Interval_7,Interval_7
Interval_2,Interval_10,Interval_4,Interval_10,Interval_7,Interval_7
Interval_2,Interval_11,Interval_3,Interval_10,Interval_7,Interval_7
Interval_2,Interval_11,Interval_2,Interval_9,Interval_7,Interval_7
Interval_2,Interval_11,Interval_2,Interval_8,Interval_6,Interval_7
Interval_2,Interval_11,Interval_3,Interval_7,Interval_7,Interval_7
Interval_2,Interval_12,Interval_4,Interval_7,Interval_6,Interval_7
Interval_2,Interval_11,Interval_5,Interval_8,Interval_6,Interval_7
Interval_2,Interval_13,Interval_5,Interval_9,Interval_7,Interval_7
Interval_2,Interval_12,Interval_5,Interval_11,Interval_8,Interval_7
Interval_2,Interval_11,Interval_3,Interval_9,Interval_6,Interval_7
Interval_2,Interval_11,Interval_2,Interval_9,Interval_7,Interval_7
Interval_2,Interval_11,Interval_3,Interval_8,Interval_7,Interval_7
Interval_2,Interval_11,Interval_2,Interval_8,Interval_6,Interval_7
Interval_2,Interval_11,Interval_4,Interval_6,Interval_8,Interval_7
Interval_2,Interval_11,Interval_5,Interval_10,Interval_7,Interval_7
Interval_2,Interval_11,Interval_4,Interval_9,Interval_6,Interval_7
Interval_2,Interval_12,Interval_4,Interval_8,Interval_7,Interval_7
Interval_2,Interval_11,Interval_5,Interval_9,Interval_6,Interval_7
Interval_2,Interval_11,Interval_5,Interval_10,Interval_7,Interval_7
Interval_2,Interval_10,Interval_5,Interval_9,Interval_7,Interval_7
Interval_2,Interval_11,Interval_3,Interval_10,Interval_7,Interval_7
Interval_2,Interval_11,Interval_3,Interval_8,Interval_6,Interval_7
Interval_2,Interval_12,Interval_4,Interval_7,Interval_6,Interval_7
Interval_2,Interval_12,Interval_5,Interval_7,Interval_6,Interval_7
Interval_2,Interval_12,Interval_6,Interval_8,Interval_6,Interval_7
Interval_2,Interval_13,Interval_7,Interval_10,Interval_8,Interval_7
Interval_2,Interval_11,Interval_6,Interval_11,Interval_6,Interval_7
Interval_2,Interval_11,Interval_4,Interval_10,Interval_7,Interval_7
Interval_2,Interval_11,Interval_3,Interval_9,Interval_7,Interval_7
Interval_2,Interval_11,Interval_3,Interval_8,Interval_7,Interval_7
Interval_2,Interval_11,Interval_3,Interval_8,Interval_7,Interval_7
Interval_2,Interval_11,Interval_4,Interval_9,Interval_6,Interval_7
Interval_2,Interval_11,Interval_5,Interval_7,Interval_7,Interval_7
Interval_2,Interval_11,Interval_4,Interval_9,Interval_7,Interval_7
Interval_2,Interval_11,Interval_4,Interval_9,Interval_7,Interval_7
Interval_2,Interval_10,Interval_4,Interval_10,Interval_7,Interval_7
Interval_2,Interval_11,Interval_3,Interval_9,Interval_7,Interval_7
Interval_2,Interval_11,Interval_2,Interval_8,Interval_7,Interval_7
Interval_2,Interval_11,Interval_3,Interval_8,Interval_7,Interval_7
Interval_2,Interval_12,Interval_3,Interval_7,Interval_6,Interval_7
Interval_2,Interval_12,Interval_4,Interval_8,Interval_6,Interval_7
Interval_2,Interval_12,Interval_5,Interval_8,Interval_6,Interval_7
Interval_2,Interval_13,Interval_5,Interval_9,Interval_7,Interval_7
Interval_2,Interval_12,Interval_5,Interval_9,Interval_7,Interval_7
Interval_2,Interval_11,Interval_5,Interval_9,Interval_7,Interval_7
Interval_2,Interval_11,Interval_5,Interval_8,Interval_7,Interval_7
Interval_2,Interval_11,Interval_5,Interval_8,Interval_7,Interval_7
Interval_2,Interval_11,Interval_5,Interval_9,Interval_7,Interval_7
Interval_2,Interval_11,Interval_5,Interval_9,Interval_6,Interval_7
Interval_2,Interval_10,Interval_5,Interval_10,Interval_7,Interval_7
Interval_2,Interval_11,Interval_4,Interval_9,Interval_6,Interval_7
Interval_2,Interval_11,Interval_4,Interval_8,Interval_6,Interval_7
Interval_2,Interval_12,Interval_6,Interval_7,Interval_6,Interval_7
Interval_2,Interval_13,Interval_7,Interval_9,Interval_7,Interval_7
Interval_2,Interval_11,Interval_6,Interval_9,Interval_7,Interval_7
Interval_2,Interval_13,Interval_7,Interval_9,Interval_7,Interval_7
Interval_2,Interval_12,Interval_6,Interval_10,Interval_7,Interval_7
Interval_2,Interval_11,Interval_5,Interval_8,Interval_7,Interval_7
Interval_2,Interval_11,Interval_5,Interval_8,Interval_7,Interval_7
Interval_2,Interval_11,Interval_6,Interval_8,Interval_7,Interval_7
Interval_2,Interval_11,Interval_6,Interval_9,Interval_6,Interval_7
Interval_2,Interval_11,Interval_5,Interval_9,Interval_7,Interval_7
Interval_2,Interval_10,Interval_5,Interval_10,Interval_7,Interval_7
Interval_2,Interval_11,Interval_4,Interval_9,Interval_7,Interval_7
Interval_2,Interval_11,Interval_4,Interval_8,Interval_7,Interval_7
Interval_2,Interval_12,Interval_5,Interval_7,Interval_6,Interval_7
Interval_2,Interval_13,Interval_6,Interval_8,Interval_7,Interval_7
Interval_2,Interval_11,Interval_6,Interval_9,Interval_7,Interval_7
Interval_2,Interval_12,Interval_6,Interval_7,Interval_7,Interval_7
Interval_2,Interval_12,Interval_7,Interval_10,Interval_7,Interval_7
Interval_2,Interval_11,Interval_6,Interval_10,Interval_7,Interval_7
Interval_2,Interval_11,Interval_5,Interval_8,Interval_7,Interval_7
Interval_2,Interval_11,Interval_5,Interval_8,Interval_7,Interval_7
Interval_2,Interval_11,Interval_6,Interval_8,Interval_7,Interval_7
Interval_2,Interval_10,Interval_6,Interval_9,Interval_6,Interval_7
Interval_2,Interval_11,Interval_6,Interval_10,Interval_6,Interval_7
Interval_2,Interval_10,Interval_5,Interval_9,Interval_7,Interval_7
Interval_2,Interval_11,Interval_5,Interval_9,Interval_6,Interval_7
Interval_2,Interval_11,Interval_5,Interval_8,Interval_6,Interval_7
Interval_2,Interval_12,Interval_5,Interval_7,Interval_6,Interval_7
Interval_2,Interval_12,Interval_6,Interval_9,Interval_7,Interval_7
Interval_2,Interval_11,Interval_6,Interval_8,Interval_7,Interval_7
Interval_2,Interval_12,Interval_6,Interval_8,Interval_7,Interval_7
Interval_2,Interval_13,Interval_6,Interval_10,Interval_7,Interval_7
Interval_2,Interval_11,Interval_5,Interval_9,Interval_7,Interval_7
Interval_2,Interval_11,Interval_5,Interval_8,Interval_7,Interval_7
Interval_2,Interval_11,Interval_5,Interval_8,Interval_7,Interval_7
Interval_2,Interval_11,Interval_6,Interval_8,Interval_7,Interval_7
Interval_2,Interval_11,Interval_5,Interval_9,Interval_7,Interval_7
Interval_2,Interval_11,Interval_6,Interval_9,Interval_6,Interval_7
Interval_2,Interval_11,Interval_5,Interval_10,Interval_7,Interval_7
Interval_2,Interval_11,Interval_4,Interval_9,Interval_7,Interval_7
Interval_2,Interval_11,Interval_4,Interval_8,Interval_6,Interval_7
Interval_2,Interval_12,Interval_5,Interval_7,Interval_6,Interval_7
Interval_2,Interval_13,Interval_5,Interval_8,Interval_7,Interval_7
Interval_2,Interval_11,Interval_6,Interval_9,Interval_7,Interval_7
Interval_2,Interval_12,Interval_6,Interval_9,Interval_7,Interval_7
Interval_2,Interval_13,Interval_6,Interval_9,Interval_7,Interval_7
Interval_2,Interval_11,Interval_5,Interval_9,Interval_7,Interval_7
Interval_2,Interval_11,Interval_5,Interval_9,Interval_7,Interval_7
Interval_2,Interval_11,Interval_5,Interval_8,Interval_7,Interval_7
Interval_2,Interval_11,Interval_5,Interval_8,Interval_7,Interval_7
Interval_2,Interval_11,Interval_5,Interval_8,Interval_7,Interval_7
Interval_2,Interval_11,Interval_5,Interval_9,Interval_7,Interval_7
Interval_2,Interval_11,Interval_5,Interval_9,Interval_7,Interval_7
Interval_2,Interval_12,Interval_5,Interval_8,Interval_7,Interval_7
Interval_2,Interval_11,Interval_6,Interval_8,Interval_7,Interval_7
Interval_2,Interval_11,Interval_6,Interval_9,Interval_6,Interval_7
Interval_2,Interval_11,Interval_6,Interval_9,Interval_7,Interval_7
Interval_2,Interval_13,Interval_6,Interval_9,Interval_7,Interval_7
Interval_2,Interval_12,Interval_5,Interval_11,Interval_8,Interval_7
Interval_2,Interval_11,Interval_4,Interval_9,Interval_7,Interval_7
Interval_2,Interval_11,Interval_3,Interval_7,Interval_7,Interval_7
Interval_2,Interval_11,Interval_5,Interval_6,Interval_7,Interval_7
Interval_2,Interval_10,Interval_6,Interval_9,Interval_6,Interval_7
Interval_2,Interval_12,Interval_6,Interval_8,Interval_7,Interval_7
Interval_2,Interval_12,Interval_6,Interval_9,Interval_7,Interval_7
Interval_2,Interval_11,Interval_6,Interval_9,Interval_7,Interval_7
Interval_2,Interval_11,Interval_6,Interval_9,Interval_7,Interval_7
Interval_2,Interval_11,Interval_6,Interval_9,Interval_6,Interval_7
Interval_2,Interval_10,Interval_5,Interval_10,Interval_7,Interval_7
Interval_2,Interval_11,Interval_4,Interval_10,Interval_7,Interval_7
Interval_2,Interval_11,Interval_3,Interval_9,Interval_7,Interval_7
Interval_2,Interval_11,Interval_3,Interval_8,Interval_7,Interval_7
Interval_2,Interval_11,Interval_3,Interval_7,Interval_6,Interval_7
Interval_2,Interval_12,Interval_4,Interval_7,Interval_6,Interval_7
Interval_2,Interval_12,Interval_6,Interval_8,Interval_6,Interval_7
Interval_2,Interval_13,Interval_5,Interval_11,Interval_7,Interval_7
Interval_2,Interval_11,Interval_3,Interval_10,Interval_7,Interval_7
Interval_2,Interval_11,Interval_3,Interval_8,Interval_6,Interval_7
Interval_2,Interval_11,Interval_4,Interval_8,Interval_7,Interval_7
Interval_2,Interval_11,Interval_5,Interval_7,Interval_6,Interval_7
Interval_2,Interval_11,Interval_6,Interval_8,Interval_6,Interval_7
Interval_2,Interval_11,Interval_5,Interval_9,Interval_7,Interval_7
Interval_2,Interval_12,Interval_5,Interval_9,Interval_7,Interval_7
Interval_2,Interval_12,Interval_6,Interval_9,Interval_7,Interval_7
Interval_2,Interval_12,Interval_6,Interval_9,Interval_7,Interval_7
Interval_2,Interval_11,Interval_6,Interval_8,Interval_7,Interval_7
Interval_2,Interval_12,Interval_6,Interval_9,Interval_7,Interval_7
Interval_2,Interval_11,Interval_5,Interval_8,Interval_6,Interval_7
Interval_2,Interval_11,Interval_6,Interval_10,Interval_7,Interval_7
Interval_2,Interval_11,Interval_4,Interval_10,Interval_7,Interval_7
Interval_2,Interval_11,Interval_3,Interval_9,Interval_6,Interval_7
Interval_2,Interval_11,Interval_3,Interval_9,Interval_7,Interval_7
Interval_2,Interval_11,Interval_3,Interval_8,Interval_7,Interval_7
Interval_2,Interval_11,Interval_4,Interval_7,Interval_6,Interval_7
Interval_2,Interval_12,Interval_4,Interval_8,Interval_6,Interval_7
Interval_2,Interval_11,Interval_5,Interval_8,Interval_6,Interval_7
Interval_2,Interval_12,Interval_6,Interval_8,Interval_6,Interval_7
Interval_2,Interval_13,Interval_6,Interval_11,Interval_8,Interval_7
Interval_2,Interval_12,Interval_4,Interval_11,Interval_7,Interval_7
Interval_2,Interval_11,Interval_3,Interval_9,Interval_6,Interval_7
Interval_2,Interval_11,Interval_2,Interval_8,Interval_7,Interval_7
Interval_2,Interval_11,Interval_4,Interval_7,Interval_6,Interval_7
Interval_2,Interval_11,Interval_5,Interval_8,Interval_6,Interval_7
Interval_2,Interval_11,Interval_5,Interval_9,Interval_7,Interval_7
Interval_2,Interval_11,Interval_5,Interval_9,Interval_6,Interval_7
Interval_2,Interval_10,Interval_5,Interval_10,Interval_7,Interval_7
Interval_2,Interval_11,Interval_4,Interval_10,Interval_7,Interval_7
Interval_2,Interval_11,Interval_3,Interval_9,Interval_6,Interval_7
Interval_2,Interval_11,Interval_4,Interval_8,Interval_7,Interval_7
Interval_2,Interval_12,Interval_4,Interval_7,Interval_6,Interval_7
Interval_2,Interval_12,Interval_5,Interval_8,Interval_6,Interval_7
Interval_2,Interval_13,Interval_5,Interval_9,Interval_7,Interval_7
Interval_2,Interval_12,Interval_4,Interval_10,Interval_7,Interval_7
Interval_2,Interval_11,Interval_4,Interval_9,Interval_7,Interval_7
Interval_2,Interval_11,Interval_3,Interval_9,Interval_7,Interval_7
Interval_2,Interval_11,Interval_3,Interval_8,Interval_7,Interval_7
Interval_2,Interval_11,Interval_4,Interval_7,Interval_6,Interval_7
Interval_2,Interval_11,Interval_5,Interval_8,Interval_6,Interval_7
Interval_2,Interval_11,Interval_5,Interval_8,Interval_7,Interval_7
Interval_2,Interval_12,Interval_5,Interval_9,Interval_7,Interval_7
Interval_2,Interval_12,Interval_5,Interval_9,Interval_7,Interval_7
Interval_2,Interval_12,Interval_5,Interval_9,Interval_7,Interval_7
Interval_2,Interval_11,Interval_5,Interval_9,Interval_7,Interval_7
Interval_2,Interval_11,Interval_5,Interval_10,Interval_6,Interval_7
Interval_2,Interval_11,Interval_4,Interval_9,Interval_7,Interval_7
Interval_2,Interval_11,Interval_3,Interval_10,Interval_6,Interval_7
Interval_2,Interval_11,Interval_3,Interval_9,Interval_7,Interval_7
Interval_2,Interval_11,Interval_3,Interval_8,Interval_6,Interval_7
Interval_2,Interval_12,Interval_4,Interval_7,Interval_6,Interval_7
Interval_2,Interval_12,Interval_5,Interval_8,Interval_6,Interval_7
Interval_2,Interval_13,Interval_6,Interval_10,Interval_8,Interval_7
Interval_2,Interval_12,Interval_5,Interval_10,Interval_7,Interval_7
Interval_2,Interval_11,Interval_3,Interval_10,Interval_7,Interval_7
Interval_2,Interval_11,Interval_3,Interval_9,Interval_7,Interval_7
Interval_2,Interval_11,Interval_2,Interval_8,Interval_7,Interval_7
Interval_2,Interval_11,Interval_3,Interval_7,Interval_6,Interval_7
Interval_2,Interval_11,Interval_5,Interval_7,Interval_7,Interval_7
Interval_2,Interval_11,Interval_5,Interval_9,Interval_7,Interval_7
Interval_2,Interval_12,Interval_6,Interval_9,Interval_6,Interval_7
Interval_2,Interval_11,Interval_5,Interval_10,Interval_7,Interval_7
Interval_2,Interval_11,Interval_4,Interval_10,Interval_7,Interval_7
Interval_2,Interval_11,Interval_4,Interval_9,Interval_7,Interval_7
Interval_2,Interval_12,Interval_3,Interval_8,Interval_6,Interval_7
Interval_2,Interval_12,Interval_4,Interval_7,Interval_6,Interval_7
Interval_2,Interval_12,Interval_5,Interval_8,Interval_7,Interval_7
Interval_2,Interval_12,Interval_5,Interval_9,Interval_7,Interval_7
Interval_2,Interval_12,Interval_6,Interval_9,Interval_7,Interval_7
Interval_2,Interval_12,Interval_6,Interval_9,Interval_7,Interval_7
Interval_2,Interval_12,Interval_6,Interval_9,Interval_7,Interval_7
Interval_2,Interval_12,Interval_6,Interval_8,Interval_7,Interval_7
Interval_2,Interval_11,Interval_6,Interval_9,Interval_6,Interval_7
Interval_2,Interval_13,Interval_5,Interval_9,Interval_7,Interval_7
Interval_2,Interval_12,Interval_5,Interval_9,Interval_7,Interval_7
Interval_2,Interval_11,Interval_5,Interval_8,Interval_7,Interval_7
Interval_2,Interval_11,Interval_5,Interval_8,Interval_7,Interval_7
Interval_2,Interval_11,Interval_6,Interval_8,Interval_7,Interval_7
Interval_2,Interval_11,Interval_6,Interval_9,Interval_7,Interval_7
Interval_2,Interval_11,Interval_6,Interval_9,Interval_7,Interval_7
Interval_2,Interval_11,Interval_5,Interval_10,Interval_7,Interval_7
Interval_2,Interval_11,Interval_5,Interval_9,Interval_7,Interval_7
Interval_2,Interval_11,Interval_4,Interval_8,Interval_6,Interval_7
Interval_2,Interval_12,Interval_5,Interval_8,Interval_6,Interval_7
Interval_2,Interval_12,Interval_5,Interval_8,Interval_7,Interval_7
Interval_2,Interval_12,Interval_6,Interval_8,Interval_7,Interval_7
Interval_2,Interval_12,Interval_6,Interval_9,Interval_6,Interval_7
Interval_2,Interval_13,Interval_6,Interval_10,Interval_7,Interval_7
Interval_2,Interval_11,Interval_5,Interval_9,Interval_7,Interval_7
Interval_2,Interval_11,Interval_5,Interval_8,Interval_7,Interval_7
Interval_2,Interval_11,Interval_5,Interval_8,Interval_7,Interval_7
Interval_2,Interval_11,Interval_6,Interval_8,Interval_7,Interval_7
Interval_2,Interval_11,Interval_5,Interval_9,Interval_6,Interval_7
Interval_2,Interval_11,Interval_5,Interval_9,Interval_6,Interval_7
Interval_2,Interval_10,Interval_4,Interval_9,Interval_7,Interval_7
Interval_2,Interval_11,Interval_4,Interval_9,Interval_7,Interval_7
Interval_2,Interval_11,Interval_5,Interval_7,Interval_6,Interval_7
Interval_2,Interval_12,Interval_6,Interval_7,Interval_6,Interval_7
Interval_2,Interval_13,Interval_6,Interval_9,Interval_7,Interval_7
Interval_2,Interval_11,Interval_6,Interval_9,Interval_7,Interval_7
Interval_2,Interval_13,Interval_6,Interval_9,Interval_7,Interval_7
Interval_2,Interval_12,Interval_6,Interval_10,Interval_7,Interval_7
Interval_2,Interval_11,Interval_5,Interval_9,Interval_7,Interval_7
Interval_2,Interval_11,Interval_4,Interval_8,Interval_7,Interval_7
Interval_2,Interval_11,Interval_5,Interval_8,Interval_7,Interval_7
Interval_2,Interval_11,Interval_5,Interval_8,Interval_7,Interval_7
Interval_2,Interval_11,Interval_6,Interval_9,Interval_6,Interval_7
Interval_2,Interval_11,Interval_5,Interval_10,Interval_6,Interval_7
Interval_2,Interval_11,Interval_5,Interval_10,Interval_7,Interval_7
Interval_2,Interval_11,Interval_4,Interval_8,Interval_6,Interval_7
Interval_2,Interval_12,Interval_5,Interval_8,Interval_6,Interval_7
Interval_2,Interval_13,Interval_5,Interval_8,Interval_7,Interval_7
Interval_2,Interval_12,Interval_6,Interval_9,Interval_7,Interval_7
Interval_2,Interval_11,Interval_6,Interval_8,Interval_7,Interval_7
Interval_2,,Interval_5,Interval_9,Interval_7,Interval_7
Interval_2,Interval_12,Interval_5,Interval_9,Interval_7,Interval_7
Interval_2,Interval_11,Interval_5,Interval_9,Interval_7,Interval_7
Interval_2,Interval_11,Interval_4,Interval_8,Interval_7,Interval_7
Interval_2,Interval_11,Interval_4,Interval_8,Interval_7,Interval_7
Interval_2,Interval_11,Interval_6,Interval_7,Interval_8,Interval_7
Interval_2,Interval_11,Interval_6,Interval_9,Interval_6,Interval_7
Interval_2,Interval_11,Interval_6,Interval_9,Interval_6,Interval_7
Interval_2,Interval_11,Interval_5,Interval_10,Interval_6,Interval_7
Interval_2,Interval_11,Interval_4,Interval_9,Interval_7,Interval_7
Interval_2,Interval_11,Interval_4,Interval_8,Interval_6,Interval_7
Interval_2,Interval_12,Interval_5,Interval_7,Interval_6,Interval_7
Interval_2,Interval_13,Interval_5,Interval_8,Interval_7,Interval_7
Interval_2,Interval_11,Interval_6,Interval_9,Interval_7,Interval_7
Interval_2,Interval_12,Interval_5,Interval_8,Interval_7,Interval_7
Interval_2,Interval_13,Interval_5,Interval_10,Interval_7,Interval_7
Interval_2,Interval_11,Interval_5,Interval_8,Interval_7,Interval_7
Interval_2,Interval_11,Interval_5,Interval_9,Interval_7,Interval_7
Interval_2,Interval_11,Interval_5,Interval_9,Interval_7,Interval_7
Interval_2,Interval_11,Interval_4,Interval_8,Interval_7,Interval_7
Interval_2,Interval_11,Interval_5,Interval_8,Interval_7,Interval_7
Interval_2,Interval_11,Interval_6,Interval_8,Interval_7,Interval_7
Interval_2,Interval_11,Interval_5,Interval_9,Interval_7,Interval_7
Interval_2,Interval_11,Interval_5,Interval_9,Interval_6,Interval_7
Interval_2,Interval_11,Interval_4,Interval_9,Interval_7,Interval_7
Interval_2,Interval_11,Interval_4,Interval_9,Interval_7,Interval_7
Interval_2,Interval_11,Interval_4,Interval_8,Interval_6,Interval_7
Interval_2,Interval_12,Interval_5,Interval_8,Interval_6,Interval_7
Interval_2,Interval_12,Interval_5,Interval_8,Interval_7,Interval_7
Interval_2,Interval_12,Interval_6,Interval_9,Interval_7,Interval_7
Interval_2,Interval_11,Interval_6,Interval_9,Interval_7,Interval_7
Interval_2,Interval_12,Interval_7,Interval_9,Interval_7,Interval_7
Interval_2,Interval_13,Interval_6,Interval_10,Interval_7,Interval_7
Interval_2,Interval_12,Interval_5,Interval_11,Interval_8,Interval_7
Interval_2,Interval_11,Interval_4,Interval_9,Interval_7,Interval_7
Interval_2,Interval_10,Interval_4,Interval_9,Interval_7,Interval_7
Interval_2,Interval_11,Interval_4,Interval_8,Interval_7,Interval_7
Interval_2,Interval_11,Interval_4,Interval_8,Interval_6,Interval_7
Interval_2,Interval_11,Interval_5,Interval_8,Interval_8,Interval_7
Interval_2,Interval_11,Interval_5,Interval_9,Interval_6,Interval_7
Interval_2,Interval_11,Interval_5,Interval_9,Interval_6,Interval_7
Interval_2,Interval_11,Interval_5,Interval_10,Interval_7,Interval_7
Interval_2,Interval_11,Interval_3,Interval_10,Interval_6,Interval_7
Interval_2,Interval_11,Interval_3,Interval_9,Interval_7,Interval_7
Interval_2,Interval_11,Interval_3,Interval_8,Interval_6,Interval_7
Interval_2,Interval_11,Interval_4,Interval_8,Interval_6,Interval_7
Interval_2,Interval_12,Interval_4,Interval_7,Interval_7,Interval_7
Interval_2,Interval_13,Interval_4,Interval_9,Interval_7,Interval_7
Interval_2,Interval_13,Interval_3,Interval_11,Interval_7,Interval_7
Interval_2,Interval_11,Interval_2,Interval_9,Interval_7,Interval_7
Interval_2,Interval_11,Interval_3,Interval_7,Interval_6,Interval_7
Interval_2,Interval_10,Interval_4,Interval_7,Interval_7,Interval_7
Interval_2,Interval_11,Interval_4,Interval_9,Interval_7,Interval_7
Interval_2,Interval_10,Interval_5,Interval_10,Interval_6,Interval_7
Interval_2,Interval_11,Interval_3,Interval_10,Interval_7,Interval_7
Interval_2,Interval_11,Interval_3,Interval_8,Interval_7,Interval_7
Interval_2,Interval_12,Interval_4,Interval_7,Interval_6,Interval_7
Interval_2,Interval_12,Interval_5,Interval_7,Interval_6,Interval_7
Interval_2,,Interval_6,Interval_11,Interval_8,Interval_7
Interval_2,Interval_12,Interval_3,Interval_11,Interval_7,Interval_7
Interval_2,Interval_11,Interval_3,Interval_8,Interval_7,Interval_7
Interval_2,Interval_11,Interval_3,Interval_7,Interval_7,Interval_7
Interval_2,Interval_11,Interval_5,Interval_7,Interval_7,Interval_7
Interval_2,Interval_10,Interval_5,Interval_9,Interval_6,Interval_7
Interval_2,Interval_10,Interval_5,Interval_11,Interval_7,Interval_7
Interval_2,Interval_11,Interval_3,Interval_9,Interval_7,Interval_7
Interval_2,Interval_11,Interval_3,Interval_8,Interval_7,Interval_7
Interval_2,Interval_12,Interval_3,Interval_7,Interval_6,Interval_7
Interval_2,Interval_12,Interval_5,Interval_7,Interval_6,Interval_7
Interval_2,Interval_13,Interval_5,Interval_10,Interval_8,Interval_7
Interval_2,Interval_12,Interval_4,Interval_11,Interval_7,Interval_7
Interval_2,Interval_11,Interval_3,Interval_9,Interval_6,Interval_7
Interval_2,Interval_11,Interval_3,Interval_8,Interval_7,Interval_7
Interval_2,Interval_11,Interval_3,Interval_6,Interval_7,Interval_7
Interval_2,Interval_10,Interval_4,Interval_8,Interval_7,Interval_7
Interval_2,Interval_11,Interval_5,Interval_9,Interval_6,Interval_7
Interval_2,Interval_9,Interval_5,Interval_11,Interval_8,Interval_7
Interval_2,Interval_11,Interval_3,Interval_9,Interval_6,Interval_7
Interval_2,Interval_11,Interval_3,Interval_8,Interval_7,Interval_7
Interval_2,Interval_12,Interval_4,Interval_7,Interval_6,Interval_7
Interval_2,Interval_12,Interval_5,Interval_8,Interval_6,Interval_7
Interval_2,Interval_13,Interval_5,Interval_11,Interval_8,Interval_7
Interval_2,Interval_11,Interval_4,Interval_10,Interval_7,Interval_7
Interval_2,Interval_11,Interval_3,Interval_9,Interval_7,Interval_7
Interval_2,Interval_11,Interval_3,Interval_8,Interval_6,Interval_7
Interval_2,Interval_11,Interval_3,Interval_7,Interval_7,Interval_7
Interval_2,Interval_10,Interval_5,Interval_7,Interval_6,Interval_7
Interval_2,Interval_11,Interval_5,Interval_8,Interval_7,Interval_7
Interval_2,Interval_11,Interval_5,Interval_9,Interval_7,Interval_7
Interval_2,Interval_12,Interval_5,Interval_9,Interval_7,Interval_7
Interval_2,Interval_11,Interval_5,Interval_9,Interval_6,Interval_7
Interval_2,Interval_10,Interval_5,Interval_10,Interval_7,Interval_7
Interval_2,Interval_11,Interval_4,Interval_10,Interval_7,Interval_7
Interval_2,Interval_11,Interval_2,Interval_9,Interval_7,Interval_7
Interval_2,Interval_11,Interval_3,Interval_7,Interval_6,Interval_7
Interval_2,Interval_12,Interval_3,Interval_8,Interval_6,Interval_7
Interval_2,Interval_12,Interval_4,Interval_8,Interval_7,Interval_7
Interval_2,Interval_12,Interval_4,Interval_8,Interval_6,Interval_7
Interval_2,Interval_12,Interval_6,Interval_9,Interval_7,Interval_7
Interval_2,Interval_11,Interval_6,Interval_9,Interval_7,Interval_7
Interval_2,Interval_12,Interval_6,Interval_8,Interval_7,Interval_7
Interval_2,,Interval_5,Interval_12,Interval_8,Interval_7
Interval_2,Interval_11,Interval_3,Interval_9,Interval_6,Interval_7
Interval_2,Interval_10,Interval_4,Interval_7,Interval_7,Interval_7
Interval_2,Interval_11,Interval_5,Interval_7,Interval_7,Interval_7
Interval_2,Interval_10,Interval_5,Interval_8,Interval_8,Interval_7
Interval_2,Interval_11,Interval_5,Interval_9,Interval_6,Interval_7
Interval_2,Interval_10,Interval_5,Interval_10,Interval_7,Interval_7
Interval_2,Interval_11,Interval_4,Interval_10,Interval_7,Interval_7
Interval_2,Interval_11,Interval_3,Interval_8,Interval_6,Interval_7
Interval_2,Interval_11,Interval_4,Interval_6,Interval_6,Interval_7
Interval_2,Interval_13,Interval_6,Interval_7,Interval_6,Interval_7
Interval_2,,Interval_5,Interval_12,Interval_8,Interval_7
Interval_2,Interval_11,Interval_4,Interval_9,Interval_7,Interval_7
Interval_2,Interval_10,Interval_4,Interval_7,Interval_6,Interval_7
Interval_2,Interval_7,Interval_5,Interval_10,Interval_7,Interval_7
Interval_2,Interval_11,Interval_4,Interval_9,Interval_7,Interval_7
Interval_2,Interval_12,Interval_4,Interval_7,Interval_6,Interval_7
Interval_2,Interval_12,Interval_5,Interval_8,Interval_6,Interval_7
Interval_2,,Interval_4,Interval_11,Interval_8,Interval_7
Interval_2,Interval_12,Interval_3,Interval_10,Interval_6,Interval_7
Interval_2,Interval_11,Interval_3,Interval_7,Interval_6,Interval_7
Interval_2,Interval_10,Interval_5,Interval_6,Interval_7,Interval_7
Interval_2,Interval_9,Interval_5,Interval_11,Interval_7,Interval_7
Interval_2,Interval_10,Interval_4,Interval_10,Interval_7,Interval_7
Interval_2,Interval_11,Interval_3,Interval_8,Interval_6,Interval_7
Interval_2,Interval_12,Interval_4,Interval_6,Interval_5,Interval_7
Interval_2,,Interval_5,Interval_9,Interval_7,Interval_7
Interval_2,Interval_12,Interval_4,Interval_11,Interval_8,Interval_7
Interval_2,Interval_11,Interval_3,Interval_9,Interval_7,Interval_7
Interval_2,Interval_11,Interval_3,Interval_7,Interval_6,Interval_7
Interval_2,Interval_10,Interval_5,Interval_8,Interval_6,Interval_7
Interval_2,Interval_10,Interval_5,Interval_10,Interval_7,Interval_7
Interval_2,Interval_11,Interval_4,Interval_9,Interval_6,Interval_7
Interval_2,Interval_11,Interval_4,Interval_7,Interval_6,Interval_7
Interval_2,Interval_13,Interval_6,Interval_7,Interval_6,Interval_7
Interval_2,,Interval_7,Interval_11,Interval_7,Interval_7
Interval_2,Interval_12,Interval_5,Interval_11,Interval_8,Interval_7
Interval_2,Interval_11,Interval_3,Interval_8,Interval_7,Interval_7
Interval_2,Interval_11,Interval_4,Interval_7,Interval_6,Interval_7
Interval_2,Interval_10,Interval_5,Interval_8,Interval_7,Interval_7
Interval_2,Interval_12,Interval_6,Interval_9,Interval_7,Interval_7
Interval_2,Interval_11,Interval_5,Interval_10,Interval_7,Interval_7
Interval_2,Interval_10,Interval_4,Interval_11,Interval_8,Interval_7
Interval_2,Interval_11,Interval_3,Interval_8,Interval_6,Interval_7
Interval_2,Interval_11,Interval_4,Interval_7,Interval_7,Interval_7
Interval_2,Interval_12,Interval_4,Interval_6,Interval_6,Interval_7
Interval_2,,Interval_6,Interval_10,Interval_7,Interval_7
Interval_2,Interval_12,Interval_5,Interval_11,Interval_8,Interval_7
Interval_2,Interval_11,Interval_4,Interval_9,Interval_7,Interval_7
Interval_2,Interval_11,Interval_3,Interval_8,Interval_6,Interval_7
Interval_2,Interval_11,Interval_5,Interval_7,Interval_6,Interval_7
Interval_2,Interval_10,Interval_5,Interval_9,Interval_7,Interval_7
Interval_2,Interval_10,Interval_5,Interval_11,Interval_7,Interval_7
Interval_2,Interval_11,Interval_3,Interval_9,Interval_6,Interval_7
Interval_2,Interval_11,Interval_3,Interval_7,Interval_6,Interval_7
Interval_2,Interval_12,Interval_5,Interval_7,Interval_6,Interval_7
Interval_2,Interval_13,Interval_6,Interval_8,Interval_6,Interval_7
Interval_2,Interval_13,Interval_5,Interval_12,Interval_8,Interval_7
Interval_2,Interval_11,Interval_4,Interval_8,Interval_7,Interval_7
Interval_2,Interval_10,Interval_3,Interval_8,Interval_7,Interval_7
Interval_2,Interval_11,Interval_4,Interval_7,Interval_6,Interval_7
Interval_2,Interval_10,Interval_5,Interval_8,Interval_7,Interval_7
Interval_2,Interval_12,Interval_5,Interval_9,Interval_7,Interval_7
Interval_2,Interval_11,Interval_5,Interval_9,Interval_7,Interval_7
Interval_2,Interval_11,Interval_5,Interval_9,Interval_6,Interval_7
Interval_2,Interval_10,Interval_4,Interval_10,Interval_7,Interval_7
Interval_2,Interval_11,Interval_4,Interval_9,Interval_7,Interval_7
Interval_2,Interval_12,Interval_4,Interval_8,Interval_6,Interval_7
Interval_2,Interval_12,Interval_4,Interval_8,Interval_6,Interval_7
Interval_2,Interval_12,Interval_5,Interval_8,Interval_6,Interval_7
Interval_2,,Interval_4,Interval_11,Interval_8,Interval_7
Interval_2,Interval_11,Interval_3,Interval_9,Interval_7,Interval_7
Interval_2,Interval_11,Interval_3,Interval_8,Interval_5,Interval_7
Interval_2,Interval_11,Interval_4,Interval_7,Interval_6,Interval_7
Interval_2,Interval_10,Interval_5,Interval_9,Interval_7,Interval_7
Interval_2,Interval_12,Interval_4,Interval_9,Interval_7,Interval_7
Interval_2,Interval_10,Interval_5,Interval_9,Interval_7,Interval_7
Interval_2,Interval_11,Interval_4,Interval_10,Interval_7,Interval_7
Interval_2,Interval_11,Interval_4,Interval_9,Interval_7,Interval_7
Interval_2,Interval_12,Interval_4,Interval_7,Interval_6,Interval_7
Interval_2,Interval_12,Interval_5,Interval_7,Interval_6,Interval_7
Interval_2,Interval_13,Interval_4,Interval_12,Interval_8,Interval_7
Interval_2,Interval_11,Interval_3,Interval_9,Interval_6,Interval_7
Interval_2,Interval_11,Interval_3,Interval_7,Interval_6,Interval_7
Interval_2,Interval_11,Interval_4,Interval_6,Interval_7,Interval_7
Interval_2,Interval_10,Interval_5,Interval_9,Interval_7,Interval_7
Interval_2,Interval_12,Interval_5,Interval_9,Interval_6,Interval_7
Interval_2,Interval_11,Interval_5,Interval_9,Interval_7,Interval_7
Interval_2,Interval_11,Interval_5,Interval_9,Interval_6,Interval_7
Interval_2,Interval_10,Interval_5,Interval_10,Interval_8,Interval_7
Interval_2,Interval_12,Interval_4,Interval_9,Interval_7,Interval_7
Interval_2,Interval_11,Interval_4,Interval_7,Interval_6,Interval_7
Interval_2,Interval_12,Interval_4,Interval_7,Interval_6,Interval_7
Interval_2,Interval_13,Interval_6,Interval_10,Interval_7,Interval_7
Interval_2,Interval_12,Interval_4,Interval_11,Interval_8,Interval_7
Interval_2,Interval_11,Interval_3,Interval_8,Interval_7,Interval_7
Interval_2,Interval_10,Interval_3,Interval_9,Interval_7,Interval_7
Interval_2,Interval_11,Interval_3,Interval_8,Interval_6,Interval_7
Interval_2,Interval_12,Interval_4,Interval_6,Interval_7,Interval_8
Interval_2,Interval_9,Interval_4,Interval_10,Interval_6,Interval_7
Interval_2,Interval_10,Interval_4,Interval_10,Interval_7,Interval_7
Interval_2,Interval_11,Interval_4,Interval_7,Interval_6,Interval_7
Interval_2,Interval_13,Interval_4,Interval_6,Interval_6,Interval_7
Interval_2,Interval_13,Interval_6,Interval_9,Interval_6,Interval_7
Interval_2,Interval_11,Interval_6,Interval_8,Interval_6,Interval_7
Interval_2,Interval_12,Interval_6,Interval_9,Interval_7,Interval_7
Interval_2,Interval_11,Interval_6,Interval_9,Interval_7,Interval_7
Interval_2,Interval_12,Interval_6,Interval_9,Interval_7,Interval_7
Interval_2,Interval_11,Interval_6,Interval_9,Interval_7,Interval_7
Interval_2,Interval_12,Interval_6,Interval_9,Interval_7,Interval_7
Interval_2,Interval_13,Interval_5,Interval_10,Interval_7,Interval_7
Interval_2,Interval_11,Interval_5,Interval_8,Interval_7,Interval_7
Interval_2,Interval_11,Interval_5,Interval_8,Interval_7,Interval_7
Interval_2,Interval_11,Interval_6,Interval_8,Interval_7,Interval_7
Interval_2,Interval_10,Interval_5,Interval_9,Interval_6,Interval_7
Interval_2,Interval_11,Interval_5,Interval_10,Interval_7,Interval_7
Interval_2,Interval_11,Interval_4,Interval_9,Interval_7,Interval_7
Interval_2,Interval_11,Interval_4,Interval_8,Interval_6,Interval_7
Interval_2,Interval_12,Interval_5,Interval_8,Interval_6,Interval_7
Interval_2,Interval_13,Interval_5,Interval_8,Interval_7,Interval_7
Interval_2,,Interval_6,Interval_10,Interval_7,Interval_7
Interval_2,Interval_12,Interval_5,Interval_9,Interval_7,Interval_7
Interval_2,Interval_11,Interval_5,Interval_8,Interval_7,Interval_7
Interval_2,Interval_11,Interval_5,Interval_8,Interval_6,Interval_7
Interval_2,Interval_10,Interval_5,Interval_9,Interval_7,Interval_7
Interval_2,Interval_10,Interval_5,Interval_9,Interval_6,Interval_7
Interval_2,Interval_11,Interval_4,Interval_9,Interval_7,Interval_7
Interval_2,Interval_11,Interval_4,Interval_8,Interval_6,Interval_7
Interval_2,Interval_12,Interval_5,Interval_8,Interval_6,Interval_7
Interval_2,Interval_13,Interval_5,Interval_8,Interval_7,Interval_7
Interval_2,Interval_13,Interval_6,Interval_10,Interval_7,Interval_7
Interval_2,Interval_11,Interval_5,Interval_9,Interval_7,Interval_7
Interval_2,Interval_11,Interval_5,Interval_8,Interval_6,Interval_7
Interval_2,Interval_11,Interval_5,Interval_8,Interval_7,Interval_7
Interval_2,Interval_11,Interval_5,Interval_9,Interval_7,Interval_7
Interval_2,Interval_10,Interval_5,Interval_9,Interval_7,Interval_7
Interval_2,Interval_11,Interval_4,Interval_9,Interval_7,Interval_7
Interval_2,Interval_11,Interval_4,Interval_8,Interval_7,Interval_7
Interval_2,Interval_11,Interval_5,Interval_8,Interval_6,Interval_7
Interval_2,Interval_12,Interval_5,Interval_8,Interval_7,Interval_7
Interval_2,,Interval_4,Interval_9,Interval_7,Interval_7
Interval_2,Interval_12,Interval_5,Interval_10,Interval_7,Interval_7
Interval_2,Interval_11,Interval_4,Interval_8,Interval_7,Interval_7
Interval_2,Interval_11,Interval_5,Interval_7,Interval_7,Interval_7
Interval_2,Interval_11,Interval_5,Interval_9,Interval_7,Interval_7
Interval_2,Interval_10,Interval_5,Interval_10,Interval_6,Interval_7
Interval_2,Interval_11,Interval_4,Interval_10,Interval_7,Interval_7
Interval_2,Interval_11,Interval_4,Interval_9,Interval_6,Interval_7
Interval_2,Interval_11,Interval_4,Interval_8,Interval_6,Interval_7
Interval_2,Interval_12,Interval_5,Interval_7,Interval_6,Interval_7
Interval_2,,Interval_6,Interval_10,Interval_7,Interval_7
Interval_2,Interval_12,Interval_5,Interval_10,Interval_7,Interval_7
Interval_2,Interval_11,Interval_5,Interval_8,Interval_7,Interval_7
Interval_2,Interval_11,Interval_5,Interval_8,Interval_7,Interval_7
Interval_2,Interval_11,Interval_5,Interval_8,Interval_7,Interval_7
Interval_2,Interval_10,Interval_4,Interval_9,Interval_6,Interval_7
Interval_2,Interval_11,Interval_4,Interval_9,Interval_7,Interval_7
Interval_2,Interval_11,Interval_4,Interval_9,Interval_7,Interval_7
Interval_2,Interval_11,Interval_4,Interval_8,Interval_6,Interval_7
Interval_2,Interval_12,Interval_4,Interval_8,Interval_6,Interval_7
Interval_2,Interval_13,Interval_5,Interval_8,Interval_7,Interval_7
Interval_2,,Interval_4,Interval_10,Interval_7,Interval_7
Interval_2,Interval_11,Interval_4,Interval_9,Interval_7,Interval_7
Interval_2,Interval_11,Interval_5,Interval_8,Interval_7,Interval_7
Interval_2,Interval_10,Interval_5,Interval_9,Interval_7,Interval_7
Interval_2,Interval_10,Interval_4,Interval_9,Interval_6,Interval_7
Interval_2,Interval_11,Interval_4,Interval_9,Interval_7,Interval_7
Interval_2,Interval_11,Interval_4,Interval_8,Interval_7,Interval_7
Interval_2,Interval_12,Interval_5,Interval_8,Interval_6,Interval_7
Interval_2,Interval_13,Interval_5,Interval_7,Interval_7,Interval_7
Interval_2,Interval_13,Interval_6,Interval_10,Interval_7,Interval_7
Interval_2,Interval_12,Interval_5,Interval_10,Interval_7,Interval_7
Interval_2,Interval_11,Interval_4,Interval_9,Interval_7,Interval_7
Interval_2,Interval_11,Interval_4,Interval_8,Interval_7,Interval_7
Interval_2,Interval_11,Interval_4,Interval_8,Interval_7,Interval_7
Interval_2,Interval_10,Interval_4,Interval_9,Interval_6,Interval_7
Interval_2,Interval_10,Interval_4,Interval_10,Interval_7,Interval_7
Interval_2,Interval_11,Interval_4,Interval_9,Interval_7,Interval_7
Interval_2,Interval_11,Interval_4,Interval_7,Interval_6,Interval_7
Interval_2,Interval_12,Interval_5,Interval_7,Interval_6,Interval_7
Interval_2,,Interval_6,Interval_9,Interval_7,Interval_7
Interval_2,Interval_12,Interval_5,Interval_10,Interval_7,Interval_7
Interval_2,Interval_11,Interval_5,Interval_9,Interval_7,Interval_7
Interval_2,Interval_11,Interval_4,Interval_8,Interval_7,Interval_7
Interval_2,Interval_11,Interval_5,Interval_8,Interval_7,Interval_7
Interval_2,Interval_10,Interval_4,Interval_9,Interval_7,Interval_7
Interval_2,Interval_10,Interval_5,Interval_9,Interval_6,Interval_7
Interval_2,Interval_11,Interval_4,Interval_9,Interval_7,Interval_7
Interval_2,Interval_11,Interval_4,Interval_8,Interval_6,Interval_7
Interval_2,Interval_12,Interval_4,Interval_8,Interval_6,Interval_7
Interval_2,Interval_13,Interval_4,Interval_8,Interval_7,Interval_7
Interval_2,Interval_13,Interval_5,Interval_9,Interval_7,Interval_7
Interval_2,Interval_11,Interval_5,Interval_9,Interval_7,Interval_7
Interval_2,Interval_11,Interval_4,Interval_8,Interval_7,Interval_7
Interval_2,Interval_11,Interval_5,Interval_8,Interval_6,Interval_7
Interval_2,Interval_11,Interval_5,Interval_9,Interval_7,Interval_7
Interval_2,Interval_10,Interval_5,Interval_9,Interval_6,Interval_7
Interval_2,Interval_11,Interval_4,Interval_9,Interval_7,Interval_7
Interval_2,Interval_11,Interval_4,Interval_8,Interval_6,Interval_7
Interval_2,Interval_12,Interval_5,Interval_7,Interval_6,Interval_7
Interval_2,Interval_13,Interval_6,Interval_8,Interval_7,Interval_7
Interval_2,,Interval_7,Interval_10,Interval_7,Interval_7
Interval_2,Interval_12,Interval_5,Interval_10,Interval_7,Interval_7
Interval_2,Interval_11,Interval_5,Interval_8,Interval_7,Interval_7
Interval_2,Interval_11,Interval_5,Interval_8,Interval_7,Interval_7
Interval_2,Interval_11,Interval_5,Interval_8,Interval_7,Interval_7
Interval_2,Interval_10,Interval_5,Interval_9,Interval_7,Interval_7
Interval_2,Interval_10,Interval_5,Interval_10,Interval_6,Interval_7
Interval_2,Interval_11,Interval_4,Interval_10,Interval_7,Interval_7
Interval_2,Interval_11,Interval_3,Interval_9,Interval_6,Interval_7
Interval_2,Interval_11,Interval_3,Interval_7,Interval_6,Interval_7
Interval_2,Interval_13,Interval_4,Interval_8,Interval_7,Interval_7
Interval_2,Interval_12,Interval_5,Interval_9,Interval_7,Interval_7
Interval_2,Interval_12,Interval_5,Interval_8,Interval_7,Interval_7
Interval_2,Interval_12,Interval_6,Interval_9,Interval_7,Interval_7
Interval_2,Interval_11,Interval_5,Interval_8,Interval_7,Interval_7
Interval_2,Interval_12,Interval_5,Interval_9,Interval_6,Interval_7
Interval_2,Interval_11,Interval_6,Interval_8,Interval_7,Interval_7
Interval_2,,Interval_4,Interval_10,Interval_7,Interval_7
Interval_2,Interval_12,Interval_3,Interval_10,Interval_7,Interval_7
Interval_2,Interval_10,Interval_3,Interval_8,Interval_6,Interval_7
Interval_2,Interval_10,Interval_4,Interval_6,Interval_6,Interval_7
Interval_2,Interval_10,Interval_5,Interval_9,Interval_7,Interval_7
Interval_2,Interval_12,Interval_6,Interval_8,Interval_6,Interval_7
Interval_2,Interval_8,Interval_5,Interval_11,Interval_7,Interval_7
Interval_2,Interval_11,Interval_4,Interval_10,Interval_7,Interval_7
Interval_2,Interval_12,Interval_3,Interval_8,Interval_6,Interval_7
Interval_2,Interval_12,Interval_4,Interval_7,Interval_6,Interval_7
Interval_2,,Interval_5,Interval_10,Interval_8,Interval_7
Interval_2,Interval_12,Interval_3,Interval_11,Interval_7,Interval_7
Interval_2,Interval_11,Interval_3,Interval_8,Interval_6,Interval_7
Interval_2,Interval_11,Interval_3,Interval_7,Interval_6,Interval_7
Interval_2,Interval_10,Interval_4,Interval_8,Interval_7,Interval_7
Interval_2,Interval_11,Interval_4,Interval_8,Interval_7,Interval_7
Interval_2,Interval_11,Interval_5,Interval_9,Interval_7,Interval_7
Interval_2,Interval_11,Interval_5,Interval_9,Interval_6,Interval_7
Interval_2,Interval_10,Interval_4,Interval_10,Interval_7,Interval_7
Interval_2,Interval_11,Interval_3,Interval_9,Interval_7,Interval_7
Interval_2,Interval_11,Interval_2,Interval_8,Interval_7,Interval_7
Interval_2,Interval_11,Interval_3,Interval_8,Interval_7,Interval_7
Interval_2,Interval_12,Interval_4,Interval_7,Interval_6,Interval_7
Interval_2,Interval_13,Interval_3,Interval_10,Interval_7,Interval_7
Interval_2,Interval_12,Interval_2,Interval_10,Interval_7,Interval_7
Interval_2,Interval_11,Interval_3,Interval_8,Interval_6,Interval_7
Interval_2,Interval_11,Interval_4,Interval_7,Interval_6,Interval_7
Interval_2,Interval_10,Interval_5,Interval_8,Interval_7,Interval_7
Interval_2,Interval_11,Interval_5,Interval_9,Interval_7,Interval_7
Interval_2,Interval_11,Interval_4,Interval_9,Interval_6,Interval_7
Interval_2,Interval_10,Interval_4,Interval_10,Interval_7,Interval_7
Interval_2,Interval_11,Interval_4,Interval_10,Interval_7,Interval_7
Interval_2,Interval_11,Interval_3,Interval_8,Interval_7,Interval_7
Interval_2,Interval_11,Interval_3,Interval_8,Interval_6,Interval_7
Interval_2,Interval_12,Interval_4,Interval_7,Interval_6,Interval_7
Interval_2,Interval_13,Interval_4,Interval_9,Interval_7,Interval_7
Interval_2,Interval_13,Interval_3,Interval_11,Interval_8,Interval_7
Interval_2,Interval_11,Interval_3,Interval_8,Interval_7,Interval_7
Interval_2,Interval_10,Interval_3,Interval_7,Interval_6,Interval_7
Interval_2,Interval_10,Interval_4,Interval_8,Interval_6,Interval_7
Interval_2,Interval_11,Interval_4,Interval_9,Interval_7,Interval_7
Interval_2,Interval_11,Interval_4,Interval_9,Interval_6,Interval_7
Interval_2,Interval_12,Interval_4,Interval_9,Interval_7,Interval_7
Interval_2,Interval_11,Interval_4,Interval_9,Interval_6,Interval_7
Interval_2,Interval_10,Interval_4,Interval_10,Interval_7,Interval_7
Interval_2,Interval_11,Interval_3,Interval_9,Interval_8,Interval_7
Interval_2,Interval_11,Interval_2,Interval_8,Interval_6,Interval_7
Interval_2,Interval_11,Interval_4,Interval_7,Interval_6,Interval_7
Interval_2,Interval_13,Interval_4,Interval_9,Interval_7,Interval_7
Interval_2,Interval_12,Interval_3,Interval_11,Interval_7,Interval_7
Interval_2,Interval_11,Interval_3,Interval_8,Interval_7,Interval_7
Interval_2,Interval_10,Interval_3,Interval_8,Interval_7,Interval_7
Interval_2,Interval_11,Interval_4,Interval_7,Interval_6,Interval_7
Interval_2,Interval_10,Interval_5,Interval_9,Interval_7,Interval_7
Interval_2,Interval_11,Interval_5,Interval_9,Interval_7,Interval_7
Interval_2,Interval_11,Interval_4,Interval_9,Interval_7,Interval_7
Interval_2,Interval_10,Interval_4,Interval_11,Interval_7,Interval_7
Interval_2,Interval_11,Interval_3,Interval_9,Interval_7,Interval_7
Interval_2,Interval_11,Interval_2,Interval_8,Interval_7,Interval_7
Interval_2,Interval_11,Interval_3,Interval_8,Interval_6,Interval_7
Interval_2,Interval_12,Interval_4,Interval_7,Interval_6,Interval_7
Interval_2,Interval_13,Interval_4,Interval_9,Interval_7,Interval_7
Interval_2,Interval_12,Interval_3,Interval_10,Interval_7,Interval_7
Interval_2,Interval_11,Interval_3,Interval_8,Interval_7,Interval_7
Interval_2,Interval_11,Interval_4,Interval_7,Interval_7,Interval_7
Interval_2,Interval_11,Interval_4,Interval_8,Interval_7,Interval_7
Interval_2,Interval_10,Interval_5,Interval_9,Interval_7,Interval_7
Interval_2,Interval_12,Interval_4,Interval_8,Interval_7,Interval_7
Interval_2,Interval_11,Interval_5,Interval_8,Interval_7,Interval_7
Interval_2,Interval_11,Interval_5,Interval_9,Interval_7,Interval_7
Interval_2,Interval_12,Interval_5,Interval_8,Interval_7,Interval_7
Interval_2,Interval_11,Interval_5,Interval_9,Interval_7,Interval_7
Interval_2,Interval_11,Interval_5,Interval_9,Interval_7,Interval_7
Interval_2,Interval_10,Interval_4,Interval_10,Interval_7,Interval_7
Interval_2,Interval_11,Interval_4,Interval_9,Interval_7,Interval_7
Interval_2,Interval_11,Interval_3,Interval_8,Interval_7,Interval_7
Interval_2,Interval_11,Interval_3,Interval_8,Interval_7,Interval_7
Interval_2,Interval_11,Interval_3,Interval_7,Interval_6,Interval_7
Interval_2,Interval_12,Interval_4,Interval_8,Interval_7,Interval_7
Interval_2,Interval_13,Interval_3,Interval_11,Interval_8,Interval_7
Interval_2,Interval_11,Interval_3,Interval_9,Interval_7,Interval_7
Interval_2,Interval_11,Interval_2,Interval_8,Interval_6,Interval_7
Interval_2,Interval_11,Interval_3,Interval_8,Interval_6,Interval_7
Interval_2,Interval_9,Interval_4,Interval_9,Interval_7,Interval_7
Interval_2,Interval_10,Interval_3,Interval_9,Interval_7,Interval_7
Interval_2,Interval_11,Interval_3,Interval_8,Interval_6,Interval_7
Interval_2,Interval_11,Interval_4,Interval_8,Interval_6,Interval_7
Interval_2,Interval_12,Interval_5,Interval_7,Interval_6,Interval_7
Interval_2,Interval_13,Interval_4,Interval_10,Interval_7,Interval_7
Interval_2,Interval_12,Interval_4,Interval_10,Interval_7,Interval_7
Interval_2,Interval_11,Interval_3,Interval_9,Interval_7,Interval_7
Interval_2,Interval_11,Interval_3,Interval_8,Interval_6,Interval_7
Interval_2,Interval_11,Interval_4,Interval_7,Interval_7,Interval_7
Interval_2,Interval_10,Interval_5,Interval_9,Interval_6,Interval_7
Interval_2,Interval_11,Interval_5,Interval_9,Interval_7,Interval_7
Interval_2,Interval_11,Interval_4,Interval_10,Interval_7,Interval_7
Interval_2,Interval_11,Interval_3,Interval_9,Interval_7,Interval_7
Interval_2,Interval_11,Interval_3,Interval_8,Interval_6,Interval_7
Interval_2,Interval_11,Interval_4,Interval_7,Interval_6,Interval_7
Interval_2,Interval_12,Interval_5,Interval_8,Interval_6,Interval_7
Interval_2,Interval_13,Interval_4,Interval_11,Interval_9,Interval_7
Interval_2,Interval_11,Interval_3,Interval_9,Interval_7,Interval_7
Interval_2,Interval_11,Interval_2,Interval_8,Interval_6,Interval_7
Interval_2,Interval_11,Interval_3,Interval_7,Interval_6,Interval_7
Interval_2,Interval_10,Interval_5,Interval_8,Interval_7,Interval_7
Interval_2,Interval_12,Interval_5,Interval_9,Interval_7,Interval_7
Interval_2,Interval_11,Interval_5,Interval_9,Interval_7,Interval_7
Interval_2,Interval_11,Interval_5,Interval_9,Interval_6,Interval_7
Interval_2,Interval_11,Interval_5,Interval_9,Interval_7,Interval_7
Interval_2,Interval_10,Interval_4,Interval_10,Interval_7,Interval_7
Interval_2,Interval_11,Interval_4,Interval_9,Interval_7,Interval_7
Interval_2,Interval_11,Interval_3,Interval_8,Interval_7,Interval_7
Interval_2,Interval_12,Interval_4,Interval_7,Interval_6,Interval_7
Interval_2,Interval_12,Interval_5,Interval_7,Interval_6,Interval_7
Interval_2,Interval_13,Interval_6,Interval_10,Interval_6,Interval_7
Interval_2,Interval_12,Interval_5,Interval_11,Interval_8,Interval_7
Interval_2,Interval_11,Interval_3,Interval_10,Interval_7,Interval_7
Interval_2,Interval_11,Interval_3,Interval_9,Interval_6,Interval_7
Interval_2,Interval_11,Interval_3,Interval_8,Interval_7,Interval_7
Interval_2,Interval_11,Interval_3,Interval_7,Interval_6,Interval_7
Interval_2,Interval_10,Interval_4,Interval_8,Interval_7,Interval_7
Interval_2,Interval_12,Interval_5,Interval_8,Interval_7,Interval_7
Interval_2,Interval_11,Interval_5,Interval_10,Interval_7,Interval_7
Interval_2,Interval_10,Interval_3,Interval_10,Interval_7,Interval_7
Interval_2,Interval_11,Interval_3,Interval_8,Interval_7,Interval_7
Interval_2,Interval_11,Interval_3,Interval_7,Interval_6,Interval_7
Interval_2,Interval_12,Interval_4,Interval_7,Interval_6,Interval_7
Interval_2,Interval_12,Interval_5,Interval_9,Interval_7,Interval_7
Interval_2,Interval_12,Interval_5,Interval_9,Interval_7,Interval_7
Interval_2,Interval_12,Interval_5,Interval_9,Interval_7,Interval_7
Interval_2,Interval_12,Interval_5,Interval_9,Interval_7,Interval_7
Interval_2,Interval_12,Interval_5,Interval_9,Interval_7,Interval_7
Interval_2,Interval_11,Interval_5,Interval_9,Interval_7,Interval_7
Interval_2,,Interval_4,Interval_10,Interval_7,Interval_7
Interval_2,Interval_11,Interval_4,Interval_8,Interval_7,Interval_7
Interval_2,Interval_11,Interval_5,Interval_8,Interval_7,Interval_7
Interval_2,Interval_11,Interval_5,Interval_8,Interval_7,Interval_7
Interval_2,Interval_11,Interval_5,Interval_9,Interval_6,Interval_7
Interval_2,Interval_11,Interval_4,Interval_10,Interval_7,Interval_7
Interval_2,Interval_11,Interval_4,Interval_9,Interval_7,Interval_7
Interval_2,Interval_11,Interval_4,Interval_7,Interval_6,Interval_7
Interval_2,Interval_12,Interval_5,Interval_8,Interval_6,Interval_7
Interval_2,Interval_13,Interval_5,Interval_8,Interval_7,Interval_7
Interval_2,Interval_13,Interval_6,Interval_9,Interval_7,Interval_7
Interval_2,,Interval_5,Interval_11,Interval_7,Interval_7
Interval_2,Interval_11,Interval_5,Interval_9,Interval_7,Interval_7
Interval_2,Interval_11,Interval_4,Interval_8,Interval_7,Interval_7
Interval_2,Interval_10,Interval_5,Interval_9,Interval_6,Interval_7
Interval_2,Interval_11,Interval_5,Interval_9,Interval_7,Interval_7
Interval_2,Interval_11,Interval_5,Interval_10,Interval_7,Interval_7
Interval_2,Interval_11,Interval_4,Interval_9,Interval_6,Interval_7
Interval_2,Interval_12,Interval_5,Interval_7,Interval_6,Interval_7
Interval_2,Interval_13,Interval_5,Interval_8,Interval_7,Interval_7
Interval_2,Interval_12,Interval_5,Interval_9,Interval_7,Interval_7
Interval_2,,Interval_4,Interval_10,Interval_7,Interval_7
Interval_2,Interval_12,Interval_4,Interval_9,Interval_6,Interval_7
Interval_2,Interval_11,Interval_4,Interval_7,Interval_7,Interval_7
Interval_2,Interval_10,Interval_5,Interval_8,Interval_7,Interval_7
Interval_2,Interval_10,Interval_5,Interval_9,Interval_7,Interval_7
Interval_2,Interval_11,Interval_5,Interval_10,Interval_7,Interval_7
Interval_2,Interval_11,Interval_4,Interval_10,Interval_7,Interval_7
Interval_2,Interval_11,Interval_3,Interval_7,Interval_6,Interval_7
Interval_2,Interval_12,Interval_5,Interval_7,Interval_6,Interval_7
Interval_2,Interval_13,Interval_5,Interval_8,Interval_7,Interval_7
Interval_2,Interval_13,Interval_5,Interval_9,Interval_7,Interval_7
Interval_2,Interval_13,Interval_5,Interval_10,Interval_7,Interval_7
Interval_2,Interval_11,Interval_5,Interval_8,Interval_7,Interval_7
Interval_2,Interval_11,Interval_5,Interval_8,Interval_7,Interval_7
Interval_2,Interval_10,Interval_5,Interval_8,Interval_7,Interval_7
Interval_2,Interval_11,Interval_5,Interval_9,Interval_6,Interval_7
Interval_2,Interval_10,Interval_5,Interval_9,Interval_7,Interval_7
Interval_2,Interval_11,Interval_4,Interval_9,Interval_7,Interval_7
Interval_2,Interval_11,Interval_4,Interval_8,Interval_6,Interval_7
Interval_2,Interval_13,Interval_5,Interval_8,Interval_6,Interval_7
Interval_2,Interval_12,Interval_5,Interval_8,Interval_7,Interval_7
Interval_2,Interval_13,Interval_5,Interval_9,Interval_7,Interval_7
Interval_2,Interval_12,Interval_5,Interval_10,Interval_7,Interval_7
Interval_2,Interval_11,Interval_4,Interval_8,Interval_7,Interval_7
Interval_2,Interval_11,Interval_5,Interval_8,Interval_7,Interval_7
Interval_2,Interval_10,Interval_5,Interval_9,Interval_7,Interval_7
Interval_2,Interval_12,Interval_5,Interval_9,Interval_7,Interval_7
Interval_2,Interval_11,Interval_4,Interval_10,Interval_6,Interval_7
Interval_2,Interval_11,Interval_4,Interval_9,Interval_7,Interval_7
Interval_2,Interval_11,Interval_4,Interval_8,Interval_6,Interval_7
Interval_2,Interval_12,Interval_5,Interval_7,Interval_6,Interval_7
Interval_2,Interval_13,Interval_5,Interval_9,Interval_7,Interval_7
Interval_2,,Interval_5,Interval_10,Interval_7,Interval_7
Interval_2,Interval_12,Interval_4,Interval_10,Interval_7,Interval_7
Interval_2,Interval_11,Interval_4,Interval_8,Interval_7,Interval_7
Interval_2,Interval_11,Interval_4,Interval_8,Interval_7,Interval_7
Interval_2,Interval_10,Interval_5,Interval_9,Interval_7,Interval_7
Interval_2,Interval_11,Interval_5,Interval_9,Interval_6,Interval_7
Interval_2,Interval_10,Interval_4,Interval_9,Interval_7,Interval_7
Interval_2,Interval_11,Interval_4,Interval_9,Interval_7,Interval_7
Interval_2,Interval_11,Interval_4,Interval_8,Interval_6,Interval_7
Interval_2,Interval_12,Interval_5,Interval_8,Interval_6,Interval_7
Interval_2,Interval_13,Interval_5,Interval_9,Interval_7,Interval_7
Interval_2,Interval_13,Interval_5,Interval_9,Interval_7,Interval_7
Interval_2,Interval_12,Interval_5,Interval_9,Interval_7,Interval_7
Interval_2,Interval_11,Interval_4,Interval_8,Interval_7,Interval_7
Interval_2,Interval_11,Interval_5,Interval_8,Interval_7,Interval_7
Interval_2,Interval_11,Interval_5,Interval_8,Interval_7,Interval_7
Interval_2,Interval_11,Interval_5,Interval_9,Interval_7,Interval_7
Interval_2,Interval_11,Interval_4,Interval_10,Interval_7,Interval_7
Interval_2,Interval_11,Interval_4,Interval_9,Interval_7,Interval_7
Interval_2,Interval_11,Interval_4,Interval_9,Interval_7,Interval_7
Interval_2,Interval_12,Interval_4,Interval_7,Interval_6,Interval_7
Interval_2,Interval_13,Interval_4,Interval_8,Interval_7,Interval_7
Interval_2,Interval_13,Interval_4,Interval_9,Interval_7,Interval_7
Interval_2,Interval_12,Interval_4,Interval_9,Interval_7,Interval_7
Interval_2,Interval_11,Interval_4,Interval_9,Interval_7,Interval_7
Interval_2,Interval_11,Interval_5,Interval_8,Interval_7,Interval_7
Interval_2,Interval_12,Interval_5,Interval_9,Interval_7,Interval_7
Interval_2,Interval_12,Interval_5,Interval_9,Interval_7,Interval_7
Interval_2,Interval_11,Interval_5,Interval_9,Interval_7,Interval_7
Interval_2,Interval_11,Interval_4,Interval_8,Interval_7,Interval_7
Interval_2,Interval_13,Interval_3,Interval_10,Interval_8,Interval_7
Interval_2,Interval_12,Interval_3,Interval_11,Interval_8,Interval_7
Interval_2,Interval_11,Interval_2,Interval_9,Interval_6,Interval_7
Interval_2,Interval_11,Interval_2,Interval_8,Interval_6,Interval_7
Interval_2,Interval_9,Interval_4,Interval_8,Interval_6,Interval_7
Interval_2,Interval_10,Interval_3,Interval_10,Interval_7,Interval_7
Interval_2,Interval_11,Interval_2,Interval_9,Interval_7,Interval_7
Interval_2,Interval_11,Interval_2,Interval_8,Interval_6,Interval_7
Interval_2,Interval_12,Interval_2,Interval_8,Interval_6,Interval_7
Interval_2,Interval_13,Interval_2,Interval_9,Interval_7,Interval_7
Interval_2,Interval_12,Interval_2,Interval_10,Interval_7,Interval_7
Interval_2,Interval_11,Interval_2,Interval_8,Interval_7,Interval_7
Interval_2,Interval_11,Interval_2,Interval_7,Interval_6,Interval_7
Interval_2,Interval_8,Interval_5,Interval_9,Interval_7,Interval_7
Interval_2,Interval_11,Interval_2,Interval_10,Interval_6,Interval_7
Interval_2,Interval_11,Interval_2,Interval_9,Interval_7,Interval_7
Interval_2,Interval_11,Interval_3,Interval_7,Interval_6,Interval_7
Interval_2,Interval_12,Interval_3,Interval_8,Interval_6,Interval_7
Interval_2,,Interval_2,Interval_10,Interval_8,Interval_7
Interval_2,Interval_12,Interval_2,Interval_10,Interval_7,Interval_7
Interval_2,Interval_11,Interval_2,Interval_8,Interval_6,Interval_7
Interval_2,Interval_9,Interval_4,Interval_7,Interval_6,Interval_7
Interval_2,Interval_10,Interval_4,Interval_10,Interval_7,Interval_7
Interval_2,Interval_11,Interval_2,Interval_9,Interval_7,Interval_7
Interval_2,Interval_11,Interval_3,Interval_8,Interval_6,Interval_7
Interval_2,Interval_12,Interval_3,Interval_8,Interval_6,Interval_7
Interval_2,Interval_12,Interval_4,Interval_9,Interval_7,Interval_7
Interval_2,Interval_13,Interval_2,Interval_11,Interval_8,Interval_7
Interval_2,Interval_11,Interval_2,Interval_9,Interval_6,Interval_7
Interval_2,Interval_10,Interval_2,Interval_6,Interval_6,Interval_7
Interval_2,Interval_8,Interval_4,Interval_9,Interval_7,Interval_7
Interval_2,Interval_11,Interval_3,Interval_10,Interval_7,Interval_7
Interval_2,Interval_11,Interval_2,Interval_8,Interval_6,Interval_7
Interval_2,Interval_11,Interval_3,Interval_8,Interval_6,Interval_7
Interval_2,Interval_12,Interval_3,Interval_8,Interval_6,Interval_7
Interval_2,Interval_13,Interval_4,Interval_9,Interval_7,Interval_7
Interval_2,Interval_12,Interval_3,Interval_11,Interval_8,Interval_7
Interval_2,Interval_11,Interval_2,Interval_9,Interval_7,Interval_7
Interval_2,Interval_10,Interval_2,Interval_8,Interval_7,Interval_7
Interval_2,Interval_10,Interval_3,Interval_7,Interval_6,Interval_7
Interval_2,Interval_10,Interval_3,Interval_9,Interval_7,Interval_7
Interval_2,Interval_10,Interval_3,Interval_9,Interval_7,Interval_7
Interval_2,Interval_11,Interval_3,Interval_9,Interval_6,Interval_7
Interval_2,Interval_11,Interval_3,Interval_8,Interval_7,Interval_7
Interval_2,Interval_12,Interval_2,Interval_7,Interval_6,Interval_7
Interval_2,Interval_12,Interval_4,Interval_8,Interval_6,Interval_7
Interval_2,,Interval_3,Interval_10,Interval_8,Interval_7
Interval_2,Interval_11,Interval_3,Interval_10,Interval_7,Interval_7
Interval_2,Interval_11,Interval_2,Interval_9,Interval_6,Interval_7
Interval_2,Interval_11,Interval_2,Interval_8,Interval_6,Interval_7
Interval_2,Interval_11,Interval_3,Interval_7,Interval_7,Interval_7
Interval_2,Interval_10,Interval_3,Interval_9,Interval_7,Interval_7
Interval_2,Interval_12,Interval_3,Interval_8,Interval_7,Interval_7
Interval_2,Interval_11,Interval_3,Interval_9,Interval_7,Interval_7
Interval_2,Interval_11,Interval_3,Interval_9,Interval_6,Interval_7
Interval_2,Interval_11,Interval_3,Interval_8,Interval_6,Interval_7
Interval_2,Interval_10,Interval_4,Interval_9,Interval_7,Interval_7
Interval_2,Interval_11,Interval_3,Interval_10,Interval_7,Interval_7
Interval_2,Interval_11,Interval_2,Interval_8,Interval_7,Interval_7
Interval_2,Interval_11,Interval_3,Interval_8,Interval_6,Interval_7
Interval_2,Interval_12,Interval_3,Interval_7,Interval_6,Interval_7
Interval_2,Interval_13,Interval_2,Interval_11,Interval_8,Interval_7
Interval_2,Interval_11,Interval_2,Interval_9,Interval_6,Interval_7
Interval_2,Interval_11,Interval_2,Interval_8,Interval_7,Interval_7
Interval_2,Interval_8,Interval_5,Interval_8,Interval_7,Interval_7
Interval_2,Interval_10,Interval_3,Interval_9,Interval_7,Interval_7
Interval_2,Interval_11,Interval_2,Interval_8,Interval_7,Interval_7
Interval_2,Interval_11,Interval_3,Interval_7,Interval_6,Interval_7
Interval_2,Interval_12,Interval_6,Interval_9,Interval_7,Interval_7
Interval_2,Interval_11,Interval_6,Interval_9,Interval_7,Interval_7
Interval_2,Interval_12,Interval_6,Interval_9,Interval_7,Interval_7
Interval_2,Interval_12,Interval_6,Interval_9,Interval_7,Interval_7
Interval_2,Interval_11,Interval_6,Interval_8,Interval_7,Interval_7
Interval_2,Interval_12,Interval_6,Interval_9,Interval_7,Interval_7
Interval_2,Interval_11,Interval_6,Interval_9,Interval_7,Interval_7
Interval_2,Interval_13,Interval_6,Interval_9,Interval_7,Interval_7
Interval_2,Interval_12,Interval_6,Interval_9,Interval_7,Interval_7
Interval_2,Interval_11,Interval_5,Interval_9,Interval_7,Interval_7
Interval_2,Interval_11,Interval_5,Interval_8,Interval_7,Interval_7
Interval_2,Interval_11,Interval_6,Interval_9,Interval_7,Interval_7
Interval_2,Interval_10,Interval_5,Interval_10,Interval_6,Interval_7
Interval_2,Interval_11,Interval_4,Interval_9,Interval_7,Interval_7
Interval_2,Interval_11,Interval_4,Interval_9,Interval_7,Interval_7
Interval_2,Interval_12,Interval_5,Interval_7,Interval_6,Interval_7
Interval_2,Interval_12,Interval_5,Interval_8,Interval_6,Interval_7
Interval_2,,Interval_5,Interval_10,Interval_7,Interval_7
Interval_2,Interval_12,Interval_5,Interval_9,Interval_7,Interval_7
Interval_2,Interval_11,Interval_5,Interval_8,Interval_7,Interval_7
Interval_2,Interval_11,Interval_5,Interval_8,Interval_7,Interval_7
Interval_2,Interval_10,Interval_5,Interval_9,Interval_6,Interval_7
Interval_2,Interval_10,Interval_5,Interval_10,Interval_6,Interval_7
Interval_2,Interval_11,Interval_4,Interval_9,Interval_7,Interval_7
Interval_2,Interval_11,Interval_5,Interval_7,Interval_6,Interval_7
Interval_2,Interval_12,Interval_5,Interval_7,Interval_6,Interval_7
Interval_2,,Interval_6,Interval_9,Interval_7,Interval_7
Interval_2,Interval_13,Interval_5,Interval_10,Interval_8,Interval_7
Interval_2,Interval_11,Interval_5,Interval_8,Interval_7,Interval_7
Interval_2,Interval_11,Interval_5,Interval_8,Interval_7,Interval_7
Interval_2,Interval_11,Interval_5,Interval_8,Interval_6,Interval_7
Interval_2,Interval_10,Interval_5,Interval_9,Interval_7,Interval_7
Interval_2,Interval_11,Interval_5,Interval_10,Interval_7,Interval_7
Interval_2,Interval_11,Interval_5,Interval_8,Interval_6,Interval_7
Interval_2,Interval_12,Interval_5,Interval_8,Interval_6,Interval_7
Interval_2,Interval_12,Interval_5,Interval_8,Interval_7,Interval_7
Interval_2,,Interval_5,Interval_9,Interval_7,Interval_7
Interval_2,Interval_12,Interval_5,Interval_10,Interval_7,Interval_7
Interval_2,Interval_11,Interval_5,Interval_8,Interval_7,Interval_7
Interval_2,Interval_11,Interval_5,Interval_8,Interval_7,Interval_7
Interval_2,Interval_10,Interval_5,Interval_9,Interval_7,Interval_7
Interval_2,Interval_11,Interval_5,Interval_9,Interval_7,Interval_7
Interval_2,Interval_10,Interval_5,Interval_10,Interval_7,Interval_7
Interval_2,Interval_11,Interval_4,Interval_9,Interval_7,Interval_7
Interval_2,Interval_12,Interval_4,Interval_7,Interval_6,Interval_7
Interval_2,Interval_12,Interval_5,Interval_8,Interval_7,Interval_7
Interval_2,Interval_13,Interval_4,Interval_9,Interval_7,Interval_7
Interval_2,Interval_13,Interval_5,Interval_10,Interval_7,Interval_7
Interval_2,Interval_11,Interval_5,Interval_8,Interval_7,Interval_7
Interval_2,Interval_11,Interval_4,Interval_8,Interval_7,Interval_7
Interval_2,Interval_11,Interval_5,Interval_8,Interval_7,Interval_7
Interval_2,Interval_10,Interval_5,Interval_9,Interval_6,Interval_7
Interval_2,Interval_11,Interval_5,Interval_10,Interval_7,Interval_7
Interval_2,Interval_11,Interval_4,Interval_9,Interval_7,Interval_7
Interval_2,Interval_11,Interval_4,Interval_7,Interval_6,Interval_7
Interval_2,Interval_12,Interval_5,Interval_8,Interval_6,Interval_7
Interval_2,Interval_13,Interval_5,Interval_9,Interval_7,Interval_7
Interval_2,,Interval_5,Interval_9,Interval_7,Interval_7
Interval_2,Interval_11,Interval_5,Interval_9,Interval_7,Interval_7
Interval_2,Interval_11,Interval_4,Interval_8,Interval_7,Interval_7
Interval_2,Interval_11,Interval_5,Interval_8,Interval_7,Interval_7
Interval_2,Interval_11,Interval_5,Interval_8,Interval_7,Interval_7
Interval_2,Interval_10,Interval_5,Interval_9,Interval_7,Interval_7
Interval_2,Interval_11,Interval_5,Interval_10,Interval_7,Interval_7
Interval_2,Interval_11,Interval_4,Interval_10,Interval_7,Interval_7
Interval_2,Interval_11,Interval_4,Interval_8,Interval_6,Interval_7
Interval_2,Interval_12,Interval_4,Interval_7,Interval_6,Interval_7
Interval_2,Interval_13,Interval_5,Interval_9,Interval_7,Interval_7
Interval_2,Interval_13,Interval_4,Interval_9,Interval_7,Interval_7
Interval_2,Interval_12,Interval_5,Interval_9,Interval_7,Interval_7
Interval_2,Interval_11,Interval_5,Interval_8,Interval_7,Interval_7
Interval_2,Interval_11,Interval_5,Interval_8,Interval_7,Interval_7
Interval_2,Interval_11,Interval_5,Interval_8,Interval_7,Interval_7
Interval_2,Interval_11,Interval_5,Interval_9,Interval_6,Interval_7
Interval_2,Interval_11,Interval_5,Interval_9,Interval_7,Interval_7
Interval_2,Interval_11,Interval_4,Interval_10,Interval_7,Interval_7
Interval_2,Interval_11,Interval_4,Interval_8,Interval_7,Interval_7
Interval_2,Interval_12,Interval_4,Interval_7,Interval_6,Interval_7
Interval_2,Interval_12,Interval_5,Interval_7,Interval_7,Interval_7
Interval_2,,Interval_6,Interval_9,Interval_7,Interval_7
Interval_2,Interval_12,Interval_5,Interval_10,Interval_8,Interval_7
Interval_2,Interval_11,Interval_4,Interval_9,Interval_7,Interval_7
Interval_2,Interval_11,Interval_4,Interval_8,Interval_6,Interval_7
Interval_2,Interval_11,Interval_5,Interval_8,Interval_7,Interval_7
Interval_2,Interval_10,Interval_5,Interval_9,Interval_6,Interval_7
Interval_2,Interval_11,Interval_5,Interval_9,Interval_7,Interval_7
Interval_2,Interval_10,Interval_4,Interval_9,Interval_7,Interval_7
Interval_2,Interval_11,Interval_4,Interval_8,Interval_6,Interval_7
Interval_2,Interval_12,Interval_5,Interval_8,Interval_6,Interval_7
Interval_2,Interval_13,Interval_5,Interval_8,Interval_7,Interval_7
Interval_2,Interval_13,Interval_5,Interval_8,Interval_7,Interval_7
Interval_2,Interval_11,Interval_6,Interval_10,Interval_7,Interval_7
Interval_2,Interval_11,Interval_5,Interval_9,Interval_7,Interval_7
Interval_2,Interval_11,Interval_5,Interval_9,Interval_7,Interval_7
Interval_2,Interval_11,Interval_4,Interval_9,Interval_7,Interval_7
Interval_2,Interval_11,Interval_5,Interval_7,Interval_7,Interval_7
Interval_2,Interval_11,Interval_5,Interval_9,Interval_7,Interval_7
Interval_2,Interval_10,Interval_12,Interval_9,Interval_7,Interval_7
Interval_2,Interval_10,Interval_11,Interval_9,Interval_7,Interval_7
Interval_2,Interval_10,Interval_12,Interval_9,Interval_7,Interval_7
Interval_2,Interval_10,Interval_11,Interval_9,Interval_7,Interval_7
Interval_2,Interval_10,Interval_11,Interval_8,Interval_7,Interval_7
Interval_2,Interval_10,Interval_11,Interval_9,Interval_7,Interval_7
Interval_2,Interval_10,Interval_11,Interval_9,Interval_7,Interval_7
Interval_2,Interval_10,Interval_10,Interval_9,Interval_7,Interval_7
Interval_2,Interval_10,Interval_10,Interval_8,Interval_7,Interval_7
Interval_2,Interval_10,Interval_12,Interval_8,Interval_7,Interval_7
Interval_2,Interval_10,Interval_13,Interval_8,Interval_7,Interval_7
Interval_2,Interval_10,Interval_13,Interval_9,Interval_7,Interval_7
Interval_2,Interval_10,,Interval_9,Interval_7,Interval_7
Interval_2,Interval_10,,Interval_9,Interval_7,Interval_7
Interval_2,Interval_10,,Interval_9,Interval_7,Interval_7
Interval_2,Interval_10,Interval_13,Interval_9,Interval_7,Interval_7
Interval_2,Interval_10,Interval_12,Interval_9,Interval_7,Interval_7
Interval_2,Interval_9,Interval_9,Interval_10,Interval_7,Interval_7
Interval_2,Interval_10,Interval_10,Interval_9,Interval_7,Interval_7
Interval_2,Interval_10,Interval_10,Interval_9,Interval_6,Interval_7
Interval_2,Interval_10,Interval_9,Interval_8,Interval_6,Interval_7
Interval_2,Interval_10,Interval_11,Interval_8,Interval_6,Interval_7
Interval_2,Interval_10,Interval_13,Interval_8,Interval_7,Interval_7
Interval_2,Interval_10,Interval_13,Interval_9,Interval_7,Interval_7
Interval_2,Interval_10,,Interval_9,Interval_7,Interval_7
Interval_2,Interval_11,,Interval_9,Interval_7,Interval_7
Interval_2,Interval_10,Interval_13,Interval_9,Interval_7,Interval_7
Interval_2,Interval_10,Interval_13,Interval_10,Interval_7,Interval_7
Interval_2,Interval_10,Interval_10,Interval_10,Interval_7,Interval_7
Interval_2,Interval_9,Interval_8,Interval_8,Interval_7,Interval_7
Interval_2,Interval_11,Interval_11,Interval_9,Interval_7,Interval_7
Interval_2,Interval_10,Interval_10,Interval_9,Interval_6,Interval_7
Interval_2,Interval_10,Interval_9,Interval_8,Interval_6,Interval_7
Interval_2,Interval_10,Interval_10,Interval_7,Interval_7,Interval_7
Interval_2,Interval_10,Interval_13,Interval_8,Interval_7,Interval_7
Interval_2,Interval_10,Interval_13,Interval_8,Interval_7,Interval_7
Interval_2,Interval_10,,Interval_9,Interval_7,Interval_7
Interval_2,Interval_10,,Interval_9,Interval_7,Interval_7
Interval_2,Interval_10,Interval_13,Interval_9,Interval_7,Interval_7
Interval_2,Interval_10,Interval_13,Interval_9,Interval_7,Interval_7
Interval_2,Interval_10,Interval_11,Interval_10,Interval_7,Interval_7
Interval_2,Interval_9,Interval_8,Interval_8,Interval_7,Interval_7
Interval_2,Interval_11,Interval_11,Interval_9,Interval_7,Interval_7
Interval_2,Interval_10,Interval_10,Interval_9,Interval_6,Interval_7
Interval_2,Interval_9,Interval_9,Interval_8,Interval_6,Interval_7
Interval_2,Interval_10,Interval_11,Interval_8,Interval_7,Interval_7
Interval_2,Interval_10,Interval_13,Interval_8,Interval_6,Interval_7
Interval_2,Interval_10,,Interval_8,Interval_7,Interval_7
Interval_2,Interval_11,,Interval_9,Interval_7,Interval_7
Interval_2,Interval_11,Interval_13,Interval_8,Interval_7,Interval_7
Interval_2,Interval_10,Interval_13,Interval_9,Interval_7,Interval_7
Interval_2,Interval_10,Interval_13,Interval_9,Interval_7,Interval_7
Interval_2,Interval_10,Interval_12,Interval_9,Interval_7,Interval_7
Interval_2,Interval_9,Interval_8,Interval_9,Interval_7,Interval_7
Interval_2,Interval_10,Interval_10,Interval_9,Interval_6,Interval_7
Interval_2,Interval_10,Interval_10,Interval_9,Interval_7,Interval_7
Interval_2,Interval_11,Interval_10,Interval_9,Interval_6,Interval_7
Interval_2,Interval_9,Interval_9,Interval_8,Interval_7,Interval_7
Interval_2,Interval_10,Interval_10,Interval_8,Interval_7,Interval_7
Interval_2,Interval_11,Interval_13,Interval_8,Interval_7,Interval_7
Interval_2,Interval_10,Interval_13,Interval_8,Interval_7,Interval_7
Interval_2,Interval_10,,Interval_8,Interval_7,Interval_7
Interval_2,Interval_10,,Interval_9,Interval_7,Interval_7
Interval_2,Interval_10,Interval_13,Interval_9,Interval_7,Interval_7
Interval_2,Interval_10,Interval_13,Interval_10,Interval_7,Interval_7
Interval_2,Interval_11,Interval_12,Interval_9,Interval_7,Interval_7
Interval_2,Interval_9,Interval_9,Interval_9,Interval_7,Interval_7
Interval_2,Interval_10,Interval_10,Interval_9,Interval_7,Interval_7
Interval_2,Interval_11,Interval_11,Interval_8,Interval_7,Interval_7
Interval_2,Interval_11,Interval_11,Interval_9,Interval_7,Interval_7
Interval_2,Interval_10,Interval_9,Interval_8,Interval_6,Interval_7
Interval_2,Interval_9,Interval_9,Interval_7,Interval_6,Interval_7
Interval_2,Interval_11,Interval_12,Interval_8,Interval_7,Interval_7
Interval_2,Interval_10,Interval_13,Interval_9,Interval_7,Interval_7
Interval_2,Interval_11,Interval_13,Interval_9,Interval_7,Interval_7
Interval_2,Interval_11,,Interval_9,Interval_7,Interval_7
Interval_2,Interval_10,Interval_13,Interval_9,Interval_7,Interval_7
Interval_2,Interval_10,Interval_13,Interval_9,Interval_7,Interval_7
Interval_2,Interval_11,Interval_12,Interval_9,Interval_7,Interval_7
Interval_2,Interval_9,Interval_9,Interval_10,Interval_7,Interval_7
Interval_2,Interval_9,Interval_8,Interval_8,Interval_8,Interval_7
Interval_2,Interval_11,Interval_9,Interval_9,Interval_7,Interval_7
Interval_2,Interval_11,Interval_9,Interval_9,Interval_7,Interval_7
Interval_2,Interval_11,Interval_9,Interval_9,Interval_7,Interval_7
Interval_2,Interval_11,Interval_8,Interval_9,Interval_7,Interval_7
Interval_2,Interval_10,Interval_8,Interval_8,Interval_6,Interval_7
Interval_2,Interval_10,Interval_8,Interval_8,Interval_6,Interval_7
Interval_2,Interval_11,Interval_10,Interval_8,Interval_6,Interval_7
Interval_2,Interval_11,Interval_10,Interval_8,Interval_6,Interval_7
Interval_2,Interval_11,Interval_10,Interval_8,Interval_7,Interval_7
Interval_2,Interval_11,Interval_11,Interval_9,Interval_7,Interval_7
Interval_2,Interval_11,Interval_11,Interval_8,Interval_7,Interval_7
Interval_2,Interval_11,Interval_11,Interval_9,Interval_8,Interval_7
Interval_2,Interval_11,Interval_11,Interval_9,Interval_7,Interval_7
Interval_2,Interval_11,Interval_10,Interval_9,Interval_7,Interval_7
Interval_2,Interval_10,Interval_8,Interval_9,Interval_7,Interval_7
Interval_2,Interval_10,Interval_8,Interval_9,Interval_7,Interval_7
Interval_2,Interval_11,Interval_8,Interval_9,Interval_7,Interval_7
Interval_2,Interval_11,Interval_8,Interval_9,Interval_7,Interval_7
Interval_2,Interval_11,Interval_8,Interval_8,Interval_7,Interval_7
Interval_2,Interval_11,Interval_8,Interval_9,Interval_7,Interval_7
Interval_2,Interval_10,Interval_7,Interval_8,Interval_6,Interval_7
Interval_2,Interval_11,Interval_8,Interval_8,Interval_6,Interval_7
Interval_2,Interval_12,Interval_9,Interval_8,Interval_6,Interval_7
Interval_2,Interval_11,Interval_9,Interval_8,Interval_7,Interval_7
Interval_2,Interval_11,Interval_9,Interval_9,Interval_7,Interval_7
Interval_2,Interval_12,Interval_10,Interval_8,Interval_7,Interval_7
Interval_2,Interval_12,Interval_10,Interval_8,Interval_7,Interval_7
Interval_2,Interval_11,Interval_10,Interval_9,Interval_7,Interval_7
Interval_2,Interval_11,Interval_10,Interval_8,Interval_7,Interval_7
Interval_2,Interval_11,Interval_9,Interval_10,Interval_7,Interval_7
Interval_2,Interval_10,Interval_8,Interval_9,Interval_7,Interval_7
Interval_2,Interval_11,Interval_8,Interval_9,Interval_7,Interval_7
Interval_2,Interval_11,Interval_8,Interval_9,Interval_7,Interval_7
Interval_2,Interval_11,Interval_8,Interval_9,Interval_7,Interval_7
Interval_2,Interval_11,Interval_8,Interval_9,Interval_7,Interval_7
Interval_2,Interval_11,Interval_8,Interval_9,Interval_7,Interval_7
Interval_2,Interval_11,Interval_8,Interval_9,Interval_7,Interval_7
Interval_2,Interval_10,Interval_7,Interval_8,Interval_6,Interval_7
Interval_2,Interval_11,Interval_8,Interval_8,Interval_6,Interval_7
Interval_2,Interval_11,Interval_9,Interval_9,Interval_6,Interval_7
Interval_2,Interval_11,Interval_10,Interval_8,Interval_7,Interval_7
Interval_2,Interval_11,Interval_10,Interval_9,Interval_7,Interval_7
Interval_2,Interval_12,Interval_11,Interval_8,Interval_7,Interval_7
Interval_2,Interval_12,Interval_11,Interval_9,Interval_7,Interval_7
Interval_2,Interval_11,Interval_10,Interval_9,Interval_7,Interval_7
Interval_2,Interval_11,Interval_10,Interval_9,Interval_7,Interval_7
Interval_2,Interval_11,Interval_9,Interval_9,Interval_7,Interval_7
Interval_2,Interval_11,Interval_8,Interval_9,Interval_7,Interval_7
Interval_2,Interval_10,Interval_7,Interval_9,Interval_7,Interval_7
Interval_2,Interval_11,Interval_8,Interval_9,Interval_7,Interval_7
Interval_2,Interval_11,Interval_8,Interval_9,Interval_7,Interval_7
Interval_2,Interval_11,Interval_8,Interval_9,Interval_7,Interval_7
Interval_2,Interval_11,Interval_8,Interval_9,Interval_7,Interval_7
Interval_2,Interval_10,Interval_7,Interval_8,Interval_7,Interval_7
Interval_2,Interval_10,Interval_8,Interval_8,Interval_6,Interval_7
Interval_2,Interval_11,Interval_9,Interval_8,Interval_7,Interval_7
Interval_2,Interval_11,Interval_10,Interval_8,Interval_6,Interval_7
Interval_2,Interval_11,Interval_11,Interval_8,Interval_7,Interval_7
Interval_2,Interval_12,Interval_11,Interval_8,Interval_7,Interval_7
Interval_2,Interval_11,Interval_11,Interval_9,Interval_7,Interval_7
Interval_2,Interval_11,Interval_10,Interval_9,Interval_7,Interval_7
Interval_2,Interval_11,Interval_10,Interval_9,Interval_7,Interval_7
Interval_2,Interval_11,Interval_9,Interval_9,Interval_7,Interval_7
Interval_2,Interval_10,Interval_8,Interval_9,Interval_7,Interval_7
Interval_2,Interval_11,Interval_8,Interval_9,Interval_7,Interval_7
Interval_2,Interval_11,Interval_8,Interval_9,Interval_7,Interval_7
Interval_2,Interval_11,Interval_8,Interval_9,Interval_7,Interval_7
Interval_2,Interval_11,Interval_8,Interval_9,Interval_7,Interval_7
Interval_2,Interval_11,Interval_8,Interval_8,Interval_8,Interval_7
Interval_2,Interval_11,Interval_8,Interval_9,Interval_6,Interval_7
Interval_2,Interval_10,Interval_8,Interval_8,Interval_6,Interval_7
Interval_2,Interval_10,Interval_9,Interval_8,Interval_6,Interval_7
Interval_2,Interval_11,Interval_10,Interval_8,Interval_7,Interval_7
Interval_2,Interval_11,Interval_10,Interval_8,Interval_7,Interval_7
Interval_2,Interval_12,Interval_11,Interval_9,Interval_7,Interval_7
Interval_2,Interval_12,Interval_11,Interval_9,Interval_7,Interval_7
Interval_2,Interval_11,Interval_11,Interval_9,Interval_7,Interval_7
Interval_2,Interval_11,Interval_10,Interval_9,Interval_7,Interval_7
Interval_2,Interval_11,Interval_9,Interval_9,Interval_7,Interval_7
Interval_2,Interval_10,Interval_8,Interval_9,Interval_7,Interval_7
Interval_2,Interval_10,Interval_8,Interval_8,Interval_7,Interval_7
Interval_2,Interval_11,Interval_8,Interval_9,Interval_7,Interval_7
Interval_2,Interval_11,Interval_8,Interval_8,Interval_7,Interval_7
Interval_2,Interval_11,Interval_8,Interval_8,Interval_8,Interval_7
Interval_2,Interval_11,Interval_8,Interval_9,Interval_6,Interval_7
Interval_2,Interval_11,Interval_8,Interval_9,Interval_6,Interval_7
Interval_2,Interval_10,Interval_8,Interval_8,Interval_6,Interval_7
Interval_2,Interval_10,Interval_8,Interval_8,Interval_6,Interval_7
Interval_2,Interval_11,Interval_10,Interval_8,Interval_6,Interval_7
Interval_2,Interval_11,Interval_11,Interval_8,Interval_7,Interval_7
Interval_2,Interval_11,Interval_11,Interval_8,Interval_7,Interval_7
Interval_2,Interval_12,Interval_12,Interval_9,Interval_7,Interval_7
Interval_2,Interval_11,Interval_12,Interval_8,Interval_7,Interval_7
Interval_2,Interval_11,Interval_11,Interval_9,Interval_7,Interval_7
Interval_2,Interval_11,Interval_10,Interval_9,Interval_7,Interval_7
Interval_2,Interval_10,Interval_9,Interval_9,Interval_7,Interval_7
Interval_2,Interval_10,Interval_8,Interval_9,Interval_7,Interval_7
Interval_2,Interval_11,Interval_9,Interval_9,Interval_7,Interval_7
Interval_2,Interval_11,Interval_9,Interval_9,Interval_7,Interval_7
Interval_2,Interval_11,Interval_9,Interval_9,Interval_7,Interval_7
Interval_2,Interval_11,Interval_9,Interval_9,Interval_7,Interval_7
Interval_2,Interval_11,Interval_9,Interval_9,Interval_7,Interval_7
Interval_2,Interval_11,Interval_8,Interval_9,Interval_7,Interval_7
Interval_2,Interval_10,Interval_8,Interval_8,Interval_6,Interval_7
Interval_2,Interval_11,Interval_10,Interval_8,Interval_6,Interval_7
Interval_2,Interval_11,Interval_10,Interval_8,Interval_7,Interval_7
Interval_2,Interval_11,Interval_11,Interval_8,Interval_6,Interval_7
Interval_2,Interval_11,Interval_11,Interval_9,Interval_7,Interval_7
Interval_2,Interval_12,Interval_12,Interval_8,Interval_6,Interval_7
Interval_2,Interval_11,Interval_12,Interval_8,Interval_7,Interval_7
Interval_2,Interval_11,Interval_12,Interval_8,Interval_7,Interval_7
Interval_2,Interval_10,Interval_12,Interval_9,Interval_7,Interval_7
Interval_2,Interval_11,Interval_11,Interval_10,Interval_7,Interval_7
Interval_2,Interval_10,Interval_8,Interval_10,Interval_7,Interval_7
Interval_2,Interval_10,Interval_8,Interval_8,Interval_7,Interval_7
Interval_2,Interval_11,Interval_9,Interval_9,Interval_7,Interval_7
Interval_2,Interval_11,Interval_10,Interval_9,Interval_7,Interval_7
Interval_2,Interval_11,Interval_9,Interval_9,Interval_7,Interval_7
Interval_2,Interval_11,Interval_9,Interval_9,Interval_7,Interval_7
Interval_2,Interval_11,Interval_9,Interval_9,Interval_7,Interval_7
Interval_2,Interval_10,Interval_8,Interval_9,Interval_7,Interval_7
Interval_2,Interval_10,Interval_9,Interval_8,Interval_7,Interval_7
Interval_2,Interval_11,Interval_10,Interval_9,Interval_6,Interval_7
Interval_2,Interval_11,Interval_10,Interval_8,Interval_7,Interval_7
Interval_2,Interval_11,Interval_11,Interval_9,Interval_7,Interval_7
Interval_2,Interval_10,Interval_11,Interval_9,Interval_7,Interval_7
Interval_2,Interval_11,Interval_11,Interval_9,Interval_7,Interval_7
Interval_2,Interval_11,Interval_11,Interval_9,Interval_7,Interval_7
Interval_2,Interval_11,Interval_11,Interval_9,Interval_7,Interval_7
Interval_2,Interval_11,Interval_11,Interval_9,Interval_7,Interval_7
Interval_2,Interval_11,Interval_11,Interval_9,Interval_7,Interval_7
Interval_2,Interval_11,Interval_10,Interval_9,Interval_7,Interval_7
Interval_2,Interval_10,Interval_10,Interval_8,Interval_7,Interval_7
Interval_2,Interval_10,Interval_10,Interval_8,Interval_7,Interval_7
Interval_2,Interval_10,Interval_11,Interval_7,Interval_6,Interval_7
Interval_2,Interval_10,Interval_12,Interval_9,Interval_6,Interval_7
Interval_2,Interval_10,Interval_13,Interval_8,Interval_7,Interval_7
Interval_2,Interval_11,Interval_13,Interval_9,Interval_7,Interval_7
Interval_2,Interval_11,,Interval_9,Interval_7,Interval_7
Interval_2,Interval_10,Interval_13,Interval_9,Interval_7,Interval_7
Interval_2,Interval_11,Interval_12,Interval_10,Interval_7,Interval_7
Interval_2,Interval_10,Interval_9,Interval_10,Interval_7,Interval_7
Interval_2,Interval_10,Interval_9,Interval_9,Interval_7,Interval_7
Interval_2,Interval_11,Interval_10,Interval_8,Interval_7,Interval_7
Interval_2,Interval_10,Interval_9,Interval_8,Interval_7,Interval_7
Interval_2,Interval_10,Interval_10,Interval_8,Interval_7,Interval_7
Interval_2,Interval_10,Interval_12,Interval_8,Interval_7,Interval_7
Interval_2,Interval_10,Interval_13,Interval_8,Interval_7,Interval_7
Interval_2,Interval_11,,Interval_9,Interval_7,Interval_7
Interval_2,Interval_11,,Interval_9,Interval_7,Interval_7
Interval_2,Interval_10,Interval_13,Interval_9,Interval_7,Interval_7
Interval_2,Interval_10,Interval_13,Interval_10,Interval_7,Interval_7
Interval_2,Interval_10,Interval_11,Interval_10,Interval_7,Interval_7
Interval_2,Interval_9,Interval_8,Interval_9,Interval_7,Interval_7
Interval_2,Interval_11,Interval_10,Interval_8,Interval_6,Interval_7
Interval_2,Interval_10,Interval_9,Interval_8,Interval_6,Interval_7
Interval_2,Interval_10,Interval_9,Interval_7,Interval_7,Interval_7
Interval_2,Interval_10,Interval_12,Interval_8,Interval_7,Interval_7
Interval_2,Interval_11,Interval_13,Interval_8,Interval_7,Interval_7
Interval_2,Interval_11,Interval_13,Interval_9,Interval_7,Interval_7
Interval_2,Interval_11,,Interval_9,Interval_7,Interval_7
Interval_2,Interval_11,Interval_13,Interval_9,Interval_7,Interval_7
Interval_2,Interval_11,Interval_12,Interval_9,Interval_7,Interval_7
Interval_2,Interval_11,Interval_11,Interval_10,Interval_7,Interval_7
Interval_2,Interval_10,Interval_9,Interval_10,Interval_7,Interval_7
Interval_2,Interval_10,Interval_9,Interval_8,Interval_7,Interval_7
Interval_2,Interval_11,Interval_10,Interval_8,Interval_6,Interval_7
Interval_2,Interval_10,Interval_9,Interval_8,Interval_7,Interval_7
Interval_2,Interval_10,Interval_10,Interval_7,Interval_7,Interval_7
Interval_2,Interval_11,Interval_12,Interval_8,Interval_7,Interval_7
Interval_2,Interval_11,Interval_13,Interval_9,Interval_7,Interval_7
Interval_2,Interval_11,,Interval_9,Interval_7,Interval_7
Interval_2,Interval_11,Interval_13,Interval_9,Interval_7,Interval_7
Interval_2,Interval_10,Interval_13,Interval_9,Interval_7,Interval_7
Interval_2,Interval_11,Interval_12,Interval_9,Interval_7,Interval_7
Interval_2,Interval_10,Interval_11,Interval_9,Interval_7,Interval_7
Interval_2,Interval_9,Interval_8,Interval_9,Interval_7,Interval_7
Interval_2,Interval_11,Interval_10,Interval_9,Interval_6,Interval_7
Interval_2,Interval_10,Interval_9,Interval_8,Interval_7,Interval_7
Interval_2,Interval_10,Interval_9,Interval_8,Interval_7,Interval_7
Interval_2,Interval_11,Interval_11,Interval_8,Interval_7,Interval_7
Interval_2,Interval_11,Interval_12,Interval_8,Interval_7,Interval_7
Interval_2,Interval_11,Interval_13,Interval_9,Interval_7,Interval_7
Interval_2,Interval_11,Interval_13,Interval_9,Interval_7,Interval_7
Interval_2,Interval_11,Interval_13,Interval_9,Interval_7,Interval_7
Interval_2,Interval_11,Interval_12,Interval_9,Interval_7,Interval_7
Interval_2,Interval_11,Interval_12,Interval_10,Interval_7,Interval_7
Interval_2,Interval_10,Interval_9,Interval_9,Interval_7,Interval_7
Interval_2,Interval_9,Interval_8,Interval_9,Interval_7,Interval_7
Interval_2,Interval_11,Interval_10,Interval_8,Interval_7,Interval_7
Interval_2,Interval_10,Interval_8,Interval_8,Interval_7,Interval_7
Interval_2,Interval_10,Interval_10,Interval_7,Interval_7,Interval_7
Interval_2,Interval_11,Interval_12,Interval_8,Interval_7,Interval_7
Interval_2,Interval_11,Interval_13,Interval_8,Interval_7,Interval_7
Interval_2,Interval_11,Interval_13,Interval_9,Interval_7,Interval_7
Interval_2,Interval_11,Interval_13,Interval_9,Interval_7,Interval_7
Interval_2,Interval_11,Interval_13,Interval_9,Interval_7,Interval_7
Interval_2,Interval_10,Interval_12,Interval_9,Interval_7,Interval_7
Interval_2,Interval_11,Interval_12,Interval_10,Interval_7,Interval_7
Interval_2,Interval_10,Interval_9,Interval_10,Interval_7,Interval_7
Interval_2,Interval_10,Interval_9,Interval_8,Interval_7,Interval_7
Interval_2,Interval_11,Interval_10,Interval_8,Interval_6,Interval_7
Interval_2,Interval_10,Interval_9,Interval_8,Interval_6,Interval_7
Interval_2,Interval_10,Interval_10,Interval_7,Interval_6,Interval_7
Interval_2,Interval_11,Interval_12,Interval_8,Interval_7,Interval_7
Interval_2,Interval_11,Interval_12,Interval_9,Interval_7,Interval_7
Interval_2,Interval_11,Interval_13,Interval_9,Interval_7,Interval_7
Interval_2,Interval_11,Interval_13,Interval_9,Interval_7,Interval_7
Interval_2,Interval_11,Interval_12,Interval_8,Interval_7,Interval_7
Interval_2,Interval_11,Interval_12,Interval_9,Interval_7,Interval_7
Interval_2,Interval_11,Interval_12,Interval_10,Interval_7,Interval_7
Interval_2,Interval_10,Interval_9,Interval_10,Interval_7,Interval_7
Interval_2,Interval_10,Interval_9,Interval_9,Interval_7,Interval_7
Interval_2,Interval_11,Interval_10,Interval_9,Interval_7,Interval_7
Interval_2,Interval_11,Interval_10,Interval_9,Interval_7,Interval_7
Interval_2,Interval_10,Interval_9,Interval_8,Interval_6,Interval_7
Interval_2,Interval_10,Interval_9,Interval_7,Interval_7,Interval_7
Interval_2,Interval_11,Interval_12,Interval_8,Interval_7,Interval_7
Interval_2,Interval_11,Interval_12,Interval_8,Interval_7,Interval_7
Interval_2,Interval_11,Interval_13,Interval_9,Interval_7,Interval_7
Interval_2,Interval_11,Interval_13,Interval_9,Interval_7,Interval_7
Interval_2,Interval_11,Interval_12,Interval_8,Interval_7,Interval_7
Interval_2,Interval_11,Interval_12,Interval_9,Interval_7,Interval_7
Interval_2,Interval_11,Interval_12,Interval_10,Interval_7,Interval_7
Interval_2,Interval_10,Interval_9,Interval_10,Interval_7,Interval_7
Interval_2,Interval_10,Interval_8,Interval_9,Interval_7,Interval_7
Interval_2,Interval_11,Interval_10,Interval_9,Interval_6,Interval_7
Interval_2,Interval_11,Interval_9,Interval_9,Interval_7,Interval_7
Interval_2,Interval_10,Interval_9,Interval_8,Interval_6,Interval_7
Interval_2,Interval_10,Interval_9,Interval_7,Interval_7,Interval_7
Interval_2,Interval_11,Interval_12,Interval_8,Interval_7,Interval_7
Interval_2,Interval_11,Interval_12,Interval_8,Interval_7,Interval_7
Interval_2,Interval_11,Interval_13,Interval_9,Interval_7,Interval_7
Interval_2,Interval_11,Interval_13,Interval_9,Interval_7,Interval_7
Interval_2,Interval_11,Interval_13,Interval_8,Interval_7,Interval_7
Interval_2,Interval_10,Interval_12,Interval_9,Interval_7,Interval_7
Interval_2,Interval_11,Interval_12,Interval_9,Interval_7,Interval_7
Interval_2,Interval_11,Interval_11,Interval_9,Interval_7,Interval_7
Interval_2,Interval_9,Interval_9,Interval_9,Interval_7,Interval_7
Interval_2,Interval_10,Interval_9,Interval_9,Interval_7,Interval_7
Interval_2,Interval_11,Interval_10,Interval_8,Interval_7,Interval_7
Interval_2,Interval_11,Interval_10,Interval_9,Interval_6,Interval_7
Interval_2,Interval_10,Interval_9,Interval_8,Interval_6,Interval_7
Interval_2,Interval_10,Interval_10,Interval_8,Interval_7,Interval_7
Interval_2,Interval_11,Interval_11,Interval_8,Interval_7,Interval_7
Interval_2,Interval_11,Interval_12,Interval_8,Interval_7,Interval_7
Interval_2,Interval_11,Interval_13,Interval_9,Interval_7,Interval_7
Interval_2,Interval_11,Interval_13,Interval_9,Interval_7,Interval_7
Interval_2,Interval_11,Interval_12,Interval_9,Interval_7,Interval_7
Interval_2,Interval_10,Interval_12,Interval_9,Interval_7,Interval_7
Interval_2,Interval_10,Interval_12,Interval_9,Interval_7,Interval_7
Interval_2,Interval_10,Interval_11,Interval_9,Interval_7,Interval_7
Interval_2,Interval_11,Interval_11,Interval_9,Interval_7,Interval_7
Interval_2,Interval_11,Interval_11,Interval_8,Interval_7,Interval_7
Interval_2,Interval_11,Interval_11,Interval_8,Interval_7,Interval_7
Interval_2,Interval_10,Interval_11,Interval_8,Interval_7,Interval_7
Interval_2,Interval_10,Interval_11,Interval_9,Interval_7,Interval_7
Interval_2,Interval_10,Interval_11,Interval_9,Interval_7,Interval_7
Interval_2,Interval_11,Interval_11,Interval_9,Interval_7,Interval_7
Interval_2,Interval_10,Interval_11,Interval_9,Interval_7,Interval_7
Interval_2,Interval_10,Interval_10,Interval_8,Interval_7,Interval_7
Interval_2,Interval_10,Interval_10,Interval_8,Interval_7,Interval_7
Interval_2,Interval_10,Interval_12,Interval_9,Interval_7,Interval_7
Interval_2,Interval_11,Interval_12,Interval_8,Interval_7,Interval_7
Interval_2,Interval_11,Interval_13,Interval_8,Interval_7,Interval_7
Interval_2,Interval_11,,Interval_9,Interval_7,Interval_7
Interval_2,Interval_10,,Interval_9,Interval_7,Interval_7
Interval_2,Interval_10,Interval_13,Interval_9,Interval_7,Interval_7
Interval_2,Interval_11,Interval_12,Interval_10,Interval_7,Interval_7
Interval_2,Interval_9,Interval_9,Interval_9,Interval_7,Interval_7
Interval_2,Interval_11,Interval_9,Interval_8,Interval_7,Interval_7
Interval_2,Interval_10,Interval_9,Interval_8,Interval_7,Interval_7
Interval_2,Interval_10,Interval_10,Interval_8,Interval_7,Interval_7
Interval_2,Interval_11,Interval_12,Interval_8,Interval_7,Interval_7
Interval_2,Interval_10,Interval_13,Interval_8,Interval_6,Interval_7
Interval_2,Interval_11,,Interval_9,Interval_7,Interval_7
Interval_2,Interval_11,,Interval_9,Interval_7,Interval_7
Interval_2,Interval_10,Interval_13,Interval_9,Interval_7,Interval_7
Interval_2,Interval_10,Interval_13,Interval_9,Interval_7,Interval_7
Interval_2,Interval_10,Interval_11,Interval_10,Interval_7,Interval_7
Interval_2,Interval_9,Interval_8,Interval_9,Interval_7,Interval_7
Interval_2,Interval_11,Interval_10,Interval_9,Interval_7,Interval_7
Interval_2,Interval_9,Interval_8,Interval_8,Interval_6,Interval_7
Interval_2,Interval_10,Interval_10,Interval_7,Interval_7,Interval_7
Interval_2,Interval_11,Interval_13,Interval_8,Interval_7,Interval_7
Interval_2,Interval_10,Interval_13,Interval_8,Interval_7,Interval_7
Interval_2,Interval_11,,Interval_9,Interval_7,Interval_7
Interval_2,Interval_11,Interval_13,Interval_9,Interval_7,Interval_7
Interval_2,Interval_10,Interval_13,Interval_9,Interval_7,Interval_7
Interval_2,Interval_11,Interval_13,Interval_10,Interval_7,Interval_7
Interval_2,Interval_10,Interval_11,Interval_10,Interval_7,Interval_7
Interval_2,Interval_9,Interval_8,Interval_9,Interval_7,Interval_7
Interval_2,Interval_11,Interval_10,Interval_9,Interval_7,Interval_7
Interval_2,Interval_10,Interval_9,Interval_8,Interval_6,Interval_7
Interval_2,Interval_9,Interval_9,Interval_7,Interval_7,Interval_7
Interval_2,Interval_10,Interval_12,Interval_8,Interval_7,Interval_7
Interval_2,Interval_10,Interval_13,Interval_8,Interval_7,Interval_7
Interval_2,Interval_11,,Interval_9,Interval_7,Interval_7
Interval_2,Interval_11,,Interval_8,Interval_7,Interval_7
Interval_2,Interval_10,Interval_13,Interval_9,Interval_7,Interval_7
Interval_2,Interval_10,Interval_13,Interval_10,Interval_7,Interval_7
Interval_2,Interval_11,Interval_12,Interval_10,Interval_7,Interval_7
Interval_2,Interval_9,Interval_8,Interval_9,Interval_7,Interval_7
Interval_2,Interval_11,Interval_10,Interval_9,Interval_7,Interval_7
Interval_2,Interval_10,Interval_9,Interval_8,Interval_6,Interval_7
Interval_2,Interval_9,Interval_10,Interval_7,Interval_7,Interval_7
Interval_2,Interval_10,Interval_12,Interval_8,Interval_7,Interval_7
Interval_2,Interval_10,Interval_13,Interval_8,Interval_7,Interval_7
Interval_2,Interval_10,,Interval_9,Interval_7,Interval_7
Interval_2,Interval_11,,Interval_9,Interval_7,Interval_7
Interval_2,Interval_10,,Interval_8,Interval_7,Interval_7
Interval_2,Interval_10,Interval_13,Interval_10,Interval_7,Interval_7
Interval_2,Interval_10,Interval_12,Interval_10,Interval_7,Interval_7
Interval_2,Interval_9,Interval_9,Interval_10,Interval_7,Interval_7
Interval_2,Interval_11,Interval_10,Interval_9,Interval_7,Interval_7
Interval_2,Interval_10,Interval_9,Interval_8,Interval_6,Interval_7
Interval_2,Interval_9,Interval_9,Interval_8,Interval_7,Interval_7
Interval_2,Interval_11,Interval_12,Interval_8,Interval_7,Interval_7
Interval_2,Interval_11,Interval_13,Interval_8,Interval_7,Interval_7
Interval_2,Interval_11,,Interval_9,Interval_7,Interval_7
Interval_2,Interval_11,,Interval_9,Interval_7,Interval_7
Interval_2,Interval_10,Interval_12,Interval_8,Interval_7,Interval_7
Interval_2,Interval_10,Interval_12,Interval_9,Interval_7,Interval_7
Interval_2,Interval_11,Interval_12,Interval_10,Interval_7,Interval_7
Interval_2,Interval_10,Interval_10,Interval_9,Interval_7,Interval_7
Interval_2,Interval_10,Interval_8,Interval_8,Interval_7,Interval_7
Interval_2,Interval_11,Interval_11,Interval_9,Interval_6,Interval_7
Interval_2,Interval_9,Interval_9,Interval_8,Interval_7,Interval_7
Interval_2,Interval_10,Interval_10,Interval_7,Interval_7,Interval_7
Interval_2,Interval_11,Interval_12,Interval_8,Interval_7,Interval_7
Interval_2,Interval_11,Interval_13,Interval_8,Interval_7,Interval_7
Interval_2,Interval_11,Interval_13,Interval_9,Interval_7,Interval_7
Interval_2,Interval_11,Interval_13,Interval_9,Interval_7,Interval_7
Interval_2,Interval_10,Interval_12,Interval_9,Interval_7,Interval_7
Interval_2,Interval_10,Interval_11,Interval_8,Interval_7,Interval_7
Interval_2,Interval_11,Interval_12,Interval_9,Interval_7,Interval_7
Interval_2,Interval_11,Interval_12,Interval_10,Interval_7,Interval_7
Interval_2,Interval_9,Interval_8,Interval_8,Interval_7,Interval_7
Interval_2,Interval_11,Interval_11,Interval_9,Interval_7,Interval_7
Interval_2,Interval_10,Interval_9,Interval_9,Interval_7,Interval_7
Interval_2,Interval_10,Interval_8,Interval_7,Interval_6,Interval_7
Interval_2,Interval_11,Interval_11,Interval_8,Interval_7,Interval_7
Interval_2,Interval_11,Interval_12,Interval_8,Interval_7,Interval_7
Interval_2,Interval_11,Interval_12,Interval_9,Interval_7,Interval_7
Interval_2,Interval_11,Interval_13,Interval_8,Interval_7,Interval_7
Interval_2,Interval_11,Interval_12,Interval_8,Interval_7,Interval_7
Interval_2,Interval_11,Interval_12,Interval_9,Interval_7,Interval_7
Interval_2,Interval_11,Interval_12,Interval_10,Interval_7,Interval_7
Interval_2,Interval_10,Interval_10,Interval_10,Interval_7,Interval_7
Interval_2,Interval_9,Interval_8,Interval_8,Interval_7,Interval_7
Interval_2,Interval_12,Interval_10,Interval_9,Interval_6,Interval_7
Interval_2,Interval_11,Interval_9,Interval_9,Interval_7,Interval_7
Interval_2,Interval_11,Interval_9,Interval_9,Interval_7,Interval_7
Interval_2,Interval_10,Interval_9,Interval_7,Interval_7,Interval_7
Interval_2,Interval_11,Interval_11,Interval_8,Interval_7,Interval_7
Interval_2,Interval_11,Interval_12,Interval_8,Interval_7,Interval_7
Interval_2,Interval_11,Interval_13,Interval_9,Interval_7,Interval_7
Interval_2,Interval_11,Interval_13,Interval_9,Interval_6,Interval_7
Interval_2,Interval_11,Interval_13,Interval_8,Interval_7,Interval_7
Interval_2,Interval_10,Interval_12,Interval_9,Interval_7,Interval_7
Interval_2,Interval_11,Interval_12,Interval_9,Interval_7,Interval_7
Interval_2,Interval_11,Interval_11,Interval_9,Interval_7,Interval_7
Interval_2,Interval_9,Interval_8,Interval_9,Interval_7,Interval_7
Interval_2,Interval_11,Interval_9,Interval_10,Interval_7,Interval_7
Interval_2,Interval_11,Interval_9,Interval_8,Interval_7,Interval_7
Interval_2,Interval_11,Interval_9,Interval_9,Interval_7,Interval_7
Interval_2,Interval_10,Interval_8,Interval_8,Interval_6,Interval_7
Interval_2,Interval_10,Interval_9,Interval_8,Interval_7,Interval_7
Interval_2,Interval_11,Interval_11,Interval_8,Interval_6,Interval_7
Interval_2,Interval_11,Interval_12,Interval_8,Interval_7,Interval_7
Interval_2,Interval_11,Interval_13,Interval_9,Interval_7,Interval_7
Interval_2,Interval_11,Interval_13,Interval_8,Interval_7,Interval_7
Interval_2,Interval_10,Interval_12,Interval_9,Interval_7,Interval_7
Interval_2,Interval_10,Interval_12,Interval_9,Interval_7,Interval_7
Interval_2,Interval_11,Interval_12,Interval_9,Interval_7,Interval_7
Interval_2,Interval_11,Interval_11,Interval_10,Interval_7,Interval_7
Interval_2,Interval_10,Interval_8,Interval_9,Interval_7,Interval_7
Interval_2,Interval_11,Interval_9,Interval_9,Interval_7,Interval_7
Interval_2,Interval_11,Interval_9,Interval_8,Interval_7,Interval_7
Interval_2,Interval_11,Interval_10,Interval_8,Interval_7,Interval_7
Interval_2,Interval_11,Interval_10,Interval_8,Interval_7,Interval_7
Interval_2,Interval_11,Interval_10,Interval_8,Interval_7,Interval_7
Interval_2,Interval_3,Interval_4,Interval_9,Interval_7,Interval_7
Interval_2,Interval_3,Interval_4,Interval_9,Interval_6,Interval_7
Interval_2,Interval_3,Interval_5,Interval_9,Interval_7,Interval_7
Interval_2,Interval_3,Interval_5,Interval_9,Interval_7,Interval_7
Interval_2,Interval_3,Interval_5,Interval_9,Interval_7,Interval_7
Interval_2,Interval_3,Interval_5,Interval_9,Interval_7,Interval_7
Interval_2,Interval_3,Interval_5,Interval_9,Interval_6,Interval_7
Interval_2,Interval_3,Interval_5,Interval_9,Interval_7,Interval_7
Interval_2,Interval_3,Interval_5,Interval_9,Interval_6,Interval_7
Interval_2,Interval_3,Interval_5,Interval_9,Interval_6,Interval_7
Interval_2,Interval_3,Interval_5,Interval_9,Interval_7,Interval_7
Interval_2,Interval_2,Interval_5,Interval_9,Interval_7,Interval_7
Interval_2,Interval_2,Interval_5,Interval_9,Interval_7,Interval_7
Interval_2,Interval_2,Interval_5,Interval_9,Interval_7,Interval_7
Interval_2,Interval_2,Interval_5,Interval_9,Interval_7,Interval_7
Interval_2,Interval_4,Interval_6,Interval_10,Interval_7,Interval_7
Interval_2,Interval_4,Interval_8,Interval_9,Interval_7,Interval_7
Interval_2,Interval_3,Interval_8,Interval_8,Interval_7,Interval_7
Interval_2,Interval_4,Interval_7,Interval_7,Interval_7,Interval_7
Interval_2,Interval_3,Interval_6,Interval_8,Interval_6,Interval_7
Interval_2,Interval_3,Interval_6,Interval_8,Interval_7,Interval_7
Interval_2,Interval_2,Interval_6,Interval_8,Interval_7,Interval_7
Interval_2,Interval_2,Interval_5,Interval_9,Interval_7,Interval_7
Interval_2,Interval_2,Interval_5,Interval_8,Interval_7,Interval_7
Interval_2,Interval_3,Interval_5,Interval_9,Interval_6,Interval_7
Interval_2,Interval_2,Interval_5,Interval_9,Interval_7,Interval_7
Interval_2,Interval_2,Interval_6,Interval_9,Interval_7,Interval_7
Interval_2,Interval_2,Interval_5,Interval_9,Interval_7,Interval_7
Interval_2,Interval_3,Interval_6,Interval_10,Interval_7,Interval_7
Interval_2,Interval_5,Interval_7,Interval_10,Interval_7,Interval_7
Interval_2,Interval_3,Interval_9,Interval_9,Interval_7,Interval_7
Interval_2,Interval_3,Interval_10,Interval_9,Interval_7,Interval_7
Interval_2,Interval_3,Interval_9,Interval_8,Interval_7,Interval_7
Interval_2,Interval_4,Interval_7,Interval_7,Interval_6,Interval_7
Interval_2,Interval_3,Interval_6,Interval_7,Interval_7,Interval_7
Interval_2,Interval_3,Interval_6,Interval_8,Interval_7,Interval_7
Interval_2,Interval_2,Interval_5,Interval_8,Interval_7,Interval_7
Interval_2,Interval_2,Interval_5,Interval_8,Interval_7,Interval_7
Interval_2,Interval_3,Interval_6,Interval_8,Interval_7,Interval_7
Interval_2,Interval_3,Interval_5,Interval_9,Interval_7,Interval_7
Interval_2,Interval_2,Interval_6,Interval_9,Interval_7,Interval_7
Interval_2,Interval_2,Interval_6,Interval_9,Interval_7,Interval_7
Interval_2,Interval_2,Interval_6,Interval_9,Interval_7,Interval_7
Interval_2,Interval_3,Interval_6,Interval_10,Interval_7,Interval_7
Interval_2,Interval_5,Interval_6,Interval_11,Interval_7,Interval_7
Interval_2,Interval_4,Interval_9,Interval_9,Interval_7,Interval_7
Interval_2,Interval_3,Interval_9,Interval_8,Interval_7,Interval_7
Interval_2,Interval_3,Interval_8,Interval_7,Interval_7,Interval_7
Interval_2,Interval_4,Interval_7,Interval_7,Interval_6,Interval_7
Interval_2,Interval_3,Interval_6,Interval_8,Interval_7,Interval_7
Interval_2,Interval_3,Interval_6,Interval_8,Interval_7,Interval_7
Interval_2,Interval_2,Interval_5,Interval_8,Interval_6,Interval_7
Interval_2,Interval_2,Interval_5,Interval_8,Interval_7,Interval_7
Interval_2,Interval_3,Interval_5,Interval_9,Interval_7,Interval_7
Interval_2,Interval_3,Interval_5,Interval_9,Interval_6,Interval_7
Interval_2,Interval_2,Interval_5,Interval_9,Interval_7,Interval_7
Interval_2,Interval_2,Interval_5,Interval_9,Interval_7,Interval_7
Interval_2,Interval_2,Interval_5,Interval_9,Interval_7,Interval_7
Interval_2,Interval_3,Interval_6,Interval_10,Interval_7,Interval_7
Interval_2,Interval_4,Interval_6,Interval_11,Interval_7,Interval_7
Interval_2,Interval_4,Interval_9,Interval_9,Interval_7,Interval_7
Interval_2,Interval_3,Interval_9,Interval_9,Interval_7,Interval_7
Interval_2,Interval_3,Interval_9,Interval_8,Interval_7,Interval_7
Interval_2,Interval_4,Interval_7,Interval_7,Interval_7,Interval_7
Interval_2,Interval_4,Interval_6,Interval_8,Interval_7,Interval_7
Interval_2,Interval_2,Interval_5,Interval_8,Interval_7,Interval_7
Interval_2,Interval_2,Interval_5,Interval_8,Interval_6,Interval_7
Interval_2,Interval_2,Interval_5,Interval_8,Interval_7,Interval_7
Interval_2,Interval_3,Interval_5,Interval_8,Interval_7,Interval_7
Interval_2,Interval_3,Interval_5,Interval_9,Interval_7,Interval_7
Interval_2,Interval_3,Interval_5,Interval_9,Interval_7,Interval_7
Interval_2,Interval_2,Interval_5,Interval_9,Interval_7,Interval_7
Interval_2,Interval_2,Interval_5,Interval_9,Interval_7,Interval_7
Interval_2,Interval_2,Interval_6,Interval_9,Interval_7,Interval_7
Interval_2,Interval_4,Interval_6,Interval_11,Interval_7,Interval_7
Interval_2,Interval_5,Interval_8,Interval_10,Interval_7,Interval_7
Interval_2,Interval_3,Interval_9,Interval_8,Interval_7,Interval_7
Interval_2,Interval_3,Interval_9,Interval_8,Interval_7,Interval_7
Interval_2,Interval_4,Interval_7,Interval_7,Interval_7,Interval_7
Interval_2,Interval_3,Interval_7,Interval_7,Interval_7,Interval_7
Interval_2,Interval_3,Interval_6,Interval_8,Interval_6,Interval_7
Interval_2,Interval_2,Interval_5,Interval_8,Interval_7,Interval_7
Interval_2,Interval_2,Interval_5,Interval_8,Interval_7,Interval_7
Interval_2,Interval_2,Interval_5,Interval_8,Interval_7,Interval_7
Interval_2,Interval_3,Interval_5,Interval_9,Interval_7,Interval_7
Interval_2,Interval_3,Interval_5,Interval_9,Interval_6,Interval_7
Interval_2,Interval_2,Interval_5,Interval_9,Interval_7,Interval_7
Interval_2,Interval_2,Interval_5,Interval_9,Interval_6,Interval_7
Interval_2,Interval_2,Interval_5,Interval_9,Interval_7,Interval_7
Interval_2,Interval_3,Interval_6,Interval_10,Interval_7,Interval_7
Interval_2,Interval_5,Interval_6,Interval_11,Interval_7,Interval_7
Interval_2,Interval_4,Interval_9,Interval_9,Interval_7,Interval_7
Interval_2,Interval_3,Interval_9,Interval_8,Interval_7,Interval_7
Interval_2,Interval_4,Interval_7,Interval_7,Interval_7,Interval_7
Interval_2,Interval_3,Interval_6,Interval_7,Interval_7,Interval_7
Interval_2,Interval_3,Interval_6,Interval_8,Interval_7,Interval_7
Interval_2,Interval_2,Interval_5,Interval_8,Interval_7,Interval_7
Interval_2,Interval_2,Interval_4,Interval_9,Interval_7,Interval_7
Interval_2,Interval_3,Interval_5,Interval_8,Interval_7,Interval_7
Interval_2,Interval_3,Interval_5,Interval_9,Interval_7,Interval_7
Interval_2,Interval_3,Interval_5,Interval_9,Interval_6,Interval_7
Interval_2,Interval_3,Interval_5,Interval_9,Interval_6,Interval_7
Interval_2,Interval_2,Interval_5,Interval_9,Interval_7,Interval_7
Interval_2,Interval_2,Interval_5,Interval_9,Interval_7,Interval_7
Interval_2,Interval_2,Interval_6,Interval_9,Interval_7,Interval_7
Interval_2,Interval_4,Interval_6,Interval_10,Interval_7,Interval_7
Interval_2,Interval_4,Interval_8,Interval_10,Interval_7,Interval_7
Interval_2,Interval_3,Interval_9,Interval_8,Interval_7,Interval_7
Interval_2,Interval_4,Interval_8,Interval_8,Interval_7,Interval_7
Interval_2,Interval_4,Interval_7,Interval_7,Interval_7,Interval_7
Interval_2,Interval_3,Interval_6,Interval_8,Interval_7,Interval_7
Interval_2,Interval_3,Interval_5,Interval_8,Interval_7,Interval_7
Interval_2,Interval_2,Interval_5,Interval_8,Interval_7,Interval_7
Interval_2,Interval_1,Interval_5,Interval_9,Interval_7,Interval_7
Interval_2,Interval_3,Interval_5,Interval_9,Interval_7,Interval_7
Interval_2,Interval_3,Interval_5,Interval_9,Interval_7,Interval_7
Interval_2,Interval_3,Interval_5,Interval_9,Interval_6,Interval_7
Interval_2,Interval_2,Interval_5,Interval_9,Interval_6,Interval_7
Interval_2,Interval_2,Interval_6,Interval_9,Interval_6,Interval_7
Interval_2,Interval_2,Interval_6,Interval_9,Interval_7,Interval_7
Interval_2,Interval_2,Interval_6,Interval_9,Interval_7,Interval_7
Interval_2,Interval_4,Interval_6,Interval_11,Interval_7,Interval_7
Interval_2,Interval_4,Interval_8,Interval_10,Interval_7,Interval_7
Interval_2,Interval_3,Interval_9,Interval_8,Interval_7,Interval_7
Interval_2,Interval_3,Interval_9,Interval_8,Interval_6,Interval_7
Interval_2,Interval_4,Interval_7,Interval_7,Interval_7,Interval_7
Interval_2,Interval_4,Interval_7,Interval_7,Interval_6,Interval_7
Interval_2,Interval_2,Interval_5,Interval_9,Interval_7,Interval_7
Interval_2,Interval_1,Interval_5,Interval_9,Interval_7,Interval_7
Interval_2,Interval_2,Interval_5,Interval_9,Interval_7,Interval_7
Interval_2,Interval_3,Interval_5,Interval_11,Interval_6,Interval_7
Interval_2,Interval_5,Interval_7,Interval_11,Interval_7,Interval_7
Interval_2,Interval_3,Interval_9,Interval_9,Interval_7,Interval_7
Interval_2,Interval_3,Interval_9,Interval_7,Interval_7,Interval_7
Interval_2,Interval_4,Interval_7,Interval_7,Interval_7,Interval_7
Interval_2,Interval_3,Interval_6,Interval_8,Interval_6,Interval_7
Interval_2,Interval_3,Interval_6,Interval_8,Interval_7,Interval_7
Interval_2,Interval_2,Interval_6,Interval_8,Interval_7,Interval_7
Interval_2,Interval_1,Interval_5,Interval_8,Interval_7,Interval_7
Interval_2,Interval_3,Interval_5,Interval_8,Interval_8,Interval_7
Interval_2,Interval_3,Interval_4,Interval_9,Interval_7,Interval_7
Interval_2,Interval_3,Interval_4,Interval_9,Interval_7,Interval_7
Interval_2,Interval_3,Interval_4,Interval_8,Interval_7,Interval_7
Interval_2,Interval_12,Interval_5,Interval_9,Interval_7,Interval_7
Interval_2,Interval_12,Interval_5,Interval_9,Interval_7,Interval_7
Interval_2,Interval_11,Interval_5,Interval_9,Interval_7,Interval_7
Interval_2,Interval_11,Interval_4,Interval_9,Interval_7,Interval_7
Interval_2,Interval_11,Interval_4,Interval_9,Interval_6,Interval_7
Interval_2,Interval_12,Interval_4,Interval_9,Interval_6,Interval_7
Interval_2,Interval_12,Interval_5,Interval_8,Interval_6,Interval_7
Interval_2,Interval_13,Interval_5,Interval_8,Interval_7,Interval_7
Interval_2,Interval_11,Interval_5,Interval_9,Interval_7,Interval_7
Interval_2,Interval_11,Interval_5,Interval_9,Interval_7,Interval_7
Interval_2,Interval_11,Interval_4,Interval_9,Interval_7,Interval_7
Interval_2,Interval_11,Interval_5,Interval_8,Interval_7,Interval_7
Interval_2,Interval_11,Interval_5,Interval_8,Interval_7,Interval_7
Interval_2,Interval_11,Interval_5,Interval_9,Interval_6,Interval_7
Interval_2,Interval_11,Interval_5,Interval_9,Interval_7,Interval_7
Interval_2,Interval_11,Interval_4,Interval_9,Interval_7,Interval_7
Interval_2,Interval_11,Interval_4,Interval_9,Interval_7,Interval_7
Interval_2,Interval_11,Interval_4,Interval_9,Interval_6,Interval_7
Interval_2,Interval_11,Interval_4,Interval_8,Interval_6,Interval_7
Interval_2,Interval_13,Interval_4,Interval_8,Interval_7,Interval_7
Interval_2,Interval_12,Interval_4,Interval_9,Interval_7,Interval_7
Interval_2,Interval_11,Interval_4,Interval_9,Interval_7,Interval_7
Interval_2,Interval_11,Interval_4,Interval_9,Interval_7,Interval_7
Interval_2,Interval_11,Interval_4,Interval_8,Interval_7,Interval_7
Interval_2,Interval_12,Interval_4,Interval_8,Interval_7,Interval_7
Interval_2,Interval_11,Interval_5,Interval_8,Interval_7,Interval_7
Interval_2,Interval_11,Interval_5,Interval_9,Interval_6,Interval_7
Interval_2,Interval_12,Interval_5,Interval_9,Interval_7,Interval_7
Interval_2,Interval_12,Interval_5,Interval_9,Interval_7,Interval_7
Interval_2,Interval_11,Interval_4,Interval_9,Interval_7,Interval_7
Interval_2,Interval_11,Interval_4,Interval_9,Interval_7,Interval_7
Interval_2,Interval_11,Interval_4,Interval_9,Interval_6,Interval_7
Interval_2,Interval_11,Interval_4,Interval_8,Interval_6,Interval_7
Interval_2,,Interval_4,Interval_8,Interval_7,Interval_7
Interval_2,Interval_12,Interval_5,Interval_9,Interval_7,Interval_7
Interval_2,Interval_11,Interval_4,Interval_9,Interval_7,Interval_7
Interval_2,Interval_11,Interval_4,Interval_9,Interval_7,Interval_7
Interval_2,Interval_11,Interval_4,Interval_8,Interval_7,Interval_7
Interval_2,Interval_12,Interval_4,Interval_8,Interval_7,Interval_7
Interval_2,Interval_12,Interval_5,Interval_8,Interval_7,Interval_7
Interval_2,Interval_11,Interval_5,Interval_9,Interval_7,Interval_7
Interval_2,Interval_12,Interval_5,Interval_9,Interval_6,Interval_7
Interval_2,Interval_12,Interval_5,Interval_9,Interval_7,Interval_7
Interval_2,Interval_12,Interval_5,Interval_9,Interval_7,Interval_7
Interval_2,Interval_11,Interval_5,Interval_9,Interval_7,Interval_7
Interval_2,Interval_11,Interval_5,Interval_9,Interval_7,Interval_7
Interval_2,Interval_11,Interval_4,Interval_9,Interval_6,Interval_7
Interval_2,Interval_11,Interval_4,Interval_9,Interval_7,Interval_7
Interval_2,Interval_11,Interval_4,Interval_8,Interval_6,Interval_7
Interval_2,Interval_12,Interval_4,Interval_8,Interval_6,Interval_7
Interval_2,Interval_13,Interval_5,Interval_9,Interval_7,Interval_7
Interval_2,Interval_11,Interval_4,Interval_8,Interval_7,Interval_7
Interval_2,Interval_11,Interval_4,Interval_9,Interval_7,Interval_7
Interval_2,Interval_11,Interval_4,Interval_9,Interval_7,Interval_7
Interval_2,Interval_11,Interval_5,Interval_9,Interval_7,Interval_7
Interval_2,Interval_12,Interval_4,Interval_9,Interval_7,Interval_7
Interval_2,Interval_12,Interval_5,Interval_8,Interval_7,Interval_7
Interval_2,Interval_11,Interval_5,Interval_9,Interval_7,Interval_7
Interval_2,Interval_11,Interval_5,Interval_9,Interval_6,Interval_7
Interval_2,Interval_11,Interval_5,Interval_9,Interval_7,Interval_7
Interval_2,Interval_12,Interval_5,Interval_9,Interval_7,Interval_7
Interval_2,Interval_12,Interval_5,Interval_9,Interval_7,Interval_7
Interval_2,Interval_11,Interval_4,Interval_9,Interval_7,Interval_7
Interval_2,Interval_11,Interval_4,Interval_9,Interval_7,Interval_7
Interval_2,Interval_11,Interval_4,Interval_9,Interval_6,Interval_7
Interval_2,Interval_11,Interval_4,Interval_8,Interval_6,Interval_7
Interval_2,Interval_12,Interval_4,Interval_8,Interval_6,Interval_7
Interval_2,Interval_13,Interval_5,Interval_8,Interval_7,Interval_7
Interval_2,Interval_11,Interval_4,Interval_9,Interval_7,Interval_7
Interval_2,Interval_11,Interval_4,Interval_9,Interval_7,Interval_7
Interval_2,Interval_11,Interval_4,Interval_9,Interval_7,Interval_7
Interval_2,Interval_11,Interval_4,Interval_9,Interval_7,Interval_7
Interval_2,Interval_11,Interval_4,Interval_8,Interval_7,Interval_7
Interval_2,Interval_11,Interval_4,Interval_8,Interval_7,Interval_7
Interval_2,Interval_11,Interval_5,Interval_8,Interval_7,Interval_7
Interval_2,Interval_11,Interval_5,Interval_9,Interval_7,Interval_7
Interval_2,Interval_12,Interval_5,Interval_9,Interval_7,Interval_7
Interval_2,Interval_12,Interval_5,Interval_9,Interval_7,Interval_7
Interval_2,Interval_12,Interval_5,Interval_9,Interval_7,Interval_7
Interval_2,Interval_12,Interval_5,Interval_9,Interval_7,Interval_7
Interval_2,Interval_12,Interval_5,Interval_9,Interval_7,Interval_7
Interval_2,Interval_12,Interval_5,Interval_9,Interval_7,Interval_7
Interval_2,Interval_12,Interval_5,Interval_9,Interval_7,Interval_7
Interval_2,Interval_12,Interval_5,Interval_9,Interval_7,Interval_7
Interval_2,Interval_11,Interval_5,Interval_9,Interval_7,Interval_7
Interval_2,Interval_11,Interval_4,Interval_9,Interval_6,Interval_7
Interval_2,Interval_11,Interval_4,Interval_9,Interval_6,Interval_7
Interval_2,Interval_11,Interval_4,Interval_8,Interval_6,Interval_7
Interval_2,Interval_11,Interval_4,Interval_8,Interval_6,Interval_7
Interval_2,Interval_13,Interval_4,Interval_8,Interval_7,Interval_7
Interval_2,Interval_11,Interval_5,Interval_9,Interval_7,Interval_7
Interval_2,Interval_11,Interval_4,Interval_9,Interval_7,Interval_7
Interval_2,Interval_11,Interval_4,Interval_9,Interval_7,Interval_7
Interval_2,Interval_11,Interval_4,Interval_8,Interval_7,Interval_7
Interval_2,Interval_12,Interval_5,Interval_8,Interval_7,Interval_7
Interval_2,Interval_11,Interval_5,Interval_9,Interval_6,Interval_7
Interval_2,Interval_12,Interval_5,Interval_9,Interval_7,Interval_7
Interval_2,Interval_12,Interval_5,Interval_9,Interval_7,Interval_7
Interval_2,Interval_11,Interval_4,Interval_9,Interval_6,Interval_7
Interval_2,Interval_11,Interval_4,Interval_9,Interval_7,Interval_7
Interval_2,Interval_11,Interval_4,Interval_9,Interval_6,Interval_7
Interval_2,Interval_12,Interval_4,Interval_8,Interval_6,Interval_7
Interval_2,,Interval_5,Interval_9,Interval_7,Interval_7
Interval_2,Interval_11,Interval_4,Interval_9,Interval_7,Interval_7
Interval_2,Interval_11,Interval_4,Interval_9,Interval_7,Interval_7
Interval_2,Interval_11,Interval_4,Interval_9,Interval_6,Interval_7
Interval_2,Interval_12,Interval_4,Interval_8,Interval_7,Interval_7
Interval_2,Interval_11,Interval_5,Interval_8,Interval_7,Interval_7
Interval_2,Interval_11,Interval_4,Interval_9,Interval_7,Interval_7
Interval_2,Interval_12,Interval_4,Interval_9,Interval_7,Interval_7
Interval_2,Interval_11,Interval_4,Interval_9,Interval_7,Interval_7
Interval_2,Interval_11,Interval_4,Interval_9,Interval_7,Interval_7
Interval_2,Interval_11,Interval_4,Interval_9,Interval_6,Interval_7
Interval_2,Interval_12,Interval_4,Interval_8,Interval_6,Interval_7
Interval_2,,Interval_4,Interval_8,Interval_7,Interval_7
Interval_2,Interval_11,Interval_4,Interval_9,Interval_7,Interval_7
Interval_2,Interval_11,Interval_4,Interval_9,Interval_7,Interval_7
Interval_2,Interval_11,Interval_4,Interval_9,Interval_7,Interval_7
Interval_2,Interval_12,Interval_4,Interval_8,Interval_6,Interval_7
Interval_2,Interval_12,Interval_4,Interval_8,Interval_7,Interval_7
Interval_2,Interval_11,Interval_5,Interval_9,Interval_7,Interval_7
Interval_2,Interval_11,Interval_5,Interval_9,Interval_7,Interval_7
Interval_2,Interval_11,Interval_4,Interval_9,Interval_7,Interval_7
Interval_2,Interval_11,Interval_4,Interval_9,Interval_7,Interval_7
Interval_2,Interval_11,Interval_4,Interval_9,Interval_6,Interval_7
Interval_2,Interval_11,Interval_4,Interval_8,Interval_6,Interval_7
Interval_2,,Interval_4,Interval_8,Interval_7,Interval_7
Interval_2,Interval_12,Interval_4,Interval_9,Interval_7,Interval_7
Interval_2,Interval_11,Interval_4,Interval_9,Interval_7,Interval_7
Interval_2,Interval_11,Interval_4,Interval_9,Interval_7,Interval_7
Interval_2,Interval_11,Interval_4,Interval_9,Interval_7,Interval_7
Interval_2,Interval_11,Interval_4,Interval_9,Interval_6,Interval_7
Interval_2,Interval_12,Interval_4,Interval_8,Interval_7,Interval_7
Interval_2,Interval_11,Interval_5,Interval_8,Interval_7,Interval_7
Interval_2,Interval_11,Interval_6,Interval_8,Interval_7,Interval_7
Interval_2,Interval_11,Interval_5,Interval_9,Interval_6,Interval_7
Interval_2,Interval_12,Interval_5,Interval_9,Interval_7,Interval_7
Interval_2,Interval_12,Interval_5,Interval_9,Interval_7,Interval_7
Interval_2,Interval_12,Interval_5,Interval_9,Interval_7,Interval_7
Interval_2,Interval_11,Interval_5,Interval_9,Interval_7,Interval_7
Interval_2,Interval_11,Interval_4,Interval_9,Interval_6,Interval_7
Interval_2,Interval_11,Interval_4,Interval_9,Interval_6,Interval_7
Interval_2,Interval_11,Interval_4,Interval_8,Interval_6,Interval_7
Interval_2,Interval_12,Interval_4,Interval_8,Interval_7,Interval_7
Interval_2,Interval_13,Interval_5,Interval_8,Interval_7,Interval_7
Interval_2,Interval_11,Interval_4,Interval_9,Interval_7,Interval_7
Interval_2,Interval_11,Interval_4,Interval_9,Interval_7,Interval_7
Interval_2,Interval_11,Interval_4,Interval_9,Interval_7,Interval_7
Interval_2,Interval_11,Interval_4,Interval_9,Interval_7,Interval_7
Interval_2,Interval_11,Interval_4,Interval_8,Interval_7,Interval_7
Interval_2,Interval_12,Interval_4,Interval_8,Interval_6,Interval_7
Interval_2,Interval_12,Interval_5,Interval_8,Interval_7,Interval_7
Interval_2,Interval_11,Interval_5,Interval_9,Interval_7,Interval_7
Interval_2,Interval_11,Interval_5,Interval_9,Interval_7,Interval_7
Interval_2,Interval_12,Interval_5,Interval_9,Interval_7,Interval_7
Interval_2,Interval_3,Interval_4,Interval_9,Interval_7,Interval_7
Interval_2,Interval_3,Interval_4,Interval_9,Interval_6,Interval_7
Interval_2,Interval_3,Interval_5,Interval_9,Interval_7,Interval_7
Interval_2,Interval_3,Interval_5,Interval_9,Interval_7,Interval_7
Interval_2,Interval_3,Interval_5,Interval_9,Interval_7,Interval_7
Interval_2,Interval_3,Interval_5,Interval_9,Interval_7,Interval_7
Interval_2,Interval_3,Interval_5,Interval_9,Interval_6,Interval_7
Interval_2,Interval_3,Interval_5,Interval_9,Interval_7,Interval_7
Interval_2,Interval_3,Interval_5,Interval_9,Interval_6,Interval_7
Interval_2,Interval_3,Interval_5,Interval_9,Interval_6,Interval_7
Interval_2,Interval_3,Interval_5,Interval_9,Interval_7,Interval_7
Interval_2,Interval_2,Interval_5,Interval_9,Interval_7,Interval_7
Interval_2,Interval_2,Interval_5,Interval_9,Interval_7,Interval_7
Interval_2,Interval_2,Interval_5,Interval_9,Interval_7,Interval_7
Interval_2,Interval_2,Interval_5,Interval_9,Interval_7,Interval_7
Interval_2,Interval_4,Interval_6,Interval_10,Interval_7,Interval_7
Interval_2,Interval_4,Interval_8,Interval_9,Interval_7,Interval_7
Interval_2,Interval_3,Interval_8,Interval_8,Interval_7,Interval_7
Interval_2,Interval_4,Interval_7,Interval_7,Interval_7,Interval_7
Interval_2,Interval_3,Interval_6,Interval_8,Interval_6,Interval_7
Interval_2,Interval_3,Interval_6,Interval_8,Interval_7,Interval_7
Interval_2,Interval_2,Interval_6,Interval_8,Interval_7,Interval_7
Interval_2,Interval_2,Interval_5,Interval_9,Interval_7,Interval_7
Interval_2,Interval_2,Interval_5,Interval_8,Interval_7,Interval_7
Interval_2,Interval_3,Interval_5,Interval_9,Interval_6,Interval_7
Interval_2,Interval_2,Interval_5,Interval_9,Interval_7,Interval_7
Interval_2,Interval_2,Interval_6,Interval_9,Interval_7,Interval_7
Interval_2,Interval_2,Interval_5,Interval_9,Interval_7,Interval_7
Interval_2,Interval_3,Interval_6,Interval_10,Interval_7,Interval_7
Interval_2,Interval_5,Interval_7,Interval_10,Interval_7,Interval_7
Interval_2,Interval_3,Interval_9,Interval_9,Interval_7,Interval_7
Interval_2,Interval_3,Interval_10,Interval_9,Interval_7,Interval_7
Interval_2,Interval_3,Interval_9,Interval_8,Interval_7,Interval_7
Interval_2,Interval_4,Interval_7,Interval_7,Interval_6,Interval_7
Interval_2,Interval_3,Interval_6,Interval_7,Interval_7,Interval_7
Interval_2,Interval_3,Interval_6,Interval_8,Interval_7,Interval_7
Interval_2,Interval_2,Interval_5,Interval_8,Interval_7,Interval_7
Interval_2,Interval_2,Interval_5,Interval_8,Interval_7,Interval_7
Interval_2,Interval_3,Interval_6,Interval_8,Interval_7,Interval_7
Interval_2,Interval_3,Interval_5,Interval_9,Interval_7,Interval_7
Interval_2,Interval_2,Interval_6,Interval_9,Interval_7,Interval_7
Interval_2,Interval_2,Interval_6,Interval_9,Interval_7,Interval_7
Interval_2,Interval_2,Interval_6,Interval_9,Interval_7,Interval_7
Interval_2,Interval_3,Interval_6,Interval_10,Interval_7,Interval_7
Interval_2,Interval_5,Interval_6,Interval_11,Interval_7,Interval_7
Interval_2,Interval_4,Interval_9,Interval_9,Interval_7,Interval_7
Interval_2,Interval_3,Interval_9,Interval_8,Interval_7,Interval_7
Interval_2,Interval_3,Interval_8,Interval_7,Interval_7,Interval_7
Interval_2,Interval_4,Interval_7,Interval_7,Interval_6,Interval_7
Interval_2,Interval_3,Interval_6,Interval_8,Interval_7,Interval_7
Interval_2,Interval_3,Interval_6,Interval_8,Interval_7,Interval_7
Interval_2,Interval_2,Interval_5,Interval_8,Interval_6,Interval_7
Interval_2,Interval_2,Interval_5,Interval_8,Interval_7,Interval_7
Interval_2,Interval_3,Interval_5,Interval_9,Interval_7,Interval_7
Interval_2,Interval_3,Interval_5,Interval_9,Interval_6,Interval_7
Interval_2,Interval_2,Interval_5,Interval_9,Interval_7,Interval_7
Interval_2,Interval_2,Interval_5,Interval_9,Interval_7,Interval_7
Interval_2,Interval_2,Interval_5,Interval_9,Interval_7,Interval_7
Interval_2,Interval_3,Interval_6,Interval_10,Interval_7,Interval_7
Interval_2,Interval_4,Interval_6,Interval_11,Interval_7,Interval_7
Interval_2,Interval_4,Interval_9,Interval_9,Interval_7,Interval_7
Interval_2,Interval_3,Interval_9,Interval_9,Interval_7,Interval_7
Interval_2,Interval_3,Interval_9,Interval_8,Interval_7,Interval_7
Interval_2,Interval_4,Interval_7,Interval_7,Interval_7,Interval_7
Interval_2,Interval_4,Interval_6,Interval_8,Interval_7,Interval_7
Interval_2,Interval_2,Interval_5,Interval_8,Interval_7,Interval_7
Interval_2,Interval_2,Interval_5,Interval_8,Interval_6,Interval_7
Interval_2,Interval_2,Interval_5,Interval_8,Interval_7,Interval_7
Interval_2,Interval_3,Interval_5,Interval_8,Interval_7,Interval_7
Interval_2,Interval_3,Interval_5,Interval_9,Interval_7,Interval_7
Interval_2,Interval_3,Interval_5,Interval_9,Interval_7,Interval_7
Interval_2,Interval_2,Interval_5,Interval_9,Interval_7,Interval_7
Interval_2,Interval_2,Interval_5,Interval_9,Interval_7,Interval_7
Interval_2,Interval_2,Interval_6,Interval_9,Interval_7,Interval_7
Interval_2,Interval_4,Interval_6,Interval_11,Interval_7,Interval_7
Interval_2,Interval_5,Interval_8,Interval_10,Interval_7,Interval_7
Interval_2,Interval_3,Interval_9,Interval_8,Interval_7,Interval_7
Interval_2,Interval_3,Interval_9,Interval_8,Interval_7,Interval_7
Interval_2,Interval_4,Interval_7,Interval_7,Interval_7,Interval_7
Interval_2,Interval_3,Interval_7,Interval_7,Interval_7,Interval_7
Interval_2,Interval_3,Interval_6,Interval_8,Interval_6,Interval_7
Interval_2,Interval_2,Interval_5,Interval_8,Interval_7,Interval_7
Interval_2,Interval_2,Interval_5,Interval_8,Interval_7,Interval_7
Interval_2,Interval_2,Interval_5,Interval_8,Interval_7,Interval_7
Interval_2,Interval_3,Interval_5,Interval_9,Interval_7,Interval_7
Interval_2,Interval_3,Interval_5,Interval_9,Interval_7,Interval_7
Interval_2,Interval_3,Interval_5,Interval_9,Interval_6,Interval_7
Interval_2,Interval_2,Interval_5,Interval_9,Interval_7,Interval_7
Interval_2,Interval_2,Interval_5,Interval_9,Interval_6,Interval_7
Interval_2,Interval_2,Interval_5,Interval_9,Interval_7,Interval_7
Interval_2,Interval_3,Interval_6,Interval_10,Interval_7,Interval_7
Interval_2,Interval_5,Interval_6,Interval_11,Interval_7,Interval_7
Interval_2,Interval_4,Interval_9,Interval_9,Interval_7,Interval_7
Interval_2,Interval_3,Interval_9,Interval_8,Interval_7,Interval_7
Interval_2,Interval_4,Interval_7,Interval_7,Interval_7,Interval_7
Interval_2,Interval_3,Interval_6,Interval_7,Interval_7,Interval_7
Interval_2,Interval_3,Interval_6,Interval_8,Interval_7,Interval_7
Interval_2,Interval_2,Interval_5,Interval_8,Interval_7,Interval_7
Interval_2,Interval_2,Interval_4,Interval_9,Interval_7,Interval_7
Interval_2,Interval_3,Interval_5,Interval_8,Interval_7,Interval_7
Interval_2,Interval_3,Interval_5,Interval_9,Interval_7,Interval_7
Interval_2,Interval_3,Interval_5,Interval_9,Interval_6,Interval_7
Interval_2,Interval_3,Interval_5,Interval_9,Interval_6,Interval_7
Interval_2,Interval_2,Interval_5,Interval_9,Interval_7,Interval_7
Interval_2,Interval_2,Interval_5,Interval_9,Interval_7,Interval_7
Interval_2,Interval_2,Interval_6,Interval_9,Interval_7,Interval_7
Interval_2,Interval_4,Interval_6,Interval_10,Interval_7,Interval_7
Interval_2,Interval_4,Interval_8,Interval_10,Interval_7,Interval_7
Interval_2,Interval_3,Interval_9,Interval_8,Interval_7,Interval_7
Interval_2,Interval_4,Interval_8,Interval_8,Interval_7,Interval_7
Interval_2,Interval_4,Interval_7,Interval_7,Interval_7,Interval_7
Interval_2,Interval_3,Interval_6,Interval_8,Interval_7,Interval_7
Interval_2,Interval_3,Interval_5,Interval_8,Interval_7,Interval_7
Interval_2,Interval_2,Interval_5,Interval_8,Interval_7,Interval_7
Interval_2,Interval_1,Interval_5,Interval_9,Interval_7,Interval_7
Interval_2,Interval_3,Interval_5,Interval_9,Interval_7,Interval_7
Interval_2,Interval_3,Interval_5,Interval_9,Interval_7,Interval_7
Interval_2,Interval_3,Interval_5,Interval_9,Interval_6,Interval_7
Interval_2,Interval_2,Interval_5,Interval_9,Interval_6,Interval_7
Interval_2,Interval_2,Interval_6,Interval_9,Interval_6,Interval_7
Interval_2,Interval_2,Interval_6,Interval_9,Interval_7,Interval_7
Interval_2,Interval_2,Interval_6,Interval_9,Interval_7,Interval_7
Interval_2,Interval_4,Interval_6,Interval_11,Interval_7,Interval_7
Interval_2,Interval_4,Interval_8,Interval_10,Interval_7,Interval_7
Interval_2,Interval_3,Interval_9,Interval_8,Interval_7,Interval_7
Interval_2,Interval_3,Interval_9,Interval_8,Interval_6,Interval_7
Interval_2,Interval_4,Interval_7,Interval_7,Interval_7,Interval_7
Interval_2,Interval_4,Interval_7,Interval_7,Interval_6,Interval_7
Interval_2,Interval_2,Interval_5,Interval_9,Interval_7,Interval_7
Interval_2,Interval_1,Interval_5,Interval_9,Interval_7,Interval_7
Interval_2,Interval_2,Interval_5,Interval_9,Interval_7,Interval_7
Interval_2,Interval_3,Interval_5,Interval_11,Interval_6,Interval_7
Interval_2,Interval_5,Interval_7,Interval_11,Interval_7,Interval_7
Interval_2,Interval_3,Interval_9,Interval_9,Interval_7,Interval_7
Interval_2,Interval_3,Interval_9,Interval_7,Interval_7,Interval_7
Interval_2,Interval_4,Interval_7,Interval_7,Interval_7,Interval_7
Interval_2,Interval_3,Interval_6,Interval_8,Interval_6,Interval_7
Interval_2,Interval_3,Interval_6,Interval_8,Interval_7,Interval_7
Interval_2,Interval_2,Interval_6,Interval_8,Interval_7,Interval_7
Interval_2,Interval_1,Interval_5,Interval_8,Interval_7,Interval_7
Interval_2,Interval_3,Interval_5,Interval_8,Interval_8,Interval_7
Interval_2,Interval_3,Interval_4,Interval_9,Interval_7,Interval_7
Interval_2,Interval_3,Interval_4,Interval_9,Interval_7,Interval_7
Interval_2,Interval_3,Interval_4,Interval_8,Interval_7,Interval_7
Interval_2,Interval_10,Interval_3,Interval_9,Interval_7,Interval_7
Interval_2,Interval_11,Interval_3,Interval_10,Interval_6,Interval_7
Interval_2,Interval_11,Interval_2,Interval_9,Interval_6,Interval_7
Interval_2,Interval_11,Interval_2,Interval_9,Interval_6,Interval_7
Interval_2,Interval_13,Interval_1,Interval_8,Interval_7,Interval_7
Interval_2,Interval_11,Interval_2,Interval_8,Interval_7,Interval_7
Interval_2,Interval_11,Interval_3,Interval_8,Interval_7,Interval_7
Interval_2,Interval_11,Interval_2,Interval_9,Interval_7,Interval_7
Interval_2,Interval_11,Interval_3,Interval_8,Interval_7,Interval_7
Interval_2,Interval_10,Interval_3,Interval_9,Interval_7,Interval_7
Interval_2,Interval_11,Interval_3,Interval_9,Interval_7,Interval_7
Interval_2,Interval_11,Interval_3,Interval_9,Interval_7,Interval_7
Interval_2,Interval_11,Interval_2,Interval_9,Interval_7,Interval_7
Interval_2,Interval_11,Interval_2,Interval_9,Interval_7,Interval_7
Interval_2,Interval_11,Interval_2,Interval_8,Interval_6,Interval_7
Interval_2,Interval_13,Interval_1,Interval_8,Interval_7,Interval_7
Interval_2,Interval_11,Interval_3,Interval_8,Interval_7,Interval_7
Interval_2,Interval_11,Interval_2,Interval_9,Interval_7,Interval_7
Interval_2,Interval_11,Interval_2,Interval_8,Interval_7,Interval_7
Interval_2,Interval_11,Interval_2,Interval_7,Interval_7,Interval_7
Interval_2,Interval_10,Interval_3,Interval_9,Interval_7,Interval_7
Interval_2,Interval_11,Interval_3,Interval_9,Interval_7,Interval_7
Interval_2,Interval_10,Interval_3,Interval_9,Interval_6,Interval_7
Interval_2,Interval_11,Interval_2,Interval_9,Interval_7,Interval_7
Interval_2,Interval_11,Interval_2,Interval_9,Interval_6,Interval_7
Interval_2,Interval_13,,Interval_8,Interval_7,Interval_7
Interval_2,Interval_11,Interval_2,Interval_8,Interval_7,Interval_7
Interval_2,Interval_11,Interval_2,Interval_9,Interval_7,Interval_7
Interval_2,Interval_11,Interval_2,Interval_9,Interval_7,Interval_7
Interval_2,Interval_11,Interval_2,Interval_8,Interval_7,Interval_7
Interval_2,Interval_11,Interval_3,Interval_8,Interval_7,Interval_7
Interval_2,Interval_10,Interval_3,Interval_9,Interval_7,Interval_7
Interval_2,Interval_11,Interval_3,Interval_9,Interval_7,Interval_7
Interval_2,Interval_10,Interval_3,Interval_9,Interval_6,Interval_7
Interval_2,Interval_11,Interval_2,Interval_10,Interval_7,Interval_7
Interval_2,Interval_11,Interval_2,Interval_9,Interval_6,Interval_7
Interval_2,Interval_13,Interval_1,Interval_8,Interval_7,Interval_7
Interval_2,Interval_12,Interval_2,Interval_8,Interval_7,Interval_7
Interval_2,Interval_11,Interval_3,Interval_8,Interval_7,Interval_7
Interval_2,Interval_11,Interval_3,Interval_9,Interval_7,Interval_7
Interval_2,Interval_11,Interval_2,Interval_9,Interval_7,Interval_7
Interval_2,Interval_11,Interval_3,Interval_8,Interval_7,Interval_7
Interval_2,Interval_11,Interval_3,Interval_8,Interval_7,Interval_7
Interval_2,Interval_11,Interval_3,Interval_9,Interval_7,Interval_7
Interval_2,Interval_12,Interval_3,Interval_9,Interval_7,Interval_7
Interval_2,Interval_10,Interval_3,Interval_10,Interval_6,Interval_7
Interval_2,Interval_11,Interval_2,Interval_9,Interval_7,Interval_7
Interval_2,Interval_11,Interval_2,Interval_8,Interval_7,Interval_7
Interval_2,Interval_11,Interval_1,Interval_8,Interval_6,Interval_7
Interval_2,Interval_13,Interval_1,Interval_8,Interval_7,Interval_7
Interval_2,Interval_11,Interval_3,Interval_8,Interval_7,Interval_7
Interval_2,Interval_11,Interval_2,Interval_8,Interval_7,Interval_7
Interval_2,Interval_11,Interval_2,Interval_9,Interval_7,Interval_7
Interval_2,Interval_11,Interval_2,Interval_9,Interval_7,Interval_7
Interval_2,Interval_11,Interval_2,Interval_8,Interval_7,Interval_7
Interval_2,Interval_11,Interval_2,Interval_8,Interval_7,Interval_7
Interval_2,Interval_11,Interval_3,Interval_8,Interval_7,Interval_7
Interval_2,Interval_11,Interval_3,Interval_9,Interval_7,Interval_7
Interval_2,Interval_11,Interval_3,Interval_9,Interval_7,Interval_7
Interval_2,Interval_11,Interval_3,Interval_9,Interval_7,Interval_7
Interval_2,Interval_11,Interval_3,Interval_9,Interval_7,Interval_7
Interval_2,Interval_11,Interval_3,Interval_8,Interval_7,Interval_7
Interval_2,Interval_11,Interval_2,Interval_9,Interval_6,Interval_7
Interval_2,Interval_11,Interval_2,Interval_9,Interval_6,Interval_7
Interval_2,Interval_12,Interval_1,Interval_8,Interval_7,Interval_7
Interval_2,Interval_12,Interval_1,Interval_8,Interval_7,Interval_7
Interval_2,Interval_11,Interval_2,Interval_8,Interval_7,Interval_7
Interval_2,Interval_11,Interval_2,Interval_8,Interval_7,Interval_7
Interval_2,Interval_11,Interval_2,Interval_8,Interval_7,Interval_7
Interval_2,Interval_10,Interval_3,Interval_9,Interval_6,Interval_7
Interval_2,Interval_11,Interval_3,Interval_9,Interval_7,Interval_7
Interval_2,Interval_10,Interval_3,Interval_9,Interval_7,Interval_7
Interval_2,Interval_11,Interval_2,Interval_9,Interval_6,Interval_7
Interval_2,Interval_12,Interval_2,Interval_9,Interval_7,Interval_7
Interval_2,Interval_13,Interval_2,Interval_8,Interval_7,Interval_7
Interval_2,Interval_11,Interval_2,Interval_8,Interval_7,Interval_7
Interval_2,Interval_11,Interval_2,Interval_9,Interval_7,Interval_7
Interval_2,Interval_11,Interval_2,Interval_8,Interval_7,Interval_7
Interval_2,Interval_11,Interval_3,Interval_8,Interval_7,Interval_7
Interval_2,Interval_11,Interval_3,Interval_9,Interval_7,Interval_7
Interval_2,Interval_10,Interval_2,Interval_10,Interval_7,Interval_7
Interval_2,Interval_11,Interval_2,Interval_9,Interval_6,Interval_7
Interval_2,Interval_11,Interval_2,Interval_8,Interval_7,Interval_7
Interval_2,,Interval_1,Interval_9,Interval_7,Interval_7
Interval_2,Interval_11,Interval_3,Interval_9,Interval_7,Interval_7
Interval_2,Interval_11,Interval_2,Interval_9,Interval_7,Interval_7
Interval_2,Interval_11,Interval_2,Interval_8,Interval_7,Interval_7
Interval_2,Interval_11,Interval_2,Interval_8,Interval_7,Interval_7
Interval_2,Interval_11,Interval_3,Interval_8,Interval_7,
Interval_2,Interval_11,Interval_3,Interval_9,Interval_7,Interval_7
Interval_2,Interval_11,Interval_3,Interval_9,Interval_6,Interval_7
Interval_2,Interval_11,Interval_3,Interval_9,Interval_7,Interval_7
Interval_2,Interval_11,Interval_3,Interval_9,Interval_7,Interval_7
Interval_2,Interval_10,Interval_2,Interval_10,Interval_7,Interval_7
Interval_2,Interval_11,Interval_2,Interval_9,Interval_7,Interval_7
Interval_2,Interval_11,Interval_2,Interval_9,Interval_7,Interval_7
Interval_2,Interval_13,Interval_1,Interval_7,Interval_7,Interval_7
Interval_2,Interval_11,Interval_2,Interval_8,Interval_7,Interval_7
Interval_2,Interval_11,Interval_2,Interval_9,Interval_7,Interval_7
Interval_2,Interval_11,Interval_2,Interval_9,Interval_7,Interval_7
Interval_2,Interval_11,Interval_3,Interval_9,Interval_7,Interval_7
Interval_2,Interval_11,Interval_3,Interval_8,Interval_7,Interval_7
Interval_2,Interval_11,Interval_3,Interval_8,Interval_7,Interval_7
Interval_2,Interval_11,Interval_4,Interval_9,Interval_7,Interval_7
Interval_2,Interval_11,Interval_3,Interval_9,Interval_7,Interval_7
Interval_2,Interval_11,Interval_3,Interval_9,Interval_7,Interval_7
Interval_2,Interval_11,Interval_3,Interval_9,Interval_7,Interval_7
Interval_2,Interval_11,Interval_3,Interval_9,Interval_7,Interval_7
Interval_2,Interval_11,Interval_3,Interval_9,Interval_6,Interval_7
Interval_2,Interval_11,Interval_2,Interval_9,Interval_6,Interval_7
Interval_2,Interval_11,Interval_2,Interval_9,Interval_7,Interval_7
Interval_2,Interval_11,Interval_2,Interval_8,Interval_6,Interval_7
Interval_2,Interval_13,Interval_2,Interval_8,Interval_7,Interval_7
Interval_2,Interval_11,Interval_3,Interval_8,Interval_7,Interval_7
Interval_2,Interval_11,Interval_3,Interval_9,Interval_7,Interval_7
Interval_2,Interval_11,Interval_3,Interval_9,Interval_7,Interval_7
Interval_2,Interval_11,Interval_3,Interval_9,Interval_7,Interval_7
Interval_2,Interval_11,Interval_3,Interval_9,Interval_7,Interval_7
Interval_2,Interval_11,Interval_3,Interval_8,Interval_7,Interval_7
Interval_2,Interval_12,Interval_3,Interval_8,Interval_7,Interval_7
Interval_2,Interval_11,Interval_3,Interval_9,Interval_7,Interval_7
Interval_2,Interval_11,Interval_3,Interval_9,Interval_7,Interval_7
Interval_2,Interval_11,Interval_3,Interval_9,Interval_7,Interval_7
Interval_2,Interval_11,Interval_3,Interval_9,Interval_7,Interval_7
Interval_2,Interval_11,Interval_5,Interval_9,Interval_7,Interval_7
Interval_2,Interval_11,Interval_5,Interval_9,Interval_7,Interval_7
Interval_2,Interval_11,Interval_5,Interval_9,Interval_7,Interval_7
Interval_2,Interval_11,Interval_5,Interval_9,Interval_6,Interval_7
Interval_2,Interval_11,Interval_4,Interval_9,Interval_6,Interval_7
Interval_2,Interval_11,Interval_5,Interval_8,Interval_7,Interval_7
Interval_2,Interval_13,Interval_5,Interval_9,Interval_7,Interval_7
Interval_2,Interval_12,Interval_4,Interval_9,Interval_7,Interval_7
Interval_2,Interval_11,Interval_4,Interval_9,Interval_7,Interval_7
Interval_2,Interval_12,Interval_4,Interval_8,Interval_7,Interval_7
Interval_2,Interval_11,Interval_5,Interval_7,Interval_7,Interval_7
Interval_2,Interval_11,Interval_5,Interval_9,Interval_7,Interval_7
Interval_2,Interval_12,Interval_6,Interval_9,Interval_7,Interval_7
Interval_2,Interval_11,Interval_6,Interval_9,Interval_7,Interval_7
Interval_2,Interval_11,Interval_5,Interval_9,Interval_7,Interval_7
Interval_2,Interval_11,Interval_5,Interval_9,Interval_6,Interval_7
Interval_2,Interval_11,Interval_4,Interval_9,Interval_6,Interval_7
Interval_2,Interval_11,Interval_4,Interval_8,Interval_6,Interval_7
Interval_2,Interval_13,Interval_5,Interval_8,Interval_6,Interval_7
Interval_2,Interval_12,Interval_5,Interval_10,Interval_7,Interval_7
Interval_2,Interval_11,Interval_5,Interval_9,Interval_7,Interval_7
Interval_2,Interval_12,Interval_4,Interval_8,Interval_7,Interval_7
Interval_2,Interval_11,Interval_5,Interval_7,Interval_7,Interval_7
Interval_2,Interval_10,Interval_5,Interval_8,Interval_7,Interval_7
Interval_2,Interval_12,Interval_5,Interval_9,Interval_7,Interval_7
Interval_2,Interval_11,Interval_5,Interval_9,Interval_7,Interval_7
Interval_2,Interval_12,Interval_5,Interval_9,Interval_7,Interval_7
Interval_2,Interval_11,Interval_5,Interval_9,Interval_7,Interval_7
Interval_2,Interval_11,Interval_5,Interval_10,Interval_7,Interval_7
Interval_2,Interval_11,Interval_4,Interval_9,Interval_7,Interval_7
Interval_2,Interval_12,Interval_4,Interval_8,Interval_6,Interval_7
Interval_2,Interval_12,Interval_5,Interval_8,Interval_6,Interval_7
Interval_2,Interval_12,Interval_5,Interval_9,Interval_7,Interval_7
Interval_2,Interval_12,Interval_5,Interval_9,Interval_7,Interval_7
Interval_2,Interval_12,Interval_5,Interval_9,Interval_7,Interval_7
Interval_2,Interval_11,Interval_4,Interval_8,Interval_7,Interval_7
Interval_2,Interval_12,Interval_4,Interval_8,Interval_7,Interval_7
Interval_2,Interval_11,Interval_5,Interval_7,Interval_7,Interval_7
Interval_2,Interval_11,Interval_5,Interval_9,Interval_7,Interval_7
Interval_2,Interval_12,Interval_6,Interval_9,Interval_7,Interval_7
Interval_2,Interval_12,Interval_6,Interval_9,Interval_7,Interval_7
Interval_2,Interval_12,Interval_6,Interval_9,Interval_7,Interval_7
Interval_2,Interval_11,Interval_5,Interval_9,Interval_7,Interval_7
Interval_2,Interval_11,Interval_5,Interval_9,Interval_7,Interval_7
Interval_2,Interval_11,Interval_5,Interval_10,Interval_7,Interval_7
Interval_2,Interval_11,Interval_4,Interval_9,Interval_6,Interval_7
Interval_2,Interval_12,Interval_4,Interval_8,Interval_6,Interval_7
Interval_2,,Interval_4,Interval_9,Interval_6,Interval_7
Interval_2,Interval_12,Interval_5,Interval_9,Interval_7,Interval_7
Interval_2,Interval_11,Interval_5,Interval_8,Interval_7,Interval_7
Interval_2,Interval_12,Interval_4,Interval_8,Interval_7,Interval_7
Interval_2,Interval_12,Interval_5,Interval_8,Interval_7,Interval_7
Interval_2,Interval_11,Interval_5,Interval_8,Interval_7,Interval_7
Interval_2,Interval_11,Interval_5,Interval_9,Interval_7,Interval_7
Interval_2,Interval_12,Interval_6,Interval_9,Interval_7,Interval_7
Interval_2,Interval_11,Interval_6,Interval_9,Interval_7,Interval_7
Interval_2,Interval_12,Interval_6,Interval_9,Interval_7,Interval_7
Interval_2,Interval_12,Interval_6,Interval_9,Interval_7,Interval_7
Interval_2,Interval_12,Interval_6,Interval_9,Interval_7,Interval_7
Interval_2,Interval_11,Interval_5,Interval_9,Interval_7,Interval_7
Interval_2,Interval_11,Interval_5,Interval_10,Interval_7,Interval_7
Interval_2,Interval_11,Interval_4,Interval_9,Interval_6,Interval_7
Interval_2,Interval_11,Interval_5,Interval_8,Interval_6,Interval_7
Interval_2,Interval_13,Interval_5,Interval_9,Interval_7,Interval_7
Interval_2,Interval_12,Interval_5,Interval_9,Interval_7,Interval_7
Interval_2,Interval_11,Interval_4,Interval_9,Interval_7,Interval_7
Interval_2,Interval_11,Interval_4,Interval_9,Interval_7,Interval_7
Interval_2,Interval_12,Interval_4,Interval_8,Interval_7,Interval_7
Interval_2,Interval_12,Interval_4,Interval_8,Interval_7,Interval_7
Interval_2,Interval_11,Interval_5,Interval_8,Interval_7,Interval_7
Interval_2,Interval_11,Interval_5,Interval_9,Interval_7,Interval_7
Interval_2,Interval_12,Interval_6,Interval_9,Interval_7,Interval_7
Interval_2,Interval_12,Interval_5,Interval_9,Interval_7,Interval_7
Interval_2,Interval_11,Interval_5,Interval_9,Interval_7,Interval_7
Interval_2,Interval_11,Interval_5,Interval_9,Interval_7,Interval_7
Interval_2,Interval_11,Interval_5,Interval_9,Interval_7,Interval_7
Interval_2,Interval_11,Interval_5,Interval_9,Interval_6,Interval_7
Interval_2,Interval_11,Interval_5,Interval_8,Interval_7,Interval_7
Interval_2,Interval_11,Interval_5,Interval_8,Interval_6,Interval_7
Interval_2,Interval_12,Interval_6,Interval_8,Interval_6,Interval_7
Interval_2,,Interval_6,Interval_9,Interval_7,Interval_7
Interval_2,Interval_12,Interval_6,Interval_9,Interval_7,Interval_7
Interval_2,Interval_12,Interval_6,Interval_8,Interval_7,Interval_7
Interval_2,Interval_11,Interval_6,Interval_8,Interval_6,Interval_7
Interval_2,Interval_10,Interval_5,Interval_9,Interval_7,Interval_7
Interval_2,Interval_12,Interval_5,Interval_9,Interval_7,Interval_7
Interval_2,Interval_11,Interval_5,Interval_9,Interval_7,Interval_7
Interval_2,Interval_11,Interval_5,Interval_9,Interval_7,Interval_7
Interval_2,Interval_11,Interval_5,Interval_9,Interval_7,Interval_7
Interval_2,Interval_11,Interval_5,Interval_9,Interval_7,Interval_7
Interval_2,Interval_11,Interval_5,Interval_9,Interval_6,Interval_7
Interval_2,Interval_12,Interval_5,Interval_8,Interval_6,Interval_7
Interval_2,Interval_13,Interval_5,Interval_8,Interval_6,Interval_7
Interval_2,Interval_13,Interval_6,Interval_9,Interval_7,Interval_7
Interval_2,Interval_12,Interval_5,Interval_9,Interval_7,Interval_7
Interval_2,Interval_11,Interval_5,Interval_8,Interval_7,Interval_7
Interval_2,Interval_11,Interval_6,Interval_8,Interval_7,Interval_7
Interval_2,Interval_11,Interval_5,Interval_9,Interval_7,Interval_7
Interval_2,Interval_12,Interval_6,Interval_9,Interval_7,Interval_7
Interval_2,Interval_12,Interval_6,Interval_9,Interval_7,Interval_7
Interval_2,Interval_12,Interval_6,Interval_9,Interval_7,Interval_7
Interval_2,Interval_12,Interval_6,Interval_9,Interval_7,Interval_7
Interval_2,Interval_11,Interval_5,Interval_9,Interval_7,Interval_7
Interval_2,Interval_11,Interval_5,Interval_9,Interval_7,Interval_7
Interval_2,Interval_11,Interval_5,Interval_9,Interval_6,Interval_7
Interval_2,Interval_11,Interval_5,Interval_9,Interval_6,Interval_7
Interval_2,Interval_12,Interval_5,Interval_8,Interval_6,Interval_7
Interval_2,Interval_13,Interval_5,Interval_9,Interval_7,Interval_7
Interval_2,Interval_11,Interval_5,Interval_9,Interval_7,Interval_7
Interval_2,Interval_11,Interval_5,Interval_8,Interval_7,Interval_7
Interval_2,Interval_11,Interval_5,Interval_8,Interval_7,Interval_7
Interval_2,Interval_11,Interval_5,Interval_9,Interval_7,Interval_7
Interval_2,Interval_12,Interval_6,Interval_9,Interval_7,Interval_7
Interval_2,Interval_11,Interval_6,Interval_9,Interval_7,Interval_7
Interval_2,Interval_12,Interval_6,Interval_9,Interval_7,Interval_7
Interval_2,Interval_12,Interval_6,Interval_9,Interval_7,Interval_7
Interval_2,Interval_11,Interval_5,Interval_9,Interval_7,Interval_7
Interval_2,Interval_11,Interval_5,Interval_9,Interval_7,Interval_7
Interval_2,Interval_11,Interval_5,Interval_9,Interval_6,Interval_7
Interval_2,Interval_11,Interval_5,Interval_8,Interval_6,Interval_7
Interval_2,Interval_12,Interval_5,Interval_8,Interval_6,Interval_7
Interval_2,Interval_13,Interval_5,Interval_9,Interval_7,Interval_7
Interval_2,Interval_12,Interval_5,Interval_9,Interval_7,Interval_7
Interval_2,Interval_11,Interval_5,Interval_8,Interval_7,Interval_7
Interval_2,Interval_11,Interval_5,Interval_8,Interval_6,Interval_7
Interval_2,Interval_11,Interval_5,Interval_9,Interval_7,Interval_7
Interval_2,Interval_12,Interval_5,Interval_9,Interval_7,Interval_7
Interval_2,Interval_12,Interval_5,Interval_8,Interval_7,Interval_7
Interval_2,Interval_12,Interval_5,Interval_9,Interval_7,Interval_7
Interval_2,Interval_12,Interval_6,Interval_9,Interval_7,Interval_7
Interval_2,Interval_11,Interval_5,Interval_9,Interval_7,Interval_7
Interval_2,Interval_11,Interval_5,Interval_9,Interval_7,Interval_7
Interval_2,Interval_11,Interval_5,Interval_9,Interval_7,Interval_7
Interval_2,Interval_11,Interval_5,Interval_9,Interval_6,Interval_7
Interval_2,Interval_11,Interval_5,Interval_8,Interval_6,Interval_7
Interval_2,Interval_13,Interval_6,Interval_8,Interval_7,Interval_7
Interval_2,Interval_12,Interval_6,Interval_9,Interval_7,Interval_7
Interval_2,Interval_11,Interval_5,Interval_9,Interval_7,Interval_7
Interval_2,Interval_11,Interval_5,Interval_8,Interval_7,Interval_7
Interval_2,Interval_11,Interval_5,Interval_8,Interval_7,Interval_7
Interval_2,Interval_11,Interval_5,Interval_9,Interval_7,Interval_7
Interval_2,Interval_12,Interval_6,Interval_9,Interval_7,Interval_7
Interval_2,Interval_11,Interval_5,Interval_9,Interval_7,Interval_7
Interval_2,Interval_12,Interval_5,Interval_9,Interval_7,Interval_7
Interval_2,Interval_12,Interval_5,Interval_9,Interval_7,Interval_7
Interval_2,Interval_11,Interval_5,Interval_7,Interval_7,Interval_7
Interval_2,Interval_11,Interval_5,Interval_9,Interval_7,Interval_7
Interval_2,Interval_11,Interval_5,Interval_9,Interval_7,Interval_7
Interval_2,Interval_11,Interval_5,Interval_9,Interval_6,Interval_7
Interval_2,Interval_11,Interval_4,Interval_9,Interval_7,Interval_7
Interval_2,Interval_11,Interval_4,Interval_9,Interval_7,Interval_7
Interval_2,Interval_11,Interval_4,Interval_9,Interval_6,Interval_7
Interval_2,Interval_12,Interval_4,Interval_8,Interval_6,Interval_7
Interval_2,Interval_12,Interval_5,Interval_8,Interval_7,Interval_7
Interval_2,Interval_12,Interval_5,Interval_9,Interval_7,Interval_7
Interval_2,Interval_13,Interval_5,Interval_9,Interval_7,Interval_7
Interval_2,Interval_12,Interval_4,Interval_10,Interval_7,Interval_7
Interval_2,Interval_11,Interval_4,Interval_8,Interval_7,Interval_7
Interval_2,Interval_11,Interval_5,Interval_8,Interval_7,Interval_7
Interval_2,Interval_11,Interval_5,Interval_8,Interval_7,Interval_7
Interval_2,Interval_11,Interval_5,Interval_8,Interval_7,Interval_7
Interval_2,Interval_11,Interval_5,Interval_9,Interval_6,Interval_7
Interval_2,Interval_11,Interval_5,Interval_9,Interval_6,Interval_7
Interval_2,Interval_10,Interval_4,Interval_9,Interval_7,Interval_7
Interval_2,Interval_11,Interval_4,Interval_9,Interval_7,Interval_7
Interval_2,Interval_11,Interval_4,Interval_8,Interval_6,Interval_7
Interval_2,Interval_12,Interval_4,Interval_8,Interval_6,Interval_7
Interval_2,Interval_12,Interval_4,Interval_9,Interval_7,Interval_7
Interval_2,Interval_12,Interval_4,Interval_8,Interval_7,Interval_7
Interval_2,Interval_13,Interval_5,Interval_9,Interval_7,Interval_7
Interval_2,Interval_12,Interval_5,Interval_9,Interval_7,Interval_7
Interval_2,Interval_11,Interval_4,Interval_9,Interval_7,Interval_7
Interval_2,Interval_11,Interval_4,Interval_8,Interval_7,Interval_7
Interval_2,Interval_11,Interval_5,Interval_8,Interval_7,Interval_7
Interval_2,Interval_11,Interval_5,Interval_9,Interval_7,Interval_7
Interval_2,Interval_11,Interval_5,Interval_9,Interval_7,Interval_7
Interval_2,Interval_11,Interval_5,Interval_9,Interval_6,Interval_7
Interval_2,Interval_11,Interval_4,Interval_10,Interval_7,Interval_7
Interval_2,Interval_11,Interval_3,Interval_9,Interval_7,Interval_7
Interval_2,Interval_11,Interval_4,Interval_8,Interval_6,Interval_7
Interval_2,Interval_12,Interval_4,Interval_8,Interval_6,Interval_7
Interval_2,Interval_13,Interval_4,Interval_8,Interval_7,Interval_7
Interval_2,Interval_12,Interval_5,Interval_9,Interval_7,Interval_7
Interval_2,Interval_12,Interval_5,Interval_8,Interval_7,Interval_7
Interval_2,Interval_12,Interval_5,Interval_10,Interval_7,Interval_7
Interval_2,Interval_11,Interval_4,Interval_9,Interval_7,Interval_7
Interval_2,Interval_11,Interval_4,Interval_7,Interval_7,Interval_7
Interval_2,Interval_11,Interval_5,Interval_8,Interval_7,Interval_7
Interval_2,Interval_11,Interval_5,Interval_9,Interval_7,Interval_7
Interval_2,Interval_11,Interval_5,Interval_9,Interval_7,Interval_7
Interval_2,Interval_11,Interval_5,Interval_9,Interval_6,Interval_7
Interval_2,Interval_11,Interval_4,Interval_9,Interval_7,Interval_7
Interval_2,Interval_11,Interval_4,Interval_9,Interval_7,Interval_7
Interval_2,Interval_11,Interval_4,Interval_8,Interval_6,Interval_7
Interval_2,Interval_12,Interval_5,Interval_8,Interval_6,Interval_7
Interval_2,Interval_13,Interval_4,Interval_9,Interval_7,Interval_7
Interval_2,Interval_12,Interval_5,Interval_9,Interval_7,Interval_7
Interval_2,Interval_12,Interval_5,Interval_8,Interval_6,Interval_7
Interval_2,Interval_13,Interval_4,Interval_9,Interval_7,Interval_7
Interval_2,Interval_11,Interval_4,Interval_9,Interval_7,Interval_7
Interval_2,Interval_11,Interval_4,Interval_9,Interval_7,Interval_7
Interval_2,Interval_11,Interval_4,Interval_9,Interval_7,Interval_7
Interval_2,Interval_11,Interval_4,Interval_8,Interval_7,Interval_7
Interval_2,Interval_11,Interval_4,Interval_8,Interval_7,Interval_7
Interval_2,Interval_11,Interval_5,Interval_9,Interval_7,Interval_7
Interval_2,Interval_11,Interval_5,Interval_9,Interval_6,Interval_7
Interval_2,Interval_11,Interval_4,Interval_10,Interval_7,Interval_7
Interval_2,Interval_11,Interval_4,Interval_9,Interval_6,Interval_7
Interval_2,Interval_11,Interval_4,Interval_8,Interval_6,Interval_7
Interval_2,Interval_12,Interval_4,Interval_8,Interval_6,Interval_7
Interval_2,Interval_13,Interval_4,Interval_8,Interval_7,Interval_7
Interval_2,Interval_12,Interval_5,Interval_9,Interval_7,Interval_7
Interval_2,Interval_11,Interval_5,Interval_9,Interval_7,Interval_7
Interval_2,Interval_12,Interval_5,Interval_8,Interval_7,Interval_7
Interval_2,,Interval_10,Interval_9,Interval_7,Interval_7
Interval_2,Interval_13,Interval_8,Interval_10,Interval_8,Interval_7
Interval_2,Interval_11,Interval_7,Interval_6,Interval_9,Interval_7
Interval_2,Interval_9,Interval_6,Interval_9,Interval_6,Interval_8
Interval_2,Interval_11,Interval_7,Interval_9,Interval_7,Interval_7
Interval_2,Interval_11,Interval_7,Interval_9,Interval_7,Interval_7
Interval_2,Interval_12,Interval_7,Interval_9,Interval_7,Interval_7
Interval_2,Interval_12,Interval_6,Interval_9,Interval_7,Interval_7
Interval_2,Interval_11,Interval_6,Interval_9,Interval_7,Interval_7
Interval_2,Interval_11,Interval_7,Interval_9,Interval_7,Interval_7
Interval_2,Interval_11,Interval_7,Interval_9,Interval_7,Interval_7
Interval_2,Interval_12,Interval_7,Interval_9,Interval_6,Interval_7
Interval_2,Interval_12,Interval_7,Interval_9,Interval_6,Interval_7
Interval_2,Interval_12,Interval_7,Interval_8,Interval_6,Interval_7
Interval_2,Interval_12,Interval_7,Interval_8,Interval_6,Interval_7
Interval_2,Interval_12,Interval_7,Interval_9,Interval_7,Interval_7
Interval_2,Interval_12,Interval_7,Interval_8,Interval_7,Interval_7
Interval_2,,Interval_8,Interval_10,Interval_8,Interval_7
Interval_2,Interval_12,Interval_7,Interval_8,Interval_8,Interval_7
Interval_2,Interval_11,Interval_6,Interval_7,Interval_8,Interval_7
Interval_2,Interval_10,Interval_6,Interval_9,Interval_6,Interval_8
Interval_2,Interval_11,Interval_7,Interval_9,Interval_7,Interval_7
Interval_2,Interval_11,Interval_7,Interval_9,Interval_7,Interval_7
Interval_2,Interval_12,Interval_7,Interval_9,Interval_6,Interval_7
Interval_2,Interval_11,Interval_6,Interval_9,Interval_6,Interval_7
Interval_2,Interval_11,Interval_6,Interval_9,Interval_7,Interval_7
Interval_2,Interval_11,Interval_6,Interval_8,Interval_7,Interval_7
Interval_2,Interval_12,Interval_6,Interval_9,Interval_6,Interval_7
Interval_2,Interval_12,Interval_6,Interval_8,Interval_6,Interval_7
Interval_2,Interval_12,Interval_7,Interval_8,Interval_6,Interval_7
Interval_2,Interval_12,Interval_7,Interval_8,Interval_7,Interval_7
Interval_2,Interval_11,Interval_7,Interval_9,Interval_7,Interval_7
Interval_2,Interval_12,Interval_8,Interval_8,Interval_6,Interval_7
Interval_2,Interval_13,Interval_8,Interval_10,Interval_8,Interval_7
Interval_2,Interval_11,Interval_7,Interval_9,Interval_8,Interval_7
Interval_2,Interval_11,Interval_6,Interval_7,Interval_8,Interval_7
Interval_2,Interval_10,Interval_6,Interval_8,Interval_7,Interval_8
Interval_2,Interval_11,Interval_6,Interval_9,Interval_7,Interval_7
Interval_2,Interval_12,Interval_7,Interval_9,Interval_7,Interval_7
Interval_2,Interval_12,Interval_6,Interval_9,Interval_6,Interval_7
Interval_2,Interval_11,Interval_6,Interval_8,Interval_6,Interval_7
Interval_2,Interval_11,Interval_6,Interval_9,Interval_7,Interval_7
Interval_2,Interval_11,Interval_6,Interval_9,Interval_7,Interval_7
Interval_2,Interval_11,Interval_5,Interval_9,Interval_6,Interval_7
Interval_2,Interval_12,Interval_6,Interval_9,Interval_5,Interval_7
Interval_2,Interval_12,Interval_6,Interval_8,Interval_6,Interval_7
Interval_2,Interval_12,Interval_7,Interval_7,Interval_6,Interval_7
Interval_2,Interval_12,Interval_8,Interval_9,Interval_7,Interval_7
Interval_2,Interval_11,Interval_8,Interval_8,Interval_7,Interval_7
Interval_2,Interval_13,Interval_9,Interval_9,Interval_7,Interval_7
Interval_2,Interval_12,Interval_8,Interval_10,Interval_8,Interval_7
Interval_2,Interval_11,Interval_6,Interval_8,Interval_8,Interval_7
Interval_2,Interval_11,Interval_6,Interval_8,Interval_7,Interval_7
Interval_2,Interval_11,Interval_6,Interval_8,Interval_7,Interval_7
Interval_2,Interval_11,Interval_6,Interval_9,Interval_7,Interval_7
Interval_2,Interval_12,Interval_6,Interval_9,Interval_7,Interval_7
Interval_2,Interval_12,Interval_6,Interval_8,Interval_7,Interval_7
Interval_2,Interval_11,Interval_6,Interval_9,Interval_7,Interval_7
Interval_2,Interval_11,Interval_6,Interval_9,Interval_7,Interval_7
Interval_2,Interval_11,Interval_6,Interval_9,Interval_7,Interval_7
Interval_2,Interval_11,Interval_6,Interval_9,Interval_7,Interval_7
Interval_2,Interval_11,Interval_6,Interval_8,Interval_6,Interval_7
Interval_2,Interval_11,Interval_7,Interval_9,Interval_6,Interval_7
Interval_2,Interval_12,Interval_7,Interval_8,Interval_6,Interval_7
Interval_2,Interval_12,Interval_8,Interval_8,Interval_6,Interval_7
Interval_2,Interval_12,Interval_7,Interval_9,Interval_6,Interval_7
Interval_2,Interval_11,Interval_7,Interval_8,Interval_7,Interval_7
Interval_2,Interval_12,Interval_7,Interval_9,Interval_7,Interval_7
Interval_2,Interval_13,Interval_8,Interval_9,Interval_8,Interval_7
Interval_2,Interval_11,Interval_6,Interval_9,Interval_7,Interval_7
Interval_2,Interval_11,Interval_6,Interval_8,Interval_7,Interval_8
Interval_2,Interval_10,Interval_5,Interval_9,Interval_7,Interval_7
Interval_2,Interval_11,Interval_6,Interval_9,Interval_7,Interval_7
Interval_2,Interval_12,Interval_6,Interval_9,Interval_7,Interval_7
Interval_2,Interval_12,Interval_6,Interval_8,Interval_7,Interval_7
Interval_2,Interval_11,Interval_6,Interval_9,Interval_6,Interval_7
Interval_2,Interval_11,Interval_6,Interval_9,Interval_7,Interval_7
Interval_2,Interval_11,Interval_5,Interval_9,Interval_6,Interval_7
Interval_2,Interval_11,Interval_6,Interval_8,Interval_5,Interval_7
Interval_2,Interval_12,Interval_7,Interval_9,Interval_5,Interval_8
Interval_2,Interval_13,Interval_7,Interval_8,Interval_6,Interval_7
Interval_2,Interval_11,Interval_7,Interval_9,Interval_6,Interval_7
Interval_2,Interval_12,Interval_7,Interval_8,Interval_6,Interval_7
Interval_2,Interval_11,Interval_7,Interval_8,Interval_6,Interval_7
Interval_2,Interval_12,Interval_7,Interval_8,Interval_7,Interval_7
Interval_2,Interval_12,Interval_7,Interval_9,Interval_7,Interval_7
Interval_2,Interval_11,Interval_5,Interval_9,Interval_7,Interval_7
Interval_2,Interval_11,Interval_5,Interval_8,Interval_7,Interval_7
Interval_2,Interval_11,Interval_5,Interval_9,Interval_7,Interval_7
Interval_2,Interval_11,Interval_5,Interval_9,Interval_6,Interval_7
Interval_2,Interval_11,Interval_5,Interval_9,Interval_6,Interval_7
Interval_2,Interval_10,Interval_5,Interval_9,Interval_6,Interval_7
Interval_2,Interval_11,Interval_4,Interval_8,Interval_7,Interval_7
Interval_2,Interval_11,Interval_5,Interval_8,Interval_6,Interval_7
Interval_2,Interval_12,Interval_5,Interval_8,Interval_6,Interval_7
Interval_2,Interval_12,Interval_5,Interval_8,Interval_7,Interval_7
Interval_2,Interval_12,Interval_6,Interval_8,Interval_7,Interval_7
Interval_2,Interval_13,Interval_6,Interval_9,Interval_7,Interval_7
Interval_2,Interval_12,Interval_6,Interval_10,Interval_7,Interval_7
Interval_2,Interval_11,Interval_5,Interval_9,Interval_7,Interval_7
Interval_2,Interval_11,Interval_5,Interval_8,Interval_7,Interval_7
Interval_2,Interval_11,Interval_5,Interval_8,Interval_7,Interval_7
Interval_2,Interval_11,Interval_6,Interval_8,Interval_7,Interval_7
Interval_2,Interval_11,Interval_6,Interval_9,Interval_7,Interval_7
Interval_2,Interval_11,Interval_5,Interval_9,Interval_7,Interval_7
Interval_2,Interval_11,Interval_5,Interval_9,Interval_7,Interval_7
Interval_2,Interval_11,Interval_4,Interval_9,Interval_7,Interval_7
Interval_2,Interval_11,Interval_4,Interval_9,Interval_7,Interval_7
Interval_2,Interval_11,Interval_4,Interval_8,Interval_6,Interval_7
Interval_2,Interval_12,Interval_5,Interval_8,Interval_6,Interval_7
Interval_2,Interval_13,Interval_5,Interval_9,Interval_7,Interval_7
Interval_2,Interval_12,Interval_5,Interval_8,Interval_7,Interval_7
Interval_2,Interval_13,Interval_5,Interval_9,Interval_7,Interval_7
Interval_2,Interval_12,Interval_4,Interval_10,Interval_7,Interval_7
Interval_2,Interval_11,Interval_4,Interval_8,Interval_7,Interval_7
Interval_2,Interval_11,Interval_4,Interval_8,Interval_7,Interval_7
Interval_2,Interval_11,Interval_5,Interval_8,Interval_7,Interval_7
Interval_2,Interval_11,Interval_5,Interval_9,Interval_7,Interval_7
Interval_2,Interval_11,Interval_5,Interval_9,Interval_7,Interval_7
Interval_2,Interval_11,Interval_5,Interval_9,Interval_7,Interval_7
Interval_2,Interval_11,Interval_4,Interval_10,Interval_7,Interval_7
Interval_2,Interval_11,Interval_4,Interval_9,Interval_6,Interval_7
Interval_2,Interval_11,Interval_4,Interval_9,Interval_7,Interval_7
Interval_2,Interval_12,Interval_4,Interval_8,Interval_6,Interval_7
Interval_2,Interval_12,Interval_5,Interval_8,Interval_6,Interval_7
Interval_2,Interval_12,Interval_5,Interval_9,Interval_7,Interval_7
Interval_2,Interval_12,Interval_6,Interval_9,Interval_7,Interval_7
Interval_2,Interval_12,Interval_5,Interval_9,Interval_7,Interval_7
Interval_2,Interval_11,Interval_5,Interval_9,Interval_7,Interval_7
Interval_2,Interval_11,Interval_5,Interval_8,Interval_7,Interval_7
Interval_2,Interval_11,Interval_5,Interval_9,Interval_7,Interval_7
Interval_2,Interval_11,Interval_5,Interval_8,Interval_7,Interval_7
Interval_2,Interval_11,Interval_6,Interval_8,Interval_7,Interval_7
Interval_2,Interval_11,Interval_5,Interval_9,Interval_6,Interval_7
Interval_2,Interval_11,Interval_5,Interval_9,Interval_6,Interval_7
Interval_2,Interval_11,Interval_4,Interval_9,Interval_6,Interval_7
Interval_2,Interval_11,Interval_4,Interval_9,Interval_7,Interval_7
Interval_2,Interval_11,Interval_4,Interval_8,Interval_7,Interval_7
Interval_2,Interval_11,Interval_4,Interval_8,Interval_6,Interval_7
Interval_2,Interval_12,Interval_5,Interval_8,Interval_6,Interval_7
Interval_2,Interval_12,Interval_5,Interval_9,Interval_7,Interval_7
Interval_2,Interval_12,Interval_5,Interval_8,Interval_7,Interval_7
Interval_2,Interval_12,Interval_5,Interval_9,Interval_7,Interval_7
Interval_2,Interval_12,Interval_5,Interval_9,Interval_7,Interval_7
Interval_2,Interval_11,Interval_5,Interval_9,Interval_7,Interval_7
Interval_2,Interval_11,Interval_4,Interval_8,Interval_7,Interval_7
Interval_2,Interval_11,Interval_4,Interval_8,Interval_7,Interval_7
Interval_2,Interval_11,Interval_4,Interval_8,Interval_7,Interval_7
Interval_2,Interval_11,Interval_5,Interval_8,Interval_7,Interval_7
Interval_2,Interval_11,Interval_5,Interval_8,Interval_7,Interval_7
Interval_2,Interval_11,Interval_5,Interval_9,Interval_7,Interval_7
Interval_2,Interval_11,Interval_5,Interval_9,Interval_7,Interval_7
Interval_2,Interval_11,Interval_5,Interval_9,Interval_7,Interval_7
Interval_2,Interval_11,Interval_4,Interval_9,Interval_7,Interval_7
Interval_2,Interval_11,Interval_4,Interval_8,Interval_6,Interval_7
Interval_2,Interval_11,Interval_5,Interval_8,Interval_6,Interval_7
Interval_2,Interval_12,Interval_5,Interval_9,Interval_7,Interval_7
Interval_2,Interval_12,Interval_5,Interval_9,Interval_7,Interval_7
Interval_2,Interval_12,Interval_5,Interval_8,Interval_7,Interval_7
Interval_2,Interval_12,Interval_5,Interval_8,Interval_7,Interval_7
Interval_2,Interval_12,Interval_5,Interval_9,Interval_7,Interval_7
Interval_2,Interval_13,Interval_11,Interval_9,Interval_7,Interval_7
Interval_2,Interval_12,Interval_9,Interval_10,Interval_9,Interval_7
Interval_2,Interval_10,Interval_7,Interval_8,Interval_8,Interval_7
Interval_2,Interval_11,Interval_7,Interval_9,Interval_7,Interval_8
Interval_2,Interval_10,Interval_6,Interval_9,Interval_7,Interval_7
Interval_2,Interval_12,Interval_7,Interval_9,Interval_7,Interval_7
Interval_2,Interval_11,Interval_7,Interval_9,Interval_7,Interval_7
Interval_2,Interval_11,Interval_7,Interval_9,Interval_7,Interval_7
Interval_2,Interval_11,Interval_6,Interval_9,Interval_6,Interval_7
Interval_2,Interval_11,Interval_6,Interval_9,Interval_6,Interval_7
Interval_2,Interval_11,Interval_6,Interval_8,Interval_6,Interval_7
Interval_2,Interval_11,Interval_6,Interval_8,Interval_6,Interval_7
Interval_2,Interval_11,Interval_7,Interval_9,Interval_6,Interval_7
Interval_2,Interval_12,Interval_7,Interval_8,Interval_6,Interval_7
Interval_2,Interval_12,Interval_7,Interval_8,Interval_6,Interval_7
Interval_2,Interval_12,Interval_8,Interval_9,Interval_7,Interval_7
Interval_2,Interval_11,Interval_7,Interval_9,Interval_6,Interval_7
Interval_2,Interval_13,Interval_8,Interval_10,Interval_7,Interval_7
Interval_2,Interval_12,Interval_7,Interval_9,Interval_8,Interval_7
Interval_2,Interval_11,Interval_6,Interval_7,Interval_8,Interval_7
Interval_2,Interval_10,Interval_6,Interval_8,Interval_7,Interval_8
Interval_2,Interval_11,Interval_6,Interval_9,Interval_7,Interval_7
Interval_2,Interval_12,Interval_6,Interval_9,Interval_7,Interval_7
Interval_2,Interval_11,Interval_6,Interval_8,Interval_7,Interval_7
Interval_2,Interval_11,Interval_6,Interval_9,Interval_7,Interval_7
Interval_2,Interval_11,Interval_6,Interval_9,Interval_6,Interval_7
Interval_2,Interval_11,Interval_6,Interval_9,Interval_7,Interval_7
Interval_2,Interval_11,Interval_6,Interval_8,Interval_6,Interval_7
Interval_2,Interval_11,Interval_7,Interval_8,Interval_7,Interval_7
Interval_2,Interval_12,Interval_7,Interval_8,Interval_6,Interval_7
Interval_2,Interval_12,Interval_8,Interval_8,Interval_6,Interval_7
Interval_2,Interval_13,Interval_8,Interval_9,Interval_6,Interval_7
Interval_2,Interval_13,Interval_7,Interval_10,Interval_7,Interval_7
Interval_2,Interval_11,Interval_6,Interval_8,Interval_8,Interval_7
Interval_2,Interval_11,Interval_6,Interval_7,Interval_7,Interval_7
Interval_2,Interval_11,Interval_6,Interval_8,Interval_7,Interval_8
Interval_2,Interval_11,Interval_6,Interval_9,Interval_7,Interval_7
Interval_2,Interval_12,Interval_7,Interval_9,Interval_7,Interval_7
Interval_2,Interval_11,Interval_7,Interval_9,Interval_6,Interval_7
Interval_2,Interval_11,Interval_6,Interval_9,Interval_6,Interval_7
Interval_2,Interval_11,Interval_6,Interval_9,Interval_6,Interval_7
Interval_2,Interval_11,Interval_6,Interval_9,Interval_6,Interval_7
Interval_2,Interval_11,Interval_6,Interval_8,Interval_6,Interval_7
Interval_2,Interval_12,Interval_7,Interval_9,Interval_5,Interval_7
Interval_2,Interval_12,Interval_7,Interval_7,Interval_6,Interval_7
Interval_2,Interval_12,Interval_8,Interval_9,Interval_6,Interval_7
Interval_2,Interval_11,Interval_8,Interval_9,Interval_6,Interval_7
Interval_2,Interval_13,Interval_8,Interval_9,Interval_7,Interval_7
Interval_2,Interval_12,Interval_7,Interval_10,Interval_8,Interval_7
Interval_2,Interval_11,Interval_7,Interval_8,Interval_8,Interval_7
Interval_2,Interval_11,Interval_7,Interval_7,Interval_8,Interval_7
Interval_2,Interval_11,Interval_7,Interval_9,Interval_7,Interval_8
Interval_2,Interval_10,Interval_5,Interval_9,Interval_7,Interval_7
Interval_2,Interval_12,Interval_6,Interval_8,Interval_7,Interval_7
Interval_2,Interval_12,Interval_6,Interval_8,Interval_7,Interval_7
Interval_2,Interval_11,Interval_6,Interval_9,Interval_6,Interval_7
Interval_2,Interval_11,Interval_6,Interval_9,Interval_6,Interval_7
Interval_2,Interval_11,Interval_5,Interval_9,Interval_7,Interval_7
Interval_2,Interval_11,Interval_5,Interval_9,Interval_6,Interval_7
Interval_2,Interval_11,Interval_6,Interval_8,Interval_6,Interval_7
Interval_2,Interval_12,Interval_6,Interval_8,Interval_6,Interval_7
Interval_2,Interval_12,Interval_7,Interval_8,Interval_6,Interval_7
Interval_2,Interval_12,Interval_8,Interval_8,Interval_7,Interval_7
Interval_2,Interval_11,Interval_8,Interval_8,Interval_7,Interval_7
Interval_2,Interval_11,Interval_8,Interval_9,Interval_6,Interval_7
Interval_2,Interval_13,Interval_9,Interval_10,Interval_7,Interval_7
Interval_2,Interval_12,Interval_7,Interval_10,Interval_8,Interval_7
Interval_2,Interval_11,Interval_6,Interval_8,Interval_8,Interval_7
Interval_2,Interval_11,Interval_6,Interval_8,Interval_7,Interval_7
Interval_2,Interval_11,Interval_6,Interval_9,Interval_7,Interval_8
Interval_2,Interval_11,Interval_6,Interval_9,Interval_7,Interval_7
Interval_2,Interval_12,Interval_6,Interval_9,Interval_7,Interval_7
Interval_2,Interval_11,Interval_6,Interval_9,Interval_6,Interval_7
Interval_2,Interval_11,Interval_6,Interval_8,Interval_6,Interval_7
Interval_2,Interval_11,Interval_6,Interval_9,Interval_6,Interval_7
Interval_2,Interval_11,Interval_6,Interval_9,Interval_6,Interval_7
Interval_2,Interval_11,Interval_7,Interval_10,Interval_5,Interval_7
Interval_2,Interval_12,Interval_6,Interval_9,Interval_6,Interval_8
Interval_2,Interval_13,Interval_6,Interval_8,Interval_6,Interval_7
Interval_2,,Interval_3,Interval_9,Interval_7,Interval_7
Interval_2,Interval_12,Interval_4,Interval_9,Interval_7,Interval_7
Interval_2,Interval_11,Interval_4,Interval_9,Interval_7,Interval_7
Interval_2,Interval_11,Interval_4,Interval_8,Interval_7,Interval_7
Interval_2,Interval_11,Interval_4,Interval_8,Interval_7,Interval_7
Interval_2,Interval_11,Interval_5,Interval_8,Interval_7,Interval_7
Interval_2,Interval_11,Interval_5,Interval_9,Interval_6,Interval_7
Interval_2,Interval_11,Interval_4,Interval_9,Interval_7,Interval_7
Interval_2,Interval_11,Interval_4,Interval_9,Interval_7,Interval_7
Interval_2,Interval_11,Interval_4,Interval_8,Interval_6,Interval_7
Interval_2,Interval_11,Interval_5,Interval_8,Interval_6,Interval_7
Interval_2,Interval_12,Interval_5,Interval_8,Interval_6,Interval_7
Interval_2,Interval_12,Interval_5,Interval_8,Interval_7,Interval_7
Interval_2,Interval_12,Interval_5,Interval_8,Interval_7,Interval_7
Interval_2,Interval_13,Interval_4,Interval_9,Interval_7,Interval_7
Interval_2,Interval_11,Interval_5,Interval_10,Interval_7,Interval_7
Interval_2,Interval_11,Interval_4,Interval_9,Interval_7,Interval_7
Interval_2,Interval_11,Interval_4,Interval_8,Interval_6,Interval_7
Interval_2,Interval_11,Interval_5,Interval_8,Interval_7,Interval_7
Interval_2,Interval_11,Interval_5,Interval_9,Interval_7,Interval_7
Interval_2,Interval_11,Interval_5,Interval_9,Interval_6,Interval_7
Interval_2,Interval_11,Interval_4,Interval_10,Interval_7,Interval_7
Interval_2,Interval_11,Interval_4,Interval_9,Interval_7,Interval_7
Interval_2,Interval_11,Interval_3,Interval_9,Interval_6,Interval_7
Interval_2,Interval_11,Interval_4,Interval_8,Interval_6,Interval_7
Interval_2,Interval_12,Interval_4,Interval_8,Interval_6,Interval_7
Interval_2,Interval_12,Interval_4,Interval_9,Interval_7,Interval_7
Interval_2,Interval_12,Interval_4,Interval_8,Interval_7,Interval_7
Interval_2,Interval_12,Interval_4,Interval_9,Interval_7,Interval_7
Interval_2,Interval_12,Interval_4,Interval_9,Interval_7,Interval_7
Interval_2,Interval_11,Interval_4,Interval_9,Interval_7,Interval_7
Interval_2,Interval_11,Interval_4,Interval_9,Interval_7,Interval_7
Interval_2,Interval_11,Interval_4,Interval_8,Interval_6,Interval_7
Interval_2,Interval_11,Interval_4,Interval_8,Interval_6,Interval_7
Interval_2,Interval_11,Interval_5,Interval_9,Interval_7,Interval_7
Interval_2,Interval_11,Interval_4,Interval_9,Interval_7,Interval_7
Interval_2,Interval_11,Interval_4,Interval_9,Interval_7,Interval_7
Interval_2,Interval_11,Interval_4,Interval_9,Interval_7,Interval_7
Interval_2,Interval_11,Interval_3,Interval_8,Interval_6,Interval_7
Interval_2,Interval_11,Interval_3,Interval_8,Interval_6,Interval_7
Interval_2,Interval_12,Interval_4,Interval_8,Interval_6,Interval_7
Interval_2,Interval_12,Interval_4,Interval_9,Interval_7,Interval_7
Interval_2,Interval_12,Interval_5,Interval_9,Interval_7,Interval_7
Interval_2,Interval_12,Interval_5,Interval_8,Interval_7,Interval_7
Interval_2,Interval_13,Interval_4,Interval_10,Interval_7,Interval_7
Interval_2,Interval_11,Interval_4,Interval_9,Interval_7,Interval_7
Interval_2,Interval_11,Interval_3,Interval_8,Interval_7,Interval_7
Interval_2,Interval_11,Interval_4,Interval_9,Interval_7,Interval_7
Interval_2,Interval_11,Interval_3,Interval_8,Interval_7,Interval_7
Interval_2,Interval_11,Interval_4,Interval_8,Interval_7,Interval_7
Interval_2,Interval_11,Interval_4,Interval_9,Interval_7,Interval_7
Interval_2,Interval_11,Interval_4,Interval_9,Interval_7,Interval_7
Interval_2,Interval_11,Interval_4,Interval_9,Interval_7,Interval_7
Interval_2,Interval_11,Interval_3,Interval_8,Interval_6,Interval_7
Interval_2,Interval_11,Interval_4,Interval_8,Interval_6,Interval_7
Interval_2,Interval_12,Interval_5,Interval_8,Interval_6,Interval_7
Interval_2,Interval_12,Interval_5,Interval_9,Interval_7,Interval_7
Interval_2,Interval_12,Interval_5,Interval_9,Interval_7,Interval_7
Interval_2,Interval_12,Interval_5,Interval_8,Interval_7,Interval_7
Interval_2,Interval_13,Interval_4,Interval_10,Interval_7,Interval_7
Interval_2,Interval_11,Interval_4,Interval_9,Interval_7,Interval_7
Interval_2,Interval_11,Interval_4,Interval_8,Interval_7,Interval_7
Interval_2,Interval_11,Interval_3,Interval_8,Interval_7,Interval_7
Interval_2,Interval_11,Interval_4,Interval_8,Interval_7,Interval_7
Interval_2,Interval_11,Interval_4,Interval_9,Interval_7,Interval_7
Interval_2,Interval_10,Interval_4,Interval_9,Interval_7,Interval_7
Interval_2,Interval_11,Interval_4,Interval_9,Interval_6,Interval_7
Interval_2,Interval_11,Interval_4,Interval_9,Interval_7,Interval_7
Interval_2,Interval_11,Interval_3,Interval_8,Interval_6,Interval_7
Interval_2,Interval_11,Interval_4,Interval_8,Interval_6,Interval_7
Interval_2,Interval_13,Interval_5,Interval_7,Interval_6,Interval_7
Interval_2,Interval_12,Interval_5,Interval_10,Interval_7,Interval_7
Interval_2,Interval_11,Interval_5,Interval_8,Interval_7,Interval_7
Interval_2,Interval_12,Interval_5,Interval_8,Interval_7,Interval_7
Interval_2,Interval_12,Interval_5,Interval_8,Interval_7,Interval_7
Interval_2,Interval_12,Interval_9,Interval_9,Interval_6,Interval_7
Interval_2,,Interval_10,Interval_10,Interval_7,Interval_7
Interval_2,Interval_12,Interval_8,Interval_9,Interval_9,Interval_7
Interval_2,Interval_11,Interval_7,Interval_6,Interval_8,Interval_7
Interval_2,Interval_10,Interval_6,Interval_10,Interval_6,Interval_8
Interval_2,Interval_11,Interval_6,Interval_9,Interval_7,Interval_7
Interval_2,Interval_11,Interval_7,Interval_8,Interval_7,Interval_7
Interval_2,Interval_12,Interval_7,Interval_9,Interval_7,Interval_7
Interval_2,Interval_11,Interval_7,Interval_9,Interval_7,Interval_7
Interval_2,Interval_11,Interval_7,Interval_9,Interval_7,Interval_7
Interval_2,Interval_11,Interval_6,Interval_9,Interval_6,Interval_7
Interval_2,Interval_11,Interval_6,Interval_9,Interval_6,Interval_7
Interval_2,Interval_11,Interval_7,Interval_8,Interval_6,Interval_7
Interval_2,Interval_12,Interval_7,Interval_9,Interval_6,Interval_7
Interval_2,Interval_12,Interval_7,Interval_8,Interval_6,Interval_7
Interval_2,Interval_12,Interval_8,Interval_8,Interval_6,Interval_7
Interval_2,Interval_12,Interval_8,Interval_9,Interval_6,Interval_7
Interval_2,Interval_11,Interval_7,Interval_8,Interval_6,Interval_7
Interval_2,,Interval_8,Interval_10,Interval_7,Interval_7
Interval_2,Interval_11,Interval_7,Interval_9,Interval_8,Interval_7
Interval_2,Interval_11,Interval_6,Interval_7,Interval_8,Interval_7
Interval_2,Interval_10,Interval_6,Interval_8,Interval_7,Interval_7
Interval_2,Interval_11,Interval_6,Interval_9,Interval_7,Interval_7
Interval_2,Interval_11,Interval_7,Interval_9,Interval_7,Interval_7
Interval_2,Interval_12,Interval_6,Interval_9,Interval_6,Interval_7
Interval_2,Interval_11,Interval_6,Interval_8,Interval_6,Interval_7
Interval_2,Interval_11,Interval_6,Interval_9,Interval_6,Interval_7
Interval_2,Interval_11,Interval_6,Interval_9,Interval_6,Interval_7
Interval_2,Interval_11,Interval_6,Interval_9,Interval_6,Interval_7
Interval_2,Interval_11,Interval_7,Interval_8,Interval_6,Interval_7
Interval_2,Interval_12,Interval_7,Interval_8,Interval_6,Interval_7
Interval_2,Interval_12,Interval_8,Interval_7,Interval_7,Interval_7
Interval_2,Interval_12,Interval_9,Interval_9,Interval_7,Interval_7
Interval_2,Interval_11,Interval_8,Interval_9,Interval_7,Interval_7
Interval_2,Interval_13,Interval_8,Interval_9,Interval_6,Interval_7
Interval_2,Interval_13,Interval_8,Interval_9,Interval_7,Interval_7
Interval_2,Interval_11,Interval_7,Interval_8,Interval_9,Interval_7
Interval_2,Interval_11,Interval_6,Interval_8,Interval_8,Interval_7
Interval_2,Interval_11,Interval_6,Interval_8,Interval_7,Interval_7
Interval_2,Interval_11,Interval_6,Interval_9,Interval_7,Interval_7
Interval_2,Interval_12,Interval_7,Interval_9,Interval_7,Interval_7
Interval_2,Interval_11,Interval_7,Interval_9,Interval_7,Interval_7
Interval_2,Interval_11,Interval_7,Interval_9,Interval_7,Interval_7
Interval_2,Interval_11,Interval_7,Interval_8,Interval_6,Interval_7
Interval_2,Interval_11,Interval_6,Interval_9,Interval_7,Interval_7
Interval_2,Interval_11,Interval_6,Interval_9,Interval_6,Interval_7
Interval_2,Interval_11,Interval_6,Interval_9,Interval_6,Interval_7
Interval_2,Interval_11,Interval_6,Interval_8,Interval_6,Interval_7
Interval_2,Interval_12,Interval_7,Interval_8,Interval_6,Interval_7
Interval_2,Interval_12,Interval_8,Interval_7,Interval_7,Interval_7
Interval_2,Interval_12,Interval_9,Interval_9,Interval_7,Interval_7
Interval_2,Interval_11,Interval_9,Interval_9,Interval_6,Interval_7
Interval_2,Interval_13,Interval_8,Interval_11,Interval_7,Interval_7
Interval_2,Interval_11,Interval_7,Interval_9,Interval_8,Interval_7
Interval_2,Interval_11,Interval_6,Interval_8,Interval_8,Interval_7
Interval_2,Interval_11,Interval_6,Interval_8,Interval_8,Interval_7
Interval_2,Interval_11,Interval_6,Interval_9,Interval_7,Interval_8
Interval_2,Interval_11,Interval_5,Interval_9,Interval_6,Interval_7
Interval_2,Interval_12,Interval_6,Interval_8,Interval_7,Interval_7
Interval_2,Interval_12,Interval_6,Interval_8,Interval_7,Interval_7
Interval_2,Interval_12,Interval_6,Interval_9,Interval_7,Interval_7
Interval_2,Interval_11,Interval_6,Interval_9,Interval_7,Interval_7
Interval_2,Interval_11,Interval_6,Interval_8,Interval_7,Interval_7
Interval_2,Interval_11,Interval_6,Interval_9,Interval_6,Interval_7
Interval_2,Interval_11,Interval_6,Interval_9,Interval_6,Interval_7
Interval_2,Interval_11,Interval_6,Interval_9,Interval_6,Interval_7
Interval_2,Interval_11,Interval_6,Interval_9,Interval_6,Interval_7
Interval_2,Interval_11,Interval_7,Interval_8,Interval_6,Interval_7
Interval_2,Interval_12,Interval_8,Interval_8,Interval_6,Interval_7
Interval_2,Interval_12,Interval_9,Interval_8,Interval_6,Interval_7
Interval_2,Interval_12,Interval_9,Interval_10,Interval_6,Interval_7
Interval_2,Interval_11,Interval_8,Interval_9,Interval_7,Interval_7
Interval_2,Interval_12,Interval_7,Interval_9,Interval_6,Interval_7
Interval_2,,Interval_8,Interval_10,Interval_7,Interval_7
Interval_2,Interval_11,Interval_6,Interval_8,Interval_8,Interval_7
Interval_2,Interval_11,Interval_5,Interval_8,Interval_8,Interval_7
Interval_2,Interval_11,Interval_6,Interval_8,Interval_7,Interval_7
Interval_2,Interval_11,Interval_6,Interval_9,Interval_7,Interval_7
Interval_2,Interval_11,Interval_5,Interval_9,Interval_7,Interval_7
Interval_2,Interval_12,Interval_6,Interval_9,Interval_7,Interval_7
Interval_2,Interval_12,Interval_6,Interval_9,Interval_7,Interval_7
Interval_2,Interval_11,Interval_5,Interval_9,Interval_6,Interval_7
Interval_2,Interval_11,Interval_5,Interval_9,Interval_7,Interval_7
Interval_2,Interval_11,Interval_5,Interval_9,Interval_6,Interval_7
Interval_2,Interval_11,Interval_5,Interval_9,Interval_5,Interval_7
Interval_2,Interval_11,Interval_6,Interval_8,Interval_6,Interval_7
Interval_2,Interval_12,Interval_6,Interval_9,Interval_6,Interval_7
Interval_2,Interval_12,Interval_6,Interval_7,Interval_6,Interval_7
Interval_2,Interval_12,Interval_7,Interval_8,Interval_6,Interval_7
Interval_2,Interval_11,Interval_7,Interval_9,Interval_6,Interval_7
Interval_2,Interval_12,Interval_7,Interval_9,Interval_7,Interval_7
Interval_2,Interval_4,Interval_8,Interval_8,Interval_7,Interval_7
Interval_2,Interval_3,Interval_7,Interval_7,Interval_6,Interval_7
Interval_2,Interval_3,Interval_6,Interval_8,Interval_7,Interval_7
Interval_2,Interval_3,Interval_5,Interval_8,Interval_7,Interval_7
Interval_2,Interval_2,Interval_5,Interval_9,Interval_7,Interval_7
Interval_2,Interval_2,Interval_5,Interval_9,Interval_7,Interval_7
Interval_2,Interval_1,Interval_5,Interval_10,Interval_6,Interval_7
Interval_2,Interval_2,Interval_7,Interval_10,Interval_6,Interval_7
Interval_2,Interval_6,Interval_7,Interval_9,Interval_6,Interval_7
Interval_2,Interval_5,Interval_7,Interval_8,Interval_7,Interval_7
Interval_2,Interval_2,Interval_7,Interval_7,Interval_7,Interval_7
Interval_2,Interval_2,Interval_6,Interval_8,Interval_7,Interval_7
Interval_2,Interval_2,Interval_5,Interval_9,Interval_7,Interval_7
Interval_2,,Interval_5,Interval_10,Interval_6,Interval_7
Interval_2,Interval_3,Interval_7,Interval_10,Interval_6,Interval_7
Interval_2,Interval_7,Interval_7,Interval_8,Interval_7,Interval_7
Interval_2,Interval_3,Interval_7,Interval_7,Interval_7,Interval_7
Interval_2,Interval_2,Interval_6,Interval_7,Interval_7,Interval_7
Interval_2,Interval_2,Interval_5,Interval_9,Interval_7,Interval_7
Interval_2,Interval_1,Interval_5,Interval_9,Interval_7,Interval_7
Interval_2,Interval_2,Interval_6,Interval_10,Interval_6,Interval_7
Interval_2,Interval_4,Interval_7,Interval_9,Interval_6,Interval_7
Interval_2,Interval_6,Interval_7,Interval_8,Interval_7,Interval_7
Interval_2,Interval_2,Interval_7,Interval_7,Interval_7,Interval_7
Interval_2,Interval_2,Interval_6,Interval_8,Interval_7,Interval_7
Interval_2,Interval_2,Interval_5,Interval_9,Interval_7,Interval_7
Interval_2,Interval_1,Interval_5,Interval_10,Interval_6,Interval_7
Interval_2,Interval_2,Interval_7,Interval_10,Interval_6,Interval_7
Interval_2,Interval_6,Interval_7,Interval_9,Interval_6,Interval_7
Interval_2,Interval_4,Interval_7,Interval_8,Interval_7,Interval_7
Interval_2,Interval_2,Interval_7,Interval_7,Interval_7,Interval_7
Interval_2,Interval_2,Interval_6,Interval_8,Interval_7,Interval_7
Interval_2,Interval_2,Interval_5,Interval_9,Interval_7,Interval_7
Interval_2,Interval_1,Interval_5,Interval_10,Interval_6,Interval_7
Interval_2,Interval_2,Interval_7,Interval_10,Interval_6,Interval_7
Interval_2,Interval_5,Interval_7,Interval_9,Interval_6,Interval_7
Interval_2,Interval_5,Interval_7,Interval_8,Interval_7,Interval_7
Interval_2,Interval_2,Interval_7,Interval_7,Interval_7,Interval_7
Interval_2,Interval_2,Interval_5,Interval_8,Interval_7,Interval_7
Interval_2,Interval_1,Interval_5,Interval_9,Interval_7,Interval_7
Interval_2,Interval_1,Interval_6,Interval_10,Interval_6,Interval_7
Interval_2,Interval_3,Interval_7,Interval_9,Interval_6,Interval_7
Interval_2,Interval_6,Interval_7,Interval_9,Interval_7,Interval_7
Interval_2,Interval_3,Interval_8,Interval_7,Interval_7,Interval_7
Interval_2,Interval_2,Interval_7,Interval_8,Interval_7,Interval_7
Interval_2,Interval_2,Interval_6,Interval_9,Interval_7,Interval_7
Interval_2,Interval_1,Interval_6,Interval_9,Interval_6,Interval_7
Interval_2,Interval_1,Interval_6,Interval_10,Interval_6,Interval_7
Interval_2,Interval_4,Interval_7,Interval_9,Interval_6,Interval_7
Interval_2,Interval_7,Interval_7,Interval_9,Interval_7,Interval_7
Interval_2,Interval_3,Interval_7,Interval_7,Interval_7,Interval_7
Interval_2,Interval_2,Interval_6,Interval_8,Interval_7,Interval_7
Interval_2,Interval_2,Interval_5,Interval_9,Interval_7,Interval_7
Interval_2,Interval_1,Interval_5,Interval_9,Interval_6,Interval_7
Interval_2,Interval_1,Interval_6,Interval_10,Interval_5,Interval_7
Interval_2,Interval_5,Interval_7,Interval_9,Interval_6,Interval_7
Interval_2,Interval_6,Interval_7,Interval_8,Interval_7,Interval_7
Interval_2,Interval_2,Interval_7,Interval_7,Interval_7,Interval_7
Interval_2,Interval_2,Interval_6,Interval_8,Interval_7,Interval_7
Interval_2,Interval_2,Interval_5,Interval_9,Interval_7,Interval_7
Interval_2,Interval_1,Interval_6,Interval_10,Interval_6,Interval_7
Interval_2,Interval_2,Interval_7,Interval_10,Interval_6,Interval_7
Interval_2,Interval_6,Interval_7,Interval_9,Interval_7,Interval_7
Interval_2,Interval_4,Interval_8,Interval_7,Interval_7,Interval_7
Interval_2,Interval_2,Interval_7,Interval_7,Interval_7,Interval_7
Interval_2,Interval_2,Interval_5,Interval_8,Interval_7,Interval_7
Interval_2,Interval_1,Interval_5,Interval_9,Interval_7,Interval_7
Interval_2,Interval_1,Interval_6,Interval_10,Interval_6,Interval_7
Interval_2,Interval_3,Interval_8,Interval_10,Interval_6,Interval_7
Interval_2,Interval_7,Interval_7,Interval_9,Interval_7,Interval_7
Interval_2,Interval_4,Interval_8,Interval_7,Interval_7,Interval_7
Interval_2,Interval_2,Interval_6,Interval_7,Interval_7,Interval_7
Interval_2,Interval_3,Interval_5,Interval_8,Interval_6,Interval_7
Interval_2,Interval_3,Interval_6,Interval_8,Interval_7,Interval_7
Interval_2,Interval_2,Interval_5,Interval_9,Interval_7,Interval_7
Interval_2,Interval_2,Interval_4,Interval_8,Interval_7,Interval_7
Interval_2,Interval_2,Interval_5,Interval_8,Interval_6,Interval_7
Interval_2,Interval_3,Interval_5,Interval_8,Interval_7,Interval_7
Interval_2,Interval_3,Interval_5,Interval_8,Interval_7,Interval_7
Interval_2,Interval_3,Interval_5,Interval_9,Interval_7,Interval_7
Interval_2,Interval_2,Interval_5,Interval_9,Interval_7,Interval_7
Interval_2,Interval_2,Interval_5,Interval_10,Interval_6,Interval_7
Interval_2,Interval_2,Interval_6,Interval_9,Interval_7,Interval_7
Interval_2,Interval_3,Interval_7,Interval_9,Interval_7,Interval_7
Interval_2,Interval_6,Interval_7,Interval_8,Interval_7,Interval_7
Interval_2,Interval_3,Interval_7,Interval_8,Interval_7,Interval_7
Interval_2,Interval_2,Interval_6,Interval_8,Interval_7,Interval_7
Interval_2,Interval_2,Interval_5,Interval_8,Interval_7,Interval_7
Interval_2,Interval_1,Interval_5,Interval_9,Interval_7,Interval_7
Interval_2,Interval_2,Interval_6,Interval_10,Interval_7,Interval_7
Interval_2,Interval_3,Interval_7,Interval_9,Interval_6,Interval_7
Interval_2,Interval_5,Interval_7,Interval_8,Interval_7,Interval_7
Interval_2,Interval_3,Interval_7,Interval_8,Interval_7,Interval_7
Interval_2,Interval_2,Interval_6,Interval_8,Interval_7,Interval_7
Interval_2,Interval_2,Interval_5,Interval_8,Interval_7,Interval_7
Interval_2,Interval_1,Interval_5,Interval_9,Interval_6,Interval_7
Interval_2,Interval_2,Interval_6,Interval_10,Interval_7,Interval_7
Interval_2,Interval_3,Interval_7,Interval_10,Interval_7,Interval_7
Interval_2,Interval_5,Interval_7,Interval_8,Interval_7,Interval_7
Interval_2,Interval_4,Interval_7,Interval_8,Interval_7,Interval_7
Interval_2,Interval_2,Interval_6,Interval_8,Interval_7,Interval_7
Interval_2,Interval_2,Interval_5,Interval_8,Interval_7,Interval_7
Interval_2,Interval_2,Interval_5,Interval_8,Interval_7,Interval_7
Interval_2,Interval_3,Interval_5,Interval_9,Interval_7,Interval_7
Interval_2,Interval_3,Interval_5,Interval_9,Interval_7,Interval_7
Interval_2,Interval_2,Interval_5,Interval_9,Interval_7,Interval_7
Interval_2,Interval_2,Interval_6,Interval_10,Interval_6,Interval_7
Interval_2,Interval_3,Interval_7,Interval_10,Interval_7,Interval_7
Interval_2,Interval_5,Interval_8,Interval_8,Interval_7,Interval_7
Interval_2,Interval_4,Interval_7,Interval_8,Interval_7,Interval_7
Interval_2,Interval_2,Interval_6,Interval_8,Interval_7,Interval_7
Interval_2,Interval_2,Interval_5,Interval_8,Interval_7,Interval_7
Interval_2,Interval_2,Interval_5,Interval_9,Interval_7,Interval_7
Interval_2,Interval_2,Interval_6,Interval_10,Interval_6,Interval_7
Interval_2,Interval_3,Interval_7,Interval_10,Interval_7,Interval_7
Interval_2,Interval_5,Interval_8,Interval_9,Interval_7,Interval_7
Interval_2,Interval_4,Interval_8,Interval_7,Interval_7,Interval_7
Interval_2,Interval_2,Interval_6,Interval_7,Interval_7,Interval_7
Interval_2,Interval_2,Interval_5,Interval_8,Interval_7,Interval_7
Interval_2,Interval_2,Interval_5,Interval_9,Interval_7,Interval_7
Interval_2,Interval_3,Interval_5,Interval_9,Interval_7,Interval_7
Interval_2,Interval_3,Interval_5,Interval_9,Interval_7,Interval_7
Interval_2,Interval_3,Interval_6,Interval_7,Interval_7,Interval_7
Interval_2,Interval_3,Interval_6,Interval_8,Interval_7,Interval_7
Interval_2,Interval_3,Interval_5,Interval_9,Interval_7,Interval_7
Interval_2,Interval_3,Interval_5,Interval_9,Interval_7,Interval_7
Interval_2,Interval_2,Interval_5,Interval_9,Interval_7,Interval_7
Interval_2,Interval_1,Interval_5,Interval_10,Interval_6,Interval_7
Interval_2,Interval_2,Interval_6,Interval_10,Interval_5,Interval_7
Interval_2,Interval_5,Interval_7,Interval_9,Interval_6,Interval_7
Interval_2,Interval_6,Interval_7,Interval_8,Interval_7,Interval_7
Interval_2,Interval_2,Interval_7,Interval_8,Interval_7,Interval_7
Interval_2,Interval_2,Interval_6,Interval_8,Interval_7,Interval_7
Interval_2,Interval_2,Interval_6,Interval_9,Interval_7,Interval_7
Interval_2,Interval_1,Interval_5,Interval_9,Interval_7,Interval_7
Interval_2,Interval_2,Interval_7,Interval_10,Interval_6,Interval_7
Interval_2,Interval_5,Interval_7,Interval_9,Interval_6,Interval_7
Interval_2,Interval_5,Interval_7,Interval_8,Interval_7,Interval_7
Interval_2,Interval_2,Interval_7,Interval_7,Interval_7,Interval_7
Interval_2,Interval_2,Interval_6,Interval_8,Interval_7,Interval_7
Interval_2,Interval_2,Interval_6,Interval_9,Interval_7,Interval_7
Interval_2,Interval_1,Interval_5,Interval_9,Interval_7,Interval_7
Interval_2,Interval_2,Interval_6,Interval_10,Interval_6,Interval_7
Interval_2,Interval_4,Interval_7,Interval_10,Interval_6,Interval_7
Interval_2,Interval_6,Interval_7,Interval_9,Interval_7,Interval_7
Interval_2,Interval_3,Interval_8,Interval_7,Interval_7,Interval_7
Interval_2,Interval_2,Interval_6,Interval_7,Interval_7,Interval_7
Interval_2,Interval_2,Interval_6,Interval_8,Interval_7,Interval_7
Interval_2,Interval_2,Interval_5,Interval_9,Interval_7,Interval_7
Interval_2,Interval_1,Interval_5,Interval_10,Interval_6,Interval_7
Interval_2,Interval_2,Interval_7,Interval_10,Interval_6,Interval_7
Interval_2,Interval_4,Interval_8,Interval_10,Interval_6,Interval_7
Interval_2,Interval_6,Interval_7,Interval_8,Interval_7,Interval_7
Interval_2,Interval_3,Interval_8,Interval_7,Interval_7,Interval_7
Interval_2,Interval_2,Interval_7,Interval_7,Interval_7,Interval_7
Interval_2,Interval_2,Interval_6,Interval_8,Interval_7,Interval_7
Interval_2,Interval_2,Interval_5,Interval_9,Interval_7,Interval_7
Interval_2,Interval_1,Interval_5,Interval_9,Interval_6,Interval_7
Interval_2,Interval_2,Interval_6,Interval_10,Interval_6,Interval_7
Interval_2,Interval_4,Interval_8,Interval_10,Interval_6,Interval_7
Interval_2,Interval_6,Interval_7,Interval_9,Interval_7,Interval_7
Interval_2,Interval_3,Interval_8,Interval_7,Interval_7,Interval_7
Interval_2,Interval_2,Interval_7,Interval_7,Interval_7,Interval_7
Interval_2,Interval_2,Interval_6,Interval_8,Interval_7,Interval_7
Interval_2,Interval_2,Interval_6,Interval_9,Interval_7,Interval_7
Interval_2,Interval_3,Interval_6,Interval_9,Interval_7,Interval_7
Interval_2,Interval_3,Interval_6,Interval_9,Interval_7,Interval_7
Interval_2,Interval_2,Interval_5,Interval_9,Interval_7,Interval_7
Interval_2,Interval_2,Interval_5,Interval_9,Interval_7,Interval_7
Interval_2,Interval_1,Interval_6,Interval_9,Interval_6,Interval_7
Interval_2,Interval_3,Interval_7,Interval_9,Interval_6,Interval_7
Interval_2,Interval_5,Interval_8,Interval_9,Interval_7,Interval_7
Interval_2,Interval_4,Interval_7,Interval_8,Interval_7,Interval_7
Interval_2,Interval_3,Interval_7,Interval_8,Interval_7,Interval_7
Interval_2,Interval_2,Interval_6,Interval_8,Interval_7,Interval_7
Interval_2,Interval_2,Interval_5,Interval_9,Interval_7,Interval_7
Interval_2,Interval_2,Interval_6,Interval_10,Interval_6,Interval_7
Interval_2,Interval_3,Interval_7,Interval_10,Interval_6,Interval_7
Interval_2,Interval_4,Interval_8,Interval_9,Interval_7,Interval_7
Interval_2,Interval_5,Interval_8,Interval_8,Interval_7,Interval_7
Interval_2,Interval_3,Interval_7,Interval_8,Interval_7,Interval_7
Interval_2,Interval_2,Interval_6,Interval_8,Interval_7,Interval_7
Interval_2,Interval_1,Interval_6,Interval_9,Interval_7,Interval_7
Interval_2,Interval_1,Interval_6,Interval_10,Interval_6,Interval_7
Interval_2,Interval_3,Interval_7,Interval_10,Interval_6,Interval_7
Interval_2,Interval_5,Interval_8,Interval_9,Interval_7,Interval_7
Interval_2,Interval_5,Interval_8,Interval_8,Interval_7,Interval_7
Interval_2,Interval_3,Interval_7,Interval_8,Interval_7,Interval_7
Interval_2,Interval_2,Interval_7,Interval_8,Interval_7,Interval_7
Interval_2,Interval_2,Interval_6,Interval_9,Interval_7,Interval_7
Interval_2,Interval_2,Interval_6,Interval_9,Interval_7,Interval_7
Interval_2,Interval_2,Interval_7,Interval_10,Interval_6,Interval_7
Interval_2,Interval_4,Interval_8,Interval_9,Interval_7,Interval_7
Interval_2,Interval_5,Interval_8,Interval_8,Interval_7,Interval_7
Interval_2,Interval_3,Interval_8,Interval_8,Interval_7,Interval_7
Interval_2,Interval_2,Interval_7,Interval_8,Interval_7,Interval_7
Interval_2,Interval_2,Interval_6,Interval_8,Interval_7,Interval_7
Interval_2,Interval_3,Interval_6,Interval_8,Interval_7,Interval_7
Interval_2,Interval_2,Interval_5,Interval_9,Interval_7,Interval_7
Interval_2,Interval_2,Interval_6,Interval_10,Interval_6,Interval_7
Interval_2,Interval_3,Interval_7,Interval_10,Interval_6,Interval_7
Interval_2,Interval_4,Interval_8,Interval_9,Interval_7,Interval_7
Interval_2,Interval_5,Interval_8,Interval_8,Interval_7,Interval_7
Interval_2,Interval_3,Interval_8,Interval_8,Interval_7,Interval_7
Interval_2,Interval_2,Interval_7,Interval_8,Interval_7,Interval_7
Interval_2,Interval_2,Interval_6,Interval_8,Interval_7,Interval_7
Interval_2,Interval_3,Interval_5,Interval_9,Interval_7,Interval_7
Interval_2,Interval_3,Interval_6,Interval_9,Interval_7,Interval_7
Interval_2,Interval_3,Interval_7,Interval_7,Interval_7,Interval_7
Interval_2,Interval_3,Interval_6,Interval_7,Interval_7,Interval_7
Interval_2,Interval_3,Interval_6,Interval_8,Interval_6,Interval_7
Interval_2,Interval_3,Interval_5,Interval_9,Interval_7,Interval_7
Interval_2,Interval_3,Interval_5,Interval_9,Interval_7,Interval_7
Interval_2,Interval_2,Interval_4,Interval_9,Interval_7,Interval_7
Interval_2,Interval_2,Interval_6,Interval_10,Interval_6,Interval_7
Interval_2,Interval_5,Interval_7,Interval_10,Interval_6,Interval_7
Interval_2,Interval_5,Interval_7,Interval_8,Interval_7,Interval_7
Interval_2,Interval_2,Interval_7,Interval_7,Interval_7,Interval_7
Interval_2,Interval_2,Interval_6,Interval_8,Interval_7,Interval_7
Interval_2,Interval_3,Interval_5,Interval_8,Interval_7,Interval_7
Interval_2,Interval_2,Interval_5,Interval_9,Interval_7,Interval_7
Interval_2,Interval_1,Interval_5,Interval_10,Interval_6,Interval_7
Interval_2,Interval_3,Interval_7,Interval_11,Interval_5,Interval_7
Interval_2,Interval_7,Interval_8,Interval_9,Interval_8,Interval_7
Interval_2,Interval_4,Interval_7,Interval_7,Interval_7,Interval_7
Interval_2,Interval_2,Interval_6,Interval_7,Interval_7,Interval_7
Interval_2,Interval_2,Interval_5,Interval_8,Interval_7,Interval_7
Interval_2,Interval_2,Interval_5,Interval_9,Interval_7,Interval_7
Interval_2,Interval_1,Interval_5,Interval_10,Interval_5,Interval_7
Interval_2,Interval_2,Interval_7,Interval_10,Interval_6,Interval_7
Interval_2,Interval_6,Interval_7,Interval_10,Interval_7,Interval_7
Interval_2,Interval_5,Interval_8,Interval_7,Interval_8,Interval_7
Interval_2,Interval_2,Interval_7,Interval_6,Interval_7,Interval_7
Interval_2,Interval_2,Interval_5,Interval_8,Interval_7,Interval_7
Interval_2,Interval_3,Interval_5,Interval_9,Interval_7,Interval_7
Interval_2,Interval_2,Interval_5,Interval_9,Interval_7,Interval_7
Interval_2,Interval_1,Interval_5,Interval_10,Interval_6,Interval_7
Interval_2,Interval_3,Interval_7,Interval_10,Interval_6,Interval_7
Interval_2,Interval_6,Interval_7,Interval_9,Interval_7,Interval_7
Interval_2,Interval_4,Interval_8,Interval_7,Interval_8,Interval_7
Interval_2,Interval_2,Interval_7,Interval_7,Interval_7,Interval_7
Interval_2,Interval_2,Interval_5,Interval_8,Interval_7,Interval_7
Interval_2,Interval_3,Interval_5,Interval_9,Interval_7,Interval_7
Interval_2,Interval_1,Interval_5,Interval_9,Interval_7,Interval_7
Interval_2,Interval_1,Interval_5,Interval_10,Interval_6,Interval_7
Interval_2,Interval_3,Interval_7,Interval_11,Interval_6,Interval_7
Interval_2,Interval_5,Interval_7,Interval_9,Interval_8,Interval_7
Interval_2,Interval_5,Interval_8,Interval_7,Interval_7,Interval_7
Interval_2,Interval_3,Interval_7,Interval_6,Interval_7,Interval_7
Interval_2,Interval_2,Interval_6,Interval_8,Interval_7,Interval_7
Interval_2,Interval_2,Interval_5,Interval_9,Interval_7,Interval_7
Interval_2,Interval_3,Interval_5,Interval_9,Interval_7,Interval_7
Interval_2,Interval_3,Interval_5,Interval_8,Interval_7,Interval_7
Interval_2,Interval_3,Interval_5,Interval_9,Interval_7,Interval_7
Interval_2,Interval_10,Interval_3,Interval_9,Interval_7,Interval_7
Interval_2,Interval_11,Interval_3,Interval_10,Interval_6,Interval_7
Interval_2,Interval_11,Interval_2,Interval_9,Interval_6,Interval_7
Interval_2,Interval_11,Interval_2,Interval_9,Interval_6,Interval_7
Interval_2,Interval_13,Interval_1,Interval_8,Interval_7,Interval_7
Interval_2,Interval_11,Interval_2,Interval_8,Interval_7,Interval_7
Interval_2,Interval_11,Interval_3,Interval_8,Interval_7,Interval_7
Interval_2,Interval_11,Interval_2,Interval_9,Interval_7,Interval_7
Interval_2,Interval_11,Interval_3,Interval_8,Interval_7,Interval_7
Interval_2,Interval_10,Interval_3,Interval_9,Interval_7,Interval_7
Interval_2,Interval_11,Interval_3,Interval_9,Interval_7,Interval_7
Interval_2,Interval_11,Interval_3,Interval_9,Interval_7,Interval_7
Interval_2,Interval_11,Interval_2,Interval_9,Interval_7,Interval_7
Interval_2,Interval_11,Interval_2,Interval_9,Interval_7,Interval_7
Interval_2,Interval_11,Interval_2,Interval_8,Interval_6,Interval_7
Interval_2,Interval_13,Interval_1,Interval_8,Interval_7,Interval_7
Interval_2,Interval_11,Interval_3,Interval_8,Interval_7,Interval_7
Interval_2,Interval_11,Interval_2,Interval_9,Interval_7,Interval_7
Interval_2,Interval_11,Interval_2,Interval_8,Interval_7,Interval_7
Interval_2,Interval_11,Interval_2,Interval_7,Interval_7,Interval_7
Interval_2,Interval_10,Interval_3,Interval_9,Interval_7,Interval_7
Interval_2,Interval_11,Interval_3,Interval_9,Interval_7,Interval_7
Interval_2,Interval_10,Interval_3,Interval_9,Interval_6,Interval_7
Interval_2,Interval_11,Interval_2,Interval_9,Interval_7,Interval_7
Interval_2,Interval_11,Interval_2,Interval_9,Interval_6,Interval_7
Interval_2,Interval_13,,Interval_8,Interval_7,Interval_7
Interval_2,Interval_11,Interval_2,Interval_8,Interval_7,Interval_7
Interval_2,Interval_11,Interval_2,Interval_9,Interval_7,Interval_7
Interval_2,Interval_11,Interval_2,Interval_9,Interval_7,Interval_7
Interval_2,Interval_11,Interval_2,Interval_8,Interval_7,Interval_7
Interval_2,Interval_11,Interval_3,Interval_8,Interval_7,Interval_7
Interval_2,Interval_10,Interval_3,Interval_9,Interval_7,Interval_7
Interval_2,Interval_11,Interval_3,Interval_9,Interval_7,Interval_7
Interval_2,Interval_10,Interval_3,Interval_9,Interval_6,Interval_7
Interval_2,Interval_11,Interval_2,Interval_10,Interval_7,Interval_7
Interval_2,Interval_11,Interval_2,Interval_9,Interval_6,Interval_7
Interval_2,Interval_13,Interval_1,Interval_8,Interval_7,Interval_7
Interval_2,Interval_12,Interval_2,Interval_8,Interval_7,Interval_7
Interval_2,Interval_11,Interval_3,Interval_8,Interval_7,Interval_7
Interval_2,Interval_11,Interval_3,Interval_9,Interval_7,Interval_7
Interval_2,Interval_11,Interval_2,Interval_9,Interval_7,Interval_7
Interval_2,Interval_11,Interval_3,Interval_8,Interval_7,Interval_7
Interval_2,Interval_11,Interval_3,Interval_8,Interval_7,Interval_7
Interval_2,Interval_11,Interval_3,Interval_9,Interval_7,Interval_7
Interval_2,Interval_12,Interval_3,Interval_9,Interval_7,Interval_7
Interval_2,Interval_10,Interval_3,Interval_10,Interval_6,Interval_7
Interval_2,Interval_11,Interval_2,Interval_9,Interval_7,Interval_7
Interval_2,Interval_11,Interval_2,Interval_8,Interval_7,Interval_7
Interval_2,Interval_11,Interval_1,Interval_8,Interval_6,Interval_7
Interval_2,Interval_13,Interval_1,Interval_8,Interval_7,Interval_7
Interval_2,Interval_11,Interval_3,Interval_8,Interval_7,Interval_7
Interval_2,Interval_11,Interval_2,Interval_8,Interval_7,Interval_7
Interval_2,Interval_11,Interval_2,Interval_9,Interval_7,Interval_7
Interval_2,Interval_11,Interval_2,Interval_9,Interval_7,Interval_7
Interval_2,Interval_11,Interval_2,Interval_8,Interval_7,Interval_7
Interval_2,Interval_11,Interval_2,Interval_8,Interval_7,Interval_7
Interval_2,Interval_11,Interval_3,Interval_8,Interval_7,Interval_7
Interval_2,Interval_11,Interval_3,Interval_9,Interval_7,Interval_7
Interval_2,Interval_11,Interval_3,Interval_9,Interval_7,Interval_7
Interval_2,Interval_11,Interval_3,Interval_9,Interval_7,Interval_7
Interval_2,Interval_11,Interval_3,Interval_9,Interval_7,Interval_7
Interval_2,Interval_11,Interval_3,Interval_8,Interval_7,Interval_7
Interval_2,Interval_11,Interval_2,Interval_9,Interval_6,Interval_7
Interval_2,Interval_11,Interval_2,Interval_9,Interval_6,Interval_7
Interval_2,Interval_12,Interval_1,Interval_8,Interval_7,Interval_7
Interval_2,Interval_12,Interval_1,Interval_8,Interval_7,Interval_7
Interval_2,Interval_11,Interval_2,Interval_8,Interval_7,Interval_7
Interval_2,Interval_11,Interval_2,Interval_8,Interval_7,Interval_7
Interval_2,Interval_11,Interval_2,Interval_8,Interval_7,Interval_7
Interval_2,Interval_10,Interval_3,Interval_9,Interval_6,Interval_7
Interval_2,Interval_11,Interval_3,Interval_9,Interval_7,Interval_7
Interval_2,Interval_10,Interval_3,Interval_9,Interval_7,Interval_7
Interval_2,Interval_11,Interval_2,Interval_9,Interval_6,Interval_7
Interval_2,Interval_12,Interval_2,Interval_9,Interval_7,Interval_7
Interval_2,Interval_13,Interval_2,Interval_8,Interval_7,Interval_7
Interval_2,Interval_11,Interval_2,Interval_8,Interval_7,Interval_7
Interval_2,Interval_11,Interval_2,Interval_9,Interval_7,Interval_7
Interval_2,Interval_11,Interval_2,Interval_8,Interval_7,Interval_7
Interval_2,Interval_11,Interval_3,Interval_8,Interval_7,Interval_7
Interval_2,Interval_11,Interval_3,Interval_9,Interval_7,Interval_7
Interval_2,Interval_10,Interval_2,Interval_10,Interval_7,Interval_7
Interval_2,Interval_11,Interval_2,Interval_9,Interval_6,Interval_7
Interval_2,Interval_11,Interval_2,Interval_8,Interval_7,Interval_7
Interval_2,,Interval_1,Interval_9,Interval_7,Interval_7
Interval_2,Interval_11,Interval_3,Interval_9,Interval_7,Interval_7
Interval_2,Interval_11,Interval_2,Interval_9,Interval_7,Interval_7
Interval_2,Interval_11,Interval_2,Interval_8,Interval_7,Interval_7
Interval_2,Interval_11,Interval_2,Interval_8,Interval_7,Interval_7
Interval_2,Interval_11,Interval_3,Interval_8,Interval_7,Interval_7
Interval_2,Interval_11,Interval_3,Interval_9,Interval_7,Interval_7
Interval_2,Interval_11,Interval_3,Interval_9,Interval_6,Interval_7
Interval_2,Interval_11,Interval_3,Interval_9,Interval_7,Interval_7
Interval_2,Interval_11,Interval_3,Interval_9,Interval_7,Interval_7
Interval_2,Interval_10,Interval_2,Interval_10,Interval_7,Interval_7
Interval_2,Interval_11,Interval_2,Interval_9,Interval_7,Interval_7
Interval_2,Interval_11,Interval_2,Interval_9,Interval_7,Interval_7
Interval_2,Interval_13,Interval_1,Interval_7,Interval_7,Interval_7
Interval_2,Interval_11,Interval_2,Interval_8,Interval_7,Interval_7
Interval_2,Interval_11,Interval_2,Interval_9,Interval_7,Interval_7
Interval_2,Interval_11,Interval_2,Interval_9,Interval_7,Interval_7
Interval_2,Interval_11,Interval_3,Interval_9,Interval_7,Interval_7
Interval_2,Interval_11,Interval_3,Interval_8,Interval_7,Interval_7
Interval_2,Interval_11,Interval_3,Interval_8,Interval_7,Interval_7
Interval_2,Interval_11,Interval_4,Interval_9,Interval_7,Interval_7
Interval_2,Interval_11,Interval_3,Interval_9,Interval_7,Interval_7
Interval_2,Interval_11,Interval_3,Interval_9,Interval_7,Interval_7
Interval_2,Interval_11,Interval_3,Interval_9,Interval_7,Interval_7
Interval_2,Interval_11,Interval_3,Interval_9,Interval_7,Interval_7
Interval_2,Interval_11,Interval_3,Interval_9,Interval_6,Interval_7
Interval_2,Interval_11,Interval_2,Interval_9,Interval_6,Interval_7
Interval_2,Interval_11,Interval_2,Interval_9,Interval_7,Interval_7
Interval_2,Interval_11,Interval_2,Interval_8,Interval_6,Interval_7
Interval_2,Interval_13,Interval_2,Interval_8,Interval_7,Interval_7
Interval_2,Interval_11,Interval_3,Interval_8,Interval_7,Interval_7
Interval_2,Interval_11,Interval_3,Interval_9,Interval_7,Interval_7
Interval_2,Interval_11,Interval_3,Interval_9,Interval_7,Interval_7
Interval_2,Interval_11,Interval_3,Interval_9,Interval_7,Interval_7
Interval_2,Interval_11,Interval_3,Interval_9,Interval_7,Interval_7
Interval_2,Interval_11,Interval_3,Interval_8,Interval_7,Interval_7
Interval_2,Interval_12,Interval_3,Interval_8,Interval_7,Interval_7
Interval_2,Interval_11,Interval_3,Interval_9,Interval_7,Interval_7
Interval_2,Interval_11,Interval_3,Interval_9,Interval_7,Interval_7
Interval_2,Interval_11,Interval_3,Interval_9,Interval_7,Interval_7
Interval_2,Interval_11,Interval_3,Interval_9,Interval_7,Interval_7
Interval_2,Interval_11,Interval_5,Interval_7,Interval_7,Interval_7
Interval_2,Interval_11,Interval_5,Interval_9,Interval_7,Interval_7
Interval_2,Interval_11,Interval_5,Interval_9,Interval_7,Interval_7
Interval_2,Interval_11,Interval_5,Interval_9,Interval_6,Interval_7
Interval_2,Interval_11,Interval_4,Interval_9,Interval_7,Interval_7
Interval_2,Interval_11,Interval_4,Interval_9,Interval_7,Interval_7
Interval_2,Interval_11,Interval_4,Interval_9,Interval_6,Interval_7
Interval_2,Interval_12,Interval_4,Interval_8,Interval_6,Interval_7
Interval_2,Interval_12,Interval_5,Interval_8,Interval_7,Interval_7
Interval_2,Interval_12,Interval_5,Interval_9,Interval_7,Interval_7
Interval_2,Interval_13,Interval_5,Interval_9,Interval_7,Interval_7
Interval_2,Interval_12,Interval_4,Interval_10,Interval_7,Interval_7
Interval_2,Interval_11,Interval_4,Interval_8,Interval_7,Interval_7
Interval_2,Interval_11,Interval_5,Interval_8,Interval_7,Interval_7
Interval_2,Interval_11,Interval_5,Interval_8,Interval_7,Interval_7
Interval_2,Interval_11,Interval_5,Interval_8,Interval_7,Interval_7
Interval_2,Interval_11,Interval_5,Interval_9,Interval_6,Interval_7
Interval_2,Interval_11,Interval_5,Interval_9,Interval_6,Interval_7
Interval_2,Interval_10,Interval_4,Interval_9,Interval_7,Interval_7
Interval_2,Interval_11,Interval_4,Interval_9,Interval_7,Interval_7
Interval_2,Interval_11,Interval_4,Interval_8,Interval_6,Interval_7
Interval_2,Interval_12,Interval_4,Interval_8,Interval_6,Interval_7
Interval_2,Interval_12,Interval_4,Interval_9,Interval_7,Interval_7
Interval_2,Interval_12,Interval_4,Interval_8,Interval_7,Interval_7
Interval_2,Interval_13,Interval_5,Interval_9,Interval_7,Interval_7
Interval_2,Interval_12,Interval_5,Interval_9,Interval_7,Interval_7
Interval_2,Interval_11,Interval_4,Interval_9,Interval_7,Interval_7
Interval_2,Interval_11,Interval_4,Interval_8,Interval_7,Interval_7
Interval_2,Interval_11,Interval_5,Interval_8,Interval_7,Interval_7
Interval_2,Interval_11,Interval_5,Interval_9,Interval_7,Interval_7
Interval_2,Interval_11,Interval_5,Interval_9,Interval_7,Interval_7
Interval_2,Interval_11,Interval_5,Interval_9,Interval_6,Interval_7
Interval_2,Interval_11,Interval_4,Interval_10,Interval_7,Interval_7
Interval_2,Interval_11,Interval_3,Interval_9,Interval_7,Interval_7
Interval_2,Interval_11,Interval_4,Interval_8,Interval_6,Interval_7
Interval_2,Interval_12,Interval_4,Interval_8,Interval_6,Interval_7
Interval_2,Interval_13,Interval_4,Interval_8,Interval_7,Interval_7
Interval_2,Interval_12,Interval_5,Interval_9,Interval_7,Interval_7
Interval_2,Interval_12,Interval_5,Interval_8,Interval_7,Interval_7
Interval_2,Interval_12,Interval_5,Interval_10,Interval_7,Interval_7
Interval_2,Interval_11,Interval_4,Interval_9,Interval_7,Interval_7
Interval_2,Interval_11,Interval_4,Interval_7,Interval_7,Interval_7
Interval_2,Interval_11,Interval_5,Interval_8,Interval_7,Interval_7
Interval_2,Interval_11,Interval_5,Interval_9,Interval_7,Interval_7
Interval_2,Interval_11,Interval_5,Interval_9,Interval_7,Interval_7
Interval_2,Interval_11,Interval_5,Interval_9,Interval_6,Interval_7
Interval_2,Interval_11,Interval_4,Interval_9,Interval_7,Interval_7
Interval_2,Interval_11,Interval_4,Interval_9,Interval_7,Interval_7
Interval_2,Interval_11,Interval_4,Interval_8,Interval_6,Interval_7
Interval_2,Interval_12,Interval_5,Interval_8,Interval_6,Interval_7
Interval_2,Interval_13,Interval_4,Interval_9,Interval_7,Interval_7
Interval_2,Interval_12,Interval_5,Interval_9,Interval_7,Interval_7
Interval_2,Interval_12,Interval_5,Interval_8,Interval_6,Interval_7
Interval_2,Interval_13,Interval_4,Interval_9,Interval_7,Interval_7
Interval_2,Interval_11,Interval_4,Interval_9,Interval_7,Interval_7
Interval_2,Interval_11,Interval_4,Interval_9,Interval_7,Interval_7
Interval_2,Interval_11,Interval_4,Interval_9,Interval_7,Interval_7
Interval_2,Interval_11,Interval_4,Interval_8,Interval_7,Interval_7
Interval_2,Interval_11,Interval_4,Interval_8,Interval_7,Interval_7
Interval_2,Interval_11,Interval_5,Interval_9,Interval_7,Interval_7
Interval_2,Interval_11,Interval_5,Interval_9,Interval_6,Interval_7
Interval_2,Interval_11,Interval_4,Interval_10,Interval_7,Interval_7
Interval_2,Interval_11,Interval_4,Interval_9,Interval_6,Interval_7
Interval_2,Interval_11,Interval_4,Interval_8,Interval_6,Interval_7
Interval_2,Interval_12,Interval_4,Interval_8,Interval_6,Interval_7
Interval_2,Interval_13,Interval_4,Interval_8,Interval_7,Interval_7
Interval_2,Interval_12,Interval_5,Interval_9,Interval_7,Interval_7
Interval_2,Interval_11,Interval_5,Interval_9,Interval_7,Interval_7
Interval_2,Interval_12,Interval_5,Interval_8,Interval_7,Interval_7
Interval_2,Interval_11,Interval_5,Interval_9,Interval_7,Interval_7
Interval_2,Interval_11,Interval_5,Interval_8,Interval_7,Interval_7
Interval_2,Interval_11,Interval_5,Interval_9,Interval_7,Interval_7
Interval_2,Interval_11,Interval_5,Interval_9,Interval_6,Interval_7
Interval_2,Interval_11,Interval_5,Interval_9,Interval_6,Interval_7
Interval_2,Interval_10,Interval_5,Interval_9,Interval_6,Interval_7
Interval_2,Interval_11,Interval_4,Interval_8,Interval_7,Interval_7
Interval_2,Interval_11,Interval_5,Interval_8,Interval_6,Interval_7
Interval_2,Interval_12,Interval_5,Interval_8,Interval_6,Interval_7
Interval_2,Interval_12,Interval_5,Interval_8,Interval_7,Interval_7
Interval_2,Interval_12,Interval_6,Interval_8,Interval_7,Interval_7
Interval_2,Interval_13,Interval_6,Interval_9,Interval_7,Interval_7
Interval_2,Interval_12,Interval_6,Interval_10,Interval_7,Interval_7
Interval_2,Interval_11,Interval_5,Interval_9,Interval_7,Interval_7
Interval_2,Interval_11,Interval_5,Interval_8,Interval_7,Interval_7
Interval_2,Interval_11,Interval_5,Interval_8,Interval_7,Interval_7
Interval_2,Interval_11,Interval_6,Interval_8,Interval_7,Interval_7
Interval_2,Interval_11,Interval_6,Interval_9,Interval_7,Interval_7
Interval_2,Interval_11,Interval_5,Interval_9,Interval_7,Interval_7
Interval_2,Interval_11,Interval_5,Interval_9,Interval_7,Interval_7
Interval_2,Interval_11,Interval_4,Interval_9,Interval_7,Interval_7
Interval_2,Interval_11,Interval_4,Interval_9,Interval_7,Interval_7
Interval_2,Interval_11,Interval_4,Interval_8,Interval_6,Interval_7
Interval_2,Interval_12,Interval_5,Interval_8,Interval_6,Interval_7
Interval_2,Interval_13,Interval_5,Interval_9,Interval_7,Interval_7
Interval_2,Interval_12,Interval_5,Interval_8,Interval_7,Interval_7
Interval_2,Interval_13,Interval_5,Interval_9,Interval_7,Interval_7
Interval_2,Interval_12,Interval_4,Interval_10,Interval_7,Interval_7
Interval_2,Interval_11,Interval_4,Interval_8,Interval_7,Interval_7
Interval_2,Interval_11,Interval_4,Interval_8,Interval_7,Interval_7
Interval_2,Interval_11,Interval_5,Interval_8,Interval_7,Interval_7
Interval_2,Interval_11,Interval_5,Interval_9,Interval_7,Interval_7
Interval_2,Interval_11,Interval_5,Interval_9,Interval_7,Interval_7
Interval_2,Interval_11,Interval_5,Interval_9,Interval_7,Interval_7
Interval_2,Interval_11,Interval_4,Interval_10,Interval_7,Interval_7
Interval_2,Interval_11,Interval_4,Interval_9,Interval_6,Interval_7
Interval_2,Interval_11,Interval_4,Interval_9,Interval_7,Interval_7
Interval_2,Interval_12,Interval_4,Interval_8,Interval_6,Interval_7
Interval_2,Interval_12,Interval_5,Interval_8,Interval_6,Interval_7
Interval_2,Interval_12,Interval_5,Interval_9,Interval_7,Interval_7
Interval_2,Interval_12,Interval_6,Interval_9,Interval_7,Interval_7
Interval_2,Interval_12,Interval_5,Interval_9,Interval_7,Interval_7
Interval_2,Interval_11,Interval_5,Interval_9,Interval_7,Interval_7
Interval_2,Interval_11,Interval_5,Interval_8,Interval_7,Interval_7
Interval_2,Interval_11,Interval_5,Interval_9,Interval_7,Interval_7
Interval_2,Interval_11,Interval_5,Interval_8,Interval_7,Interval_7
Interval_2,Interval_11,Interval_6,Interval_8,Interval_7,Interval_7
Interval_2,Interval_11,Interval_5,Interval_9,Interval_6,Interval_7
Interval_2,Interval_11,Interval_5,Interval_9,Interval_6,Interval_7
Interval_2,Interval_11,Interval_4,Interval_9,Interval_6,Interval_7
Interval_2,Interval_11,Interval_4,Interval_9,Interval_7,Interval_7
Interval_2,Interval_11,Interval_4,Interval_8,Interval_7,Interval_7
Interval_2,Interval_11,Interval_4,Interval_8,Interval_6,Interval_7
Interval_2,Interval_12,Interval_5,Interval_8,Interval_6,Interval_7
Interval_2,Interval_12,Interval_5,Interval_9,Interval_7,Interval_7
Interval_2,Interval_12,Interval_5,Interval_8,Interval_7,Interval_7
Interval_2,Interval_12,Interval_5,Interval_9,Interval_7,Interval_7
Interval_2,Interval_12,Interval_5,Interval_9,Interval_7,Interval_7
Interval_2,Interval_11,Interval_5,Interval_9,Interval_7,Interval_7
Interval_2,Interval_11,Interval_4,Interval_8,Interval_7,Interval_7
Interval_2,Interval_11,Interval_4,Interval_8,Interval_7,Interval_7
Interval_2,Interval_11,Interval_4,Interval_8,Interval_7,Interval_7
Interval_2,Interval_11,Interval_5,Interval_8,Interval_7,Interval_7
Interval_2,Interval_11,Interval_5,Interval_8,Interval_7,Interval_7
Interval_2,Interval_11,Interval_5,Interval_9,Interval_7,Interval_7
Interval_2,Interval_11,Interval_5,Interval_9,Interval_7,Interval_7
Interval_2,Interval_11,Interval_5,Interval_9,Interval_7,Interval_7
Interval_2,Interval_11,Interval_4,Interval_9,Interval_7,Interval_7
Interval_2,Interval_11,Interval_4,Interval_8,Interval_6,Interval_7
Interval_2,Interval_11,Interval_5,Interval_8,Interval_6,Interval_7
Interval_2,Interval_12,Interval_5,Interval_9,Interval_7,Interval_7
Interval_2,Interval_12,Interval_5,Interval_9,Interval_7,Interval_7
Interval_2,Interval_12,Interval_5,Interval_8,Interval_7,Interval_7
Interval_2,Interval_12,Interval_5,Interval_8,Interval_7,Interval_7
Interval_2,Interval_12,Interval_5,Interval_9,Interval_7,Interval_7
Interval_2,,Interval_3,Interval_9,Interval_7,Interval_7
Interval_2,Interval_12,Interval_4,Interval_9,Interval_7,Interval_7
Interval_2,Interval_11,Interval_4,Interval_9,Interval_7,Interval_7
Interval_2,Interval_11,Interval_4,Interval_8,Interval_7,Interval_7
Interval_2,Interval_11,Interval_4,Interval_8,Interval_7,Interval_7
Interval_2,Interval_11,Interval_5,Interval_8,Interval_7,Interval_7
Interval_2,Interval_11,Interval_5,Interval_9,Interval_6,Interval_7
Interval_2,Interval_11,Interval_4,Interval_9,Interval_7,Interval_7
Interval_2,Interval_11,Interval_4,Interval_9,Interval_7,Interval_7
Interval_2,Interval_11,Interval_4,Interval_8,Interval_6,Interval_7
Interval_2,Interval_11,Interval_5,Interval_8,Interval_6,Interval_7
Interval_2,Interval_12,Interval_5,Interval_8,Interval_6,Interval_7
Interval_2,Interval_12,Interval_5,Interval_8,Interval_7,Interval_7
Interval_2,Interval_12,Interval_5,Interval_8,Interval_7,Interval_7
Interval_2,Interval_13,Interval_4,Interval_9,Interval_7,Interval_7
Interval_2,Interval_11,Interval_5,Interval_10,Interval_7,Interval_7
Interval_2,Interval_11,Interval_4,Interval_9,Interval_7,Interval_7
Interval_2,Interval_11,Interval_4,Interval_8,Interval_6,Interval_7
Interval_2,Interval_11,Interval_5,Interval_8,Interval_7,Interval_7
Interval_2,Interval_11,Interval_5,Interval_9,Interval_7,Interval_7
Interval_2,Interval_11,Interval_5,Interval_9,Interval_6,Interval_7
Interval_2,Interval_11,Interval_4,Interval_10,Interval_7,Interval_7
Interval_2,Interval_11,Interval_4,Interval_9,Interval_7,Interval_7
Interval_2,Interval_11,Interval_3,Interval_9,Interval_6,Interval_7
Interval_2,Interval_11,Interval_4,Interval_8,Interval_6,Interval_7
Interval_2,Interval_12,Interval_4,Interval_8,Interval_6,Interval_7
Interval_2,Interval_12,Interval_4,Interval_9,Interval_7,Interval_7
Interval_2,Interval_12,Interval_4,Interval_8,Interval_7,Interval_7
Interval_2,Interval_12,Interval_4,Interval_9,Interval_7,Interval_7
Interval_2,Interval_12,Interval_4,Interval_9,Interval_7,Interval_7
Interval_2,Interval_11,Interval_4,Interval_9,Interval_7,Interval_7
Interval_2,Interval_11,Interval_4,Interval_9,Interval_7,Interval_7
Interval_2,Interval_11,Interval_4,Interval_8,Interval_6,Interval_7
Interval_2,Interval_11,Interval_4,Interval_8,Interval_6,Interval_7
Interval_2,Interval_11,Interval_5,Interval_9,Interval_7,Interval_7
Interval_2,Interval_11,Interval_4,Interval_9,Interval_7,Interval_7
Interval_2,Interval_11,Interval_4,Interval_9,Interval_7,Interval_7
Interval_2,Interval_11,Interval_4,Interval_9,Interval_7,Interval_7
Interval_2,Interval_11,Interval_3,Interval_8,Interval_6,Interval_7
Interval_2,Interval_11,Interval_3,Interval_8,Interval_6,Interval_7
Interval_2,Interval_12,Interval_4,Interval_8,Interval_6,Interval_7
Interval_2,Interval_12,Interval_4,Interval_9,Interval_7,Interval_7
Interval_2,Interval_12,Interval_5,Interval_9,Interval_7,Interval_7
Interval_2,Interval_12,Interval_5,Interval_8,Interval_7,Interval_7
Interval_2,Interval_13,Interval_4,Interval_10,Interval_7,Interval_7
Interval_2,Interval_11,Interval_4,Interval_9,Interval_7,Interval_7
Interval_2,Interval_11,Interval_3,Interval_8,Interval_7,Interval_7
Interval_2,Interval_11,Interval_4,Interval_9,Interval_7,Interval_7
Interval_2,Interval_11,Interval_3,Interval_8,Interval_7,Interval_7
Interval_2,Interval_11,Interval_4,Interval_8,Interval_7,Interval_7
Interval_2,Interval_11,Interval_4,Interval_9,Interval_7,Interval_7
Interval_2,Interval_11,Interval_4,Interval_9,Interval_7,Interval_7
Interval_2,Interval_11,Interval_4,Interval_9,Interval_7,Interval_7
Interval_2,Interval_11,Interval_3,Interval_8,Interval_6,Interval_7
Interval_2,Interval_11,Interval_4,Interval_8,Interval_6,Interval_7
Interval_2,Interval_12,Interval_5,Interval_8,Interval_6,Interval_7
Interval_2,Interval_12,Interval_5,Interval_9,Interval_7,Interval_7
Interval_2,Interval_12,Interval_5,Interval_9,Interval_7,Interval_7
Interval_2,Interval_12,Interval_5,Interval_8,Interval_7,Interval_7
Interval_2,Interval_13,Interval_4,Interval_10,Interval_7,Interval_7
Interval_2,Interval_11,Interval_4,Interval_9,Interval_7,Interval_7
Interval_2,Interval_11,Interval_4,Interval_8,Interval_7,Interval_7
Interval_2,Interval_11,Interval_3,Interval_8,Interval_7,Interval_7
Interval_2,Interval_11,Interval_4,Interval_8,Interval_7,Interval_7
Interval_2,Interval_11,Interval_4,Interval_9,Interval_7,Interval_7
Interval_2,Interval_10,Interval_4,Interval_9,Interval_7,Interval_7
Interval_2,Interval_11,Interval_4,Interval_9,Interval_6,Interval_7
Interval_2,Interval_11,Interval_4,Interval_9,Interval_7,Interval_7
Interval_2,Interval_11,Interval_3,Interval_8,Interval_6,Interval_7
Interval_2,Interval_11,Interval_4,Interval_8,Interval_6,Interval_7
Interval_2,Interval_13,Interval_5,Interval_7,Interval_6,Interval_7
Interval_2,Interval_12,Interval_5,Interval_10,Interval_7,Interval_7
Interval_2,Interval_11,Interval_5,Interval_8,Interval_7,Interval_7
Interval_2,Interval_12,Interval_5,Interval_8,Interval_7,Interval_7
Interval_2,Interval_12,Interval_5,Interval_8,Interval_7,Interval_7
Interval_2,Interval_4,Interval_8,Interval_8,Interval_7,Interval_7
Interval_2,Interval_3,Interval_7,Interval_7,Interval_6,Interval_7
Interval_2,Interval_3,Interval_6,Interval_8,Interval_7,Interval_7
Interval_2,Interval_3,Interval_5,Interval_8,Interval_7,Interval_7
Interval_2,Interval_2,Interval_5,Interval_9,Interval_7,Interval_7
Interval_2,Interval_2,Interval_5,Interval_9,Interval_7,Interval_7
Interval_2,Interval_1,Interval_5,Interval_10,Interval_6,Interval_7
Interval_2,Interval_2,Interval_7,Interval_10,Interval_6,Interval_7
Interval_2,Interval_6,Interval_7,Interval_9,Interval_6,Interval_7
Interval_2,Interval_5,Interval_7,Interval_8,Interval_7,Interval_7
Interval_2,Interval_2,Interval_7,Interval_7,Interval_7,Interval_7
Interval_2,Interval_2,Interval_6,Interval_8,Interval_7,Interval_7
Interval_2,Interval_2,Interval_5,Interval_9,Interval_7,Interval_7
Interval_2,,Interval_5,Interval_10,Interval_6,Interval_7
Interval_2,Interval_3,Interval_7,Interval_10,Interval_6,Interval_7
Interval_2,Interval_7,Interval_7,Interval_8,Interval_7,Interval_7
Interval_2,Interval_3,Interval_7,Interval_7,Interval_7,Interval_7
Interval_2,Interval_2,Interval_6,Interval_7,Interval_7,Interval_7
Interval_2,Interval_2,Interval_5,Interval_9,Interval_7,Interval_7
Interval_2,Interval_1,Interval_5,Interval_9,Interval_7,Interval_7
Interval_2,Interval_2,Interval_6,Interval_10,Interval_6,Interval_7
Interval_2,Interval_4,Interval_7,Interval_9,Interval_6,Interval_7
Interval_2,Interval_6,Interval_7,Interval_8,Interval_7,Interval_7
Interval_2,Interval_2,Interval_7,Interval_7,Interval_7,Interval_7
Interval_2,Interval_2,Interval_6,Interval_8,Interval_7,Interval_7
Interval_2,Interval_2,Interval_5,Interval_9,Interval_7,Interval_7
Interval_2,Interval_1,Interval_5,Interval_10,Interval_6,Interval_7
Interval_2,Interval_2,Interval_7,Interval_10,Interval_6,Interval_7
Interval_2,Interval_6,Interval_7,Interval_9,Interval_6,Interval_7
Interval_2,Interval_4,Interval_7,Interval_8,Interval_7,Interval_7
Interval_2,Interval_2,Interval_7,Interval_7,Interval_7,Interval_7
Interval_2,Interval_2,Interval_6,Interval_8,Interval_7,Interval_7
Interval_2,Interval_2,Interval_5,Interval_9,Interval_7,Interval_7
Interval_2,Interval_1,Interval_5,Interval_10,Interval_6,Interval_7
Interval_2,Interval_2,Interval_7,Interval_10,Interval_6,Interval_7
Interval_2,Interval_5,Interval_7,Interval_9,Interval_6,Interval_7
Interval_2,Interval_5,Interval_7,Interval_8,Interval_7,Interval_7
Interval_2,Interval_2,Interval_7,Interval_7,Interval_7,Interval_7
Interval_2,Interval_2,Interval_5,Interval_8,Interval_7,Interval_7
Interval_2,Interval_1,Interval_5,Interval_9,Interval_7,Interval_7
Interval_2,Interval_1,Interval_6,Interval_10,Interval_6,Interval_7
Interval_2,Interval_3,Interval_7,Interval_9,Interval_6,Interval_7
Interval_2,Interval_6,Interval_7,Interval_9,Interval_7,Interval_7
Interval_2,Interval_3,Interval_8,Interval_7,Interval_7,Interval_7
Interval_2,Interval_2,Interval_7,Interval_8,Interval_7,Interval_7
Interval_2,Interval_2,Interval_6,Interval_9,Interval_7,Interval_7
Interval_2,Interval_1,Interval_6,Interval_9,Interval_6,Interval_7
Interval_2,Interval_1,Interval_6,Interval_10,Interval_6,Interval_7
Interval_2,Interval_4,Interval_7,Interval_9,Interval_6,Interval_7
Interval_2,Interval_7,Interval_7,Interval_9,Interval_7,Interval_7
Interval_2,Interval_3,Interval_7,Interval_7,Interval_7,Interval_7
Interval_2,Interval_2,Interval_6,Interval_8,Interval_7,Interval_7
Interval_2,Interval_2,Interval_5,Interval_9,Interval_7,Interval_7
Interval_2,Interval_1,Interval_5,Interval_9,Interval_6,Interval_7
Interval_2,Interval_1,Interval_6,Interval_10,Interval_5,Interval_7
Interval_2,Interval_5,Interval_7,Interval_9,Interval_6,Interval_7
Interval_2,Interval_6,Interval_7,Interval_8,Interval_7,Interval_7
Interval_2,Interval_2,Interval_7,Interval_7,Interval_7,Interval_7
Interval_2,Interval_2,Interval_6,Interval_8,Interval_7,Interval_7
Interval_2,Interval_2,Interval_5,Interval_9,Interval_7,Interval_7
Interval_2,Interval_1,Interval_6,Interval_10,Interval_6,Interval_7
Interval_2,Interval_2,Interval_7,Interval_10,Interval_6,Interval_7
Interval_2,Interval_6,Interval_7,Interval_9,Interval_7,Interval_7
Interval_2,Interval_4,Interval_8,Interval_7,Interval_7,Interval_7
Interval_2,Interval_2,Interval_7,Interval_7,Interval_7,Interval_7
Interval_2,Interval_2,Interval_5,Interval_8,Interval_7,Interval_7
Interval_2,Interval_1,Interval_5,Interval_9,Interval_7,Interval_7
Interval_2,Interval_1,Interval_6,Interval_10,Interval_6,Interval_7
Interval_2,Interval_3,Interval_8,Interval_10,Interval_6,Interval_7
Interval_2,Interval_7,Interval_7,Interval_9,Interval_7,Interval_7
Interval_2,Interval_4,Interval_8,Interval_7,Interval_7,Interval_7
Interval_2,Interval_2,Interval_6,Interval_7,Interval_7,Interval_7
Interval_2,Interval_3,Interval_5,Interval_8,Interval_6,Interval_7
Interval_2,Interval_3,Interval_6,Interval_8,Interval_7,Interval_7
Interval_2,Interval_2,Interval_5,Interval_9,Interval_7,Interval_7
Interval_2,Interval_2,Interval_4,Interval_8,Interval_7,Interval_7
Interval_2,Interval_2,Interval_5,Interval_8,Interval_6,Interval_7
Interval_2,Interval_3,Interval_5,Interval_8,Interval_7,Interval_7
Interval_2,Interval_3,Interval_5,Interval_8,Interval_7,Interval_7
Interval_2,Interval_3,Interval_5,Interval_9,Interval_7,Interval_7
Interval_2,Interval_2,Interval_5,Interval_9,Interval_7,Interval_7
Interval_2,Interval_2,Interval_5,Interval_10,Interval_6,Interval_7
Interval_2,Interval_2,Interval_6,Interval_9,Interval_7,Interval_7
Interval_2,Interval_3,Interval_7,Interval_9,Interval_7,Interval_7
Interval_2,Interval_6,Interval_7,Interval_8,Interval_7,Interval_7
Interval_2,Interval_3,Interval_7,Interval_8,Interval_7,Interval_7
Interval_2,Interval_2,Interval_6,Interval_8,Interval_7,Interval_7
Interval_2,Interval_2,Interval_5,Interval_8,Interval_7,Interval_7
Interval_2,Interval_1,Interval_5,Interval_9,Interval_7,Interval_7
Interval_2,Interval_2,Interval_6,Interval_10,Interval_7,Interval_7
Interval_2,Interval_3,Interval_7,Interval_9,Interval_6,Interval_7
Interval_2,Interval_5,Interval_7,Interval_8,Interval_7,Interval_7
Interval_2,Interval_3,Interval_7,Interval_8,Interval_7,Interval_7
Interval_2,Interval_2,Interval_6,Interval_8,Interval_7,Interval_7
Interval_2,Interval_2,Interval_5,Interval_8,Interval_7,Interval_7
Interval_2,Interval_1,Interval_5,Interval_9,Interval_6,Interval_7
Interval_2,Interval_2,Interval_6,Interval_10,Interval_7,Interval_7
Interval_2,Interval_3,Interval_7,Interval_10,Interval_7,Interval_7
Interval_2,Interval_5,Interval_7,Interval_8,Interval_7,Interval_7
Interval_2,Interval_4,Interval_7,Interval_8,Interval_7,Interval_7
Interval_2,Interval_2,Interval_6,Interval_8,Interval_7,Interval_7
Interval_2,Interval_2,Interval_5,Interval_8,Interval_7,Interval_7
Interval_2,Interval_2,Interval_5,Interval_8,Interval_7,Interval_7
Interval_2,Interval_3,Interval_5,Interval_9,Interval_7,Interval_7
Interval_2,Interval_3,Interval_5,Interval_9,Interval_7,Interval_7
Interval_2,Interval_2,Interval_5,Interval_9,Interval_7,Interval_7
Interval_2,Interval_2,Interval_6,Interval_10,Interval_6,Interval_7
Interval_2,Interval_3,Interval_7,Interval_10,Interval_7,Interval_7
Interval_2,Interval_5,Interval_8,Interval_8,Interval_7,Interval_7
Interval_2,Interval_4,Interval_7,Interval_8,Interval_7,Interval_7
Interval_2,Interval_2,Interval_6,Interval_8,Interval_7,Interval_7
Interval_2,Interval_2,Interval_5,Interval_8,Interval_7,Interval_7
Interval_2,Interval_2,Interval_5,Interval_9,Interval_7,Interval_7
Interval_2,Interval_2,Interval_6,Interval_10,Interval_6,Interval_7
Interval_2,Interval_3,Interval_7,Interval_10,Interval_7,Interval_7
Interval_2,Interval_5,Interval_8,Interval_9,Interval_7,Interval_7
Interval_2,Interval_4,Interval_8,Interval_7,Interval_7,Interval_7
Interval_2,Interval_2,Interval_6,Interval_7,Interval_7,Interval_7
Interval_2,Interval_2,Interval_5,Interval_8,Interval_7,Interval_7
Interval_2,Interval_2,Interval_5,Interval_9,Interval_7,Interval_7
Interval_2,Interval_3,Interval_5,Interval_9,Interval_7,Interval_7
Interval_2,Interval_3,Interval_5,Interval_9,Interval_7,Interval_7
Interval_2,Interval_3,Interval_6,Interval_7,Interval_7,Interval_7
Interval_2,Interval_3,Interval_6,Interval_8,Interval_7,Interval_7
Interval_2,Interval_3,Interval_5,Interval_9,Interval_7,Interval_7
Interval_2,Interval_3,Interval_5,Interval_9,Interval_7,Interval_7
Interval_2,Interval_2,Interval_5,Interval_9,Interval_7,Interval_7
Interval_2,Interval_1,Interval_5,Interval_10,Interval_6,Interval_7
Interval_2,Interval_2,Interval_6,Interval_10,Interval_5,Interval_7
Interval_2,Interval_5,Interval_7,Interval_9,Interval_6,Interval_7
Interval_2,Interval_6,Interval_7,Interval_8,Interval_7,Interval_7
Interval_2,Interval_2,Interval_7,Interval_8,Interval_7,Interval_7
Interval_2,Interval_2,Interval_6,Interval_8,Interval_7,Interval_7
Interval_2,Interval_2,Interval_6,Interval_9,Interval_7,Interval_7
Interval_2,Interval_1,Interval_5,Interval_9,Interval_7,Interval_7
Interval_2,Interval_2,Interval_7,Interval_10,Interval_6,Interval_7
Interval_2,Interval_5,Interval_7,Interval_9,Interval_6,Interval_7
Interval_2,Interval_5,Interval_7,Interval_8,Interval_7,Interval_7
Interval_2,Interval_2,Interval_7,Interval_7,Interval_7,Interval_7
Interval_2,Interval_2,Interval_6,Interval_8,Interval_7,Interval_7
Interval_2,Interval_2,Interval_6,Interval_9,Interval_7,Interval_7
Interval_2,Interval_1,Interval_5,Interval_9,Interval_7,Interval_7
Interval_2,Interval_2,Interval_6,Interval_10,Interval_6,Interval_7
Interval_2,Interval_4,Interval_7,Interval_10,Interval_6,Interval_7
Interval_2,Interval_6,Interval_7,Interval_9,Interval_7,Interval_7
Interval_2,Interval_3,Interval_8,Interval_7,Interval_7,Interval_7
Interval_2,Interval_2,Interval_6,Interval_7,Interval_7,Interval_7
Interval_2,Interval_2,Interval_6,Interval_8,Interval_7,Interval_7
Interval_2,Interval_2,Interval_5,Interval_9,Interval_7,Interval_7
Interval_2,Interval_1,Interval_5,Interval_10,Interval_6,Interval_7
Interval_2,Interval_2,Interval_7,Interval_10,Interval_6,Interval_7
Interval_2,Interval_4,Interval_8,Interval_10,Interval_6,Interval_7
Interval_2,Interval_6,Interval_7,Interval_8,Interval_7,Interval_7
Interval_2,Interval_3,Interval_8,Interval_7,Interval_7,Interval_7
Interval_2,Interval_2,Interval_7,Interval_7,Interval_7,Interval_7
Interval_2,Interval_2,Interval_6,Interval_8,Interval_7,Interval_7
Interval_2,Interval_2,Interval_5,Interval_9,Interval_7,Interval_7
Interval_2,Interval_1,Interval_5,Interval_9,Interval_6,Interval_7
Interval_2,Interval_2,Interval_6,Interval_10,Interval_6,Interval_7
Interval_2,Interval_4,Interval_8,Interval_10,Interval_6,Interval_7
Interval_2,Interval_6,Interval_7,Interval_9,Interval_7,Interval_7
Interval_2,Interval_3,Interval_8,Interval_7,Interval_7,Interval_7
Interval_2,Interval_2,Interval_7,Interval_7,Interval_7,Interval_7
Interval_2,Interval_2,Interval_6,Interval_8,Interval_7,Interval_7
Interval_2,Interval_2,Interval_6,Interval_9,Interval_7,Interval_7
Interval_2,Interval_3,Interval_6,Interval_9,Interval_7,Interval_7
Interval_2,Interval_3,Interval_6,Interval_9,Interval_7,Interval_7
Interval_2,Interval_2,Interval_5,Interval_9,Interval_7,Interval_7
Interval_2,Interval_2,Interval_5,Interval_9,Interval_7,Interval_7
Interval_2,Interval_1,Interval_6,Interval_9,Interval_6,Interval_7
Interval_2,Interval_3,Interval_7,Interval_9,Interval_6,Interval_7
Interval_2,Interval_5,Interval_8,Interval_9,Interval_7,Interval_7
Interval_2,Interval_4,Interval_7,Interval_8,Interval_7,Interval_7
Interval_2,Interval_3,Interval_7,Interval_8,Interval_7,Interval_7
Interval_2,Interval_2,Interval_6,Interval_8,Interval_7,Interval_7
Interval_2,Interval_2,Interval_5,Interval_9,Interval_7,Interval_7
Interval_2,Interval_2,Interval_6,Interval_10,Interval_6,Interval_7
Interval_2,Interval_3,Interval_7,Interval_10,Interval_6,Interval_7
Interval_2,Interval_4,Interval_8,Interval_9,Interval_7,Interval_7
Interval_2,Interval_5,Interval_8,Interval_8,Interval_7,Interval_7
Interval_2,Interval_3,Interval_7,Interval_8,Interval_7,Interval_7
Interval_2,Interval_2,Interval_6,Interval_8,Interval_7,Interval_7
Interval_2,Interval_1,Interval_6,Interval_9,Interval_7,Interval_7
Interval_2,Interval_1,Interval_6,Interval_10,Interval_6,Interval_7
Interval_2,Interval_3,Interval_7,Interval_10,Interval_6,Interval_7
Interval_2,Interval_5,Interval_8,Interval_9,Interval_7,Interval_7
Interval_2,Interval_5,Interval_8,Interval_8,Interval_7,Interval_7
Interval_2,Interval_3,Interval_7,Interval_8,Interval_7,Interval_7
Interval_2,Interval_2,Interval_7,Interval_8,Interval_7,Interval_7
Interval_2,Interval_2,Interval_6,Interval_9,Interval_7,Interval_7
Interval_2,Interval_2,Interval_6,Interval_9,Interval_7,Interval_7
Interval_2,Interval_2,Interval_7,Interval_10,Interval_6,Interval_7
Interval_2,Interval_4,Interval_8,Interval_9,Interval_7,Interval_7
Interval_2,Interval_5,Interval_8,Interval_8,Interval_7,Interval_7
Interval_2,Interval_3,Interval_8,Interval_8,Interval_7,Interval_7
Interval_2,Interval_2,Interval_7,Interval_8,Interval_7,Interval_7
Interval_2,Interval_2,Interval_6,Interval_8,Interval_7,Interval_7
Interval_2,Interval_3,Interval_6,Interval_8,Interval_7,Interval_7
Interval_2,Interval_2,Interval_5,Interval_9,Interval_7,Interval_7
Interval_2,Interval_2,Interval_6,Interval_10,Interval_6,Interval_7
Interval_2,Interval_3,Interval_7,Interval_10,Interval_6,Interval_7
Interval_2,Interval_4,Interval_8,Interval_9,Interval_7,Interval_7
Interval_2,Interval_5,Interval_8,Interval_8,Interval_7,Interval_7
Interval_2,Interval_3,Interval_8,Interval_8,Interval_7,Interval_7
Interval_2,Interval_2,Interval_7,Interval_8,Interval_7,Interval_7
Interval_2,Interval_2,Interval_6,Interval_8,Interval_7,Interval_7
Interval_2,Interval_3,Interval_5,Interval_9,Interval_7,Interval_7
Interval_2,Interval_3,Interval_6,Interval_9,Interval_7,Interval_7
Interval_2,Interval_3,Interval_7,Interval_7,Interval_7,Interval_7
Interval_2,Interval_3,Interval_6,Interval_7,Interval_7,Interval_7
Interval_2,Interval_3,Interval_6,Interval_8,Interval_6,Interval_7
Interval_2,Interval_3,Interval_5,Interval_9,Interval_7,Interval_7
Interval_2,Interval_3,Interval_5,Interval_9,Interval_7,Interval_7
Interval_2,Interval_2,Interval_4,Interval_9,Interval_7,Interval_7
Interval_2,Interval_1,Interval_4,Interval_10,Interval_6,Interval_7
Interval_2,Interval_2,Interval_6,Interval_10,Interval_6,Interval_7
Interval_2,Interval_5,Interval_7,Interval_10,Interval_6,Interval_7
Interval_2,Interval_5,Interval_7,Interval_8,Interval_7,Interval_7
Interval_2,Interval_2,Interval_7,Interval_7,Interval_7,Interval_7
Interval_2,Interval_2,Interval_6,Interval_8,Interval_7,Interval_7
Interval_2,Interval_3,Interval_5,Interval_8,Interval_7,Interval_7
Interval_2,Interval_2,Interval_5,Interval_9,Interval_7,Interval_7
Interval_2,Interval_1,Interval_5,Interval_10,Interval_6,Interval_7
Interval_2,Interval_3,Interval_7,Interval_11,Interval_5,Interval_7
Interval_2,Interval_7,Interval_8,Interval_9,Interval_8,Interval_7
Interval_2,Interval_4,Interval_7,Interval_7,Interval_7,Interval_7
Interval_2,Interval_2,Interval_6,Interval_7,Interval_7,Interval_7
Interval_2,Interval_2,Interval_5,Interval_8,Interval_7,Interval_7
Interval_2,Interval_2,Interval_5,Interval_9,Interval_7,Interval_7
Interval_2,Interval_1,Interval_5,Interval_10,Interval_5,Interval_7
Interval_2,Interval_2,Interval_7,Interval_10,Interval_6,Interval_7
Interval_2,Interval_6,Interval_7,Interval_10,Interval_7,Interval_7
Interval_2,Interval_5,Interval_8,Interval_7,Interval_8,Interval_7
Interval_2,Interval_2,Interval_7,Interval_6,Interval_7,Interval_7
Interval_2,Interval_2,Interval_5,Interval_8,Interval_7,Interval_7
Interval_2,Interval_3,Interval_5,Interval_9,Interval_7,Interval_7
Interval_2,Interval_2,Interval_5,Interval_9,Interval_7,Interval_7
Interval_2,Interval_1,Interval_5,Interval_10,Interval_6,Interval_7
Interval_2,Interval_3,Interval_7,Interval_10,Interval_6,Interval_7
Interval_2,Interval_6,Interval_7,Interval_9,Interval_7,Interval_7
Interval_2,Interval_4,Interval_8,Interval_7,Interval_8,Interval_7
Interval_2,Interval_2,Interval_7,Interval_7,Interval_7,Interval_7
Interval_2,Interval_2,Interval_5,Interval_8,Interval_7,Interval_7
Interval_2,Interval_3,Interval_5,Interval_9,Interval_7,Interval_7
Interval_2,Interval_1,Interval_5,Interval_9,Interval_7,Interval_7
Interval_2,Interval_1,Interval_5,Interval_10,Interval_6,Interval_7
Interval_2,Interval_3,Interval_7,Interval_11,Interval_6,Interval_7
Interval_2,Interval_5,Interval_7,Interval_9,Interval_8,Interval_7
Interval_2,Interval_5,Interval_8,Interval_7,Interval_7,Interval_7
Interval_2,Interval_3,Interval_7,Interval_6,Interval_7,Interval_7
Interval_2,Interval_2,Interval_6,Interval_8,Interval_7,Interval_7
Interval_2,Interval_2,Interval_5,Interval_9,Interval_7,Interval_7
Interval_2,Interval_3,Interval_5,Interval_9,Interval_7,Interval_7
Interval_2,Interval_3,Interval_5,Interval_8,Interval_7,Interval_7
Interval_2,Interval_3,Interval_5,Interval_9,Interval_7,Interval_7
Interval_2,Interval_10,Interval_13,Interval_9,Interval_7,Interval_7
Interval_2,Interval_10,Interval_12,Interval_9,Interval_7,Interval_7
Interval_2,Interval_10,Interval_12,Interval_9,Interval_7,Interval_7
Interval_2,Interval_10,Interval_12,Interval_9,Interval_7,Interval_7
Interval_2,Interval_10,Interval_11,Interval_9,Interval_7,Interval_7
Interval_2,Interval_10,Interval_11,Interval_8,Interval_7,Interval_7
Interval_2,Interval_10,Interval_11,Interval_8,Interval_7,Interval_7
Interval_2,Interval_10,Interval_12,Interval_8,Interval_7,Interval_7
Interval_2,Interval_10,Interval_12,Interval_9,Interval_7,Interval_7
Interval_2,Interval_10,Interval_12,Interval_8,Interval_7,Interval_7
Interval_2,Interval_10,Interval_12,Interval_8,Interval_7,Interval_7
Interval_2,Interval_9,Interval_13,Interval_9,Interval_7,Interval_7
Interval_2,Interval_10,Interval_13,Interval_9,Interval_7,Interval_7
Interval_2,Interval_10,,Interval_8,Interval_7,Interval_7
Interval_2,Interval_9,Interval_13,Interval_9,Interval_7,Interval_7
Interval_2,Interval_9,Interval_13,Interval_9,Interval_7,Interval_7
Interval_2,Interval_10,Interval_13,Interval_9,Interval_7,Interval_7
Interval_2,Interval_10,Interval_13,Interval_9,Interval_7,Interval_7
Interval_2,Interval_10,Interval_12,Interval_9,Interval_7,Interval_7
Interval_2,Interval_9,Interval_10,Interval_9,Interval_7,Interval_7
Interval_2,Interval_10,Interval_11,Interval_8,Interval_7,Interval_7
Interval_2,Interval_10,Interval_12,Interval_9,Interval_7,Interval_7
Interval_2,Interval_10,Interval_11,Interval_9,Interval_7,Interval_7
Interval_2,Interval_10,Interval_11,Interval_9,Interval_7,Interval_7
Interval_2,Interval_10,Interval_11,Interval_8,Interval_7,Interval_7
Interval_2,Interval_10,Interval_11,Interval_8,Interval_7,Interval_7
Interval_2,Interval_10,Interval_12,Interval_8,Interval_7,Interval_7
Interval_2,Interval_10,Interval_12,Interval_8,Interval_7,Interval_7
Interval_2,Interval_10,Interval_13,Interval_8,Interval_7,Interval_7
Interval_2,Interval_9,Interval_13,Interval_8,Interval_7,Interval_7
Interval_2,Interval_10,Interval_13,Interval_9,Interval_7,Interval_7
Interval_2,Interval_10,,Interval_9,Interval_7,Interval_7
Interval_2,Interval_9,,Interval_8,Interval_7,Interval_7
Interval_2,Interval_9,Interval_13,Interval_9,Interval_7,Interval_7
Interval_2,Interval_9,Interval_13,Interval_9,Interval_7,Interval_7
Interval_2,Interval_9,Interval_13,Interval_9,Interval_7,Interval_7
Interval_2,Interval_10,Interval_13,Interval_9,Interval_7,Interval_7
Interval_2,Interval_10,Interval_12,Interval_9,Interval_7,Interval_7
Interval_2,Interval_9,Interval_11,Interval_9,Interval_7,Interval_7
Interval_2,Interval_9,Interval_10,Interval_9,Interval_7,Interval_7
Interval_2,Interval_10,Interval_12,Interval_8,Interval_7,Interval_7
Interval_2,Interval_10,Interval_11,Interval_9,Interval_7,Interval_7
Interval_2,Interval_10,Interval_12,Interval_9,Interval_7,Interval_7
Interval_2,Interval_10,Interval_11,Interval_9,Interval_7,Interval_7
Interval_2,Interval_10,Interval_11,Interval_9,Interval_7,Interval_7
Interval_2,Interval_10,Interval_11,Interval_8,Interval_7,Interval_7
Interval_2,Interval_10,Interval_12,Interval_8,Interval_7,Interval_7
Interval_2,Interval_10,Interval_12,Interval_8,Interval_7,Interval_7
Interval_2,Interval_9,Interval_13,Interval_8,Interval_7,Interval_7
Interval_2,Interval_9,Interval_13,Interval_8,Interval_7,Interval_7
Interval_2,Interval_9,,Interval_9,Interval_6,Interval_7
Interval_2,Interval_9,,Interval_8,Interval_7,Interval_7
Interval_2,Interval_9,,Interval_8,Interval_7,Interval_7
Interval_2,Interval_9,Interval_13,Interval_9,Interval_7,Interval_7
Interval_2,Interval_9,Interval_13,Interval_9,Interval_7,Interval_7
Interval_2,Interval_9,Interval_13,Interval_10,Interval_7,Interval_7
Interval_2,Interval_10,Interval_13,Interval_10,Interval_7,Interval_7
Interval_2,Interval_10,Interval_12,Interval_9,Interval_7,Interval_7
Interval_2,Interval_9,Interval_11,Interval_9,Interval_7,Interval_7
Interval_2,Interval_9,Interval_11,Interval_8,Interval_7,Interval_7
Interval_2,Interval_10,Interval_12,Interval_9,Interval_7,Interval_7
Interval_2,Interval_10,Interval_11,Interval_9,Interval_7,Interval_7
Interval_2,Interval_10,Interval_12,Interval_9,Interval_7,Interval_7
Interval_2,Interval_10,Interval_11,Interval_9,Interval_7,Interval_7
Interval_2,Interval_10,Interval_11,Interval_8,Interval_7,Interval_7
Interval_2,Interval_9,Interval_11,Interval_8,Interval_7,Interval_7
Interval_2,Interval_10,Interval_12,Interval_8,Interval_7,Interval_7
Interval_2,Interval_10,Interval_12,Interval_8,Interval_7,Interval_7
Interval_2,Interval_10,Interval_13,Interval_8,Interval_7,Interval_7
Interval_2,Interval_9,Interval_13,Interval_8,Interval_7,Interval_7
Interval_2,Interval_9,Interval_13,Interval_8,Interval_7,Interval_7
Interval_2,Interval_10,,Interval_9,Interval_7,Interval_7
Interval_2,Interval_9,Interval_13,Interval_8,Interval_7,Interval_7
Interval_2,Interval_9,Interval_13,Interval_8,Interval_7,Interval_7
Interval_2,Interval_9,Interval_13,Interval_8,Interval_7,Interval_7
Interval_2,Interval_9,Interval_13,Interval_9,Interval_7,Interval_7
Interval_2,Interval_9,Interval_13,Interval_9,Interval_7,Interval_7
Interval_2,Interval_10,Interval_13,Interval_10,Interval_7,Interval_7
Interval_2,Interval_10,Interval_12,Interval_9,Interval_7,Interval_7
Interval_2,Interval_9,Interval_11,Interval_9,Interval_7,Interval_7
Interval_2,Interval_9,Interval_10,Interval_8,Interval_7,Interval_7
Interval_2,Interval_10,Interval_12,Interval_8,Interval_7,Interval_7
Interval_2,Interval_10,Interval_12,Interval_9,Interval_6,Interval_7
Interval_2,Interval_10,Interval_12,Interval_9,Interval_7,Interval_7
Interval_2,Interval_10,Interval_11,Interval_9,Interval_7,Interval_7
Interval_2,Interval_10,Interval_11,Interval_9,Interval_7,Interval_7
Interval_2,Interval_10,Interval_11,Interval_9,Interval_7,Interval_7
Interval_2,Interval_10,Interval_10,Interval_9,Interval_7,Interval_7
Interval_2,Interval_10,Interval_10,Interval_9,Interval_7,Interval_7
Interval_2,Interval_10,Interval_10,Interval_8,Interval_7,Interval_7
Interval_2,Interval_10,Interval_10,Interval_9,Interval_7,Interval_7
Interval_2,Interval_10,Interval_11,Interval_8,Interval_7,Interval_7
Interval_2,Interval_10,Interval_11,Interval_8,Interval_7,Interval_7
Interval_2,Interval_10,Interval_11,Interval_9,Interval_7,Interval_7
Interval_2,Interval_10,Interval_12,Interval_8,Interval_7,Interval_7
Interval_2,Interval_10,Interval_13,Interval_8,Interval_7,Interval_7
Interval_2,Interval_10,Interval_12,Interval_8,Interval_7,Interval_7
Interval_2,Interval_10,Interval_12,Interval_9,Interval_7,Interval_7
Interval_2,Interval_10,Interval_13,Interval_9,Interval_6,Interval_7
Interval_2,Interval_9,Interval_10,Interval_9,Interval_7,Interval_7
Interval_2,Interval_9,Interval_9,Interval_9,Interval_7,Interval_7
Interval_2,Interval_10,Interval_12,Interval_9,Interval_7,Interval_7
Interval_2,Interval_10,Interval_10,Interval_9,Interval_6,Interval_7
Interval_2,Interval_10,Interval_10,Interval_9,Interval_6,Interval_7
Interval_2,Interval_10,Interval_10,Interval_8,Interval_7,Interval_7
Interval_2,Interval_10,Interval_10,Interval_8,Interval_7,Interval_7
Interval_2,Interval_10,Interval_11,Interval_8,Interval_7,Interval_7
Interval_2,Interval_10,Interval_11,Interval_8,Interval_7,Interval_7
Interval_2,Interval_10,Interval_11,Interval_8,Interval_7,Interval_7
Interval_2,Interval_10,Interval_13,Interval_8,Interval_7,Interval_7
Interval_2,Interval_10,Interval_12,Interval_8,Interval_7,Interval_7
Interval_2,Interval_9,Interval_12,Interval_9,Interval_7,Interval_7
Interval_2,Interval_10,Interval_13,Interval_9,Interval_7,Interval_7
Interval_2,Interval_9,Interval_11,Interval_10,Interval_7,Interval_7
Interval_2,Interval_8,Interval_8,Interval_9,Interval_7,Interval_7
Interval_2,Interval_11,Interval_12,Interval_9,Interval_7,Interval_7
Interval_2,Interval_10,Interval_10,Interval_8,Interval_7,Interval_7
Interval_2,Interval_10,Interval_11,Interval_9,Interval_6,Interval_7
Interval_2,Interval_10,Interval_10,Interval_9,Interval_6,Interval_7
Interval_2,Interval_10,Interval_10,Interval_8,Interval_6,Interval_7
Interval_2,Interval_10,Interval_10,Interval_8,Interval_7,Interval_7
Interval_2,Interval_10,Interval_10,Interval_8,Interval_7,Interval_7
Interval_2,Interval_10,Interval_11,Interval_8,Interval_7,Interval_7
Interval_2,Interval_10,Interval_11,Interval_8,Interval_7,Interval_7
Interval_2,Interval_10,Interval_12,Interval_8,Interval_7,Interval_7
Interval_2,Interval_10,Interval_13,Interval_8,Interval_7,Interval_7
Interval_2,Interval_9,Interval_12,Interval_9,Interval_7,Interval_7
Interval_2,Interval_9,Interval_12,Interval_9,Interval_7,Interval_7
Interval_2,Interval_10,Interval_13,Interval_9,Interval_7,Interval_7
Interval_2,Interval_10,Interval_11,Interval_10,Interval_7,Interval_7
Interval_2,Interval_8,Interval_8,Interval_9,Interval_7,Interval_7
Interval_2,Interval_10,Interval_11,Interval_9,Interval_6,Interval_7
Interval_2,Interval_10,Interval_10,Interval_8,Interval_7,Interval_7
Interval_2,Interval_10,Interval_11,Interval_9,Interval_7,Interval_7
Interval_2,Interval_10,Interval_10,Interval_9,Interval_7,Interval_7
Interval_2,Interval_10,Interval_10,Interval_9,Interval_6,Interval_7
Interval_2,Interval_10,Interval_10,Interval_8,Interval_7,Interval_7
Interval_2,Interval_10,Interval_10,Interval_8,Interval_7,Interval_7
Interval_2,Interval_10,Interval_11,Interval_8,Interval_7,Interval_7
Interval_2,Interval_10,Interval_11,Interval_8,Interval_7,Interval_7
Interval_2,Interval_10,Interval_12,Interval_8,Interval_7,Interval_7
Interval_2,Interval_10,Interval_12,Interval_8,Interval_7,Interval_7
Interval_2,Interval_10,Interval_13,Interval_8,Interval_7,Interval_7
Interval_2,Interval_9,Interval_12,Interval_9,Interval_7,Interval_7
Interval_2,Interval_9,Interval_12,Interval_9,Interval_7,Interval_7
Interval_2,Interval_10,Interval_13,Interval_9,Interval_7,Interval_7
Interval_2,Interval_10,Interval_12,Interval_10,Interval_7,Interval_7
Interval_2,Interval_8,Interval_8,Interval_8,Interval_7,Interval_7
Interval_2,Interval_10,Interval_11,Interval_9,Interval_6,Interval_7
Interval_2,Interval_10,Interval_11,Interval_9,Interval_7,Interval_7
Interval_2,Interval_10,Interval_11,Interval_9,Interval_7,Interval_7
Interval_2,Interval_10,Interval_11,Interval_8,Interval_7,Interval_7
Interval_2,Interval_10,Interval_11,Interval_9,Interval_7,Interval_7
Interval_2,Interval_10,Interval_11,Interval_9,Interval_7,Interval_7
Interval_2,Interval_10,Interval_11,Interval_9,Interval_7,Interval_7
Interval_2,Interval_10,Interval_10,Interval_9,Interval_7,Interval_7
Interval_2,Interval_9,Interval_10,Interval_8,Interval_7,Interval_7
Interval_2,Interval_10,Interval_11,Interval_8,Interval_7,Interval_7
Interval_2,Interval_10,Interval_11,Interval_8,Interval_7,Interval_7
Interval_2,Interval_10,Interval_12,Interval_8,Interval_7,Interval_7
Interval_2,Interval_10,Interval_12,Interval_9,Interval_7,Interval_7
Interval_2,Interval_10,Interval_13,Interval_8,Interval_7,Interval_7
Interval_2,Interval_9,Interval_12,Interval_9,Interval_7,Interval_7
Interval_2,Interval_9,Interval_12,Interval_9,Interval_7,Interval_7
Interval_2,Interval_10,Interval_12,Interval_9,Interval_7,Interval_7
Interval_2,Interval_10,Interval_12,Interval_9,Interval_7,Interval_7
Interval_2,Interval_8,Interval_9,Interval_9,Interval_7,Interval_7
Interval_2,Interval_10,Interval_10,Interval_8,Interval_7,Interval_7
Interval_2,Interval_10,Interval_11,Interval_9,Interval_7,Interval_7
Interval_2,Interval_10,Interval_11,Interval_9,Interval_7,Interval_7
Interval_2,Interval_10,Interval_11,Interval_9,Interval_7,Interval_7
Interval_2,Interval_10,Interval_11,Interval_8,Interval_7,Interval_7
Interval_2,Interval_10,Interval_11,Interval_8,Interval_7,Interval_7
Interval_2,Interval_10,Interval_12,Interval_8,Interval_7,Interval_7
Interval_2,Interval_10,Interval_12,Interval_9,Interval_7,Interval_7
Interval_2,Interval_10,Interval_12,Interval_8,Interval_7,Interval_7
Interval_2,Interval_10,Interval_12,Interval_8,Interval_7,Interval_7
Interval_2,Interval_10,Interval_13,Interval_9,Interval_7,Interval_7
Interval_2,Interval_10,Interval_13,Interval_9,Interval_6,Interval_7
Interval_2,Interval_10,Interval_13,Interval_8,Interval_7,Interval_7
Interval_2,Interval_10,Interval_12,Interval_9,Interval_7,Interval_7
Interval_2,Interval_10,Interval_12,Interval_9,Interval_7,Interval_7
Interval_2,Interval_10,Interval_12,Interval_9,Interval_7,Interval_7
Interval_2,Interval_10,Interval_12,Interval_9,Interval_7,Interval_7
Interval_2,Interval_10,Interval_12,Interval_9,Interval_7,Interval_7
Interval_2,Interval_9,Interval_10,Interval_9,Interval_7,Interval_7
Interval_2,Interval_10,Interval_11,Interval_8,Interval_7,Interval_7
Interval_2,Interval_10,Interval_11,Interval_9,Interval_7,Interval_7
Interval_2,Interval_10,Interval_12,Interval_9,Interval_7,Interval_7
Interval_2,Interval_10,Interval_11,Interval_9,Interval_7,Interval_7
Interval_2,Interval_10,Interval_10,Interval_8,Interval_7,Interval_7
Interval_2,Interval_10,Interval_11,Interval_8,Interval_7,Interval_7
Interval_2,Interval_10,Interval_11,Interval_8,Interval_7,Interval_7
Interval_2,Interval_10,Interval_12,Interval_8,Interval_7,Interval_7
Interval_2,Interval_10,Interval_13,Interval_8,Interval_7,Interval_7
Interval_2,Interval_10,Interval_13,Interval_8,Interval_7,Interval_7
Interval_2,Interval_10,Interval_13,Interval_9,Interval_7,Interval_7
Interval_2,Interval_10,,Interval_9,Interval_7,Interval_7
Interval_2,Interval_10,Interval_13,Interval_8,Interval_7,Interval_7
Interval_2,Interval_10,Interval_13,Interval_8,Interval_7,Interval_7
Interval_2,Interval_9,Interval_13,Interval_9,Interval_7,Interval_7
Interval_2,Interval_10,Interval_13,Interval_9,Interval_7,Interval_7
Interval_2,Interval_10,Interval_13,Interval_10,Interval_7,Interval_7
Interval_2,Interval_10,Interval_11,Interval_10,Interval_7,Interval_7
Interval_2,Interval_9,Interval_9,Interval_8,Interval_7,Interval_7
Interval_2,Interval_10,Interval_11,Interval_9,Interval_7,Interval_7
Interval_2,Interval_10,Interval_11,Interval_9,Interval_7,Interval_7
Interval_2,Interval_10,Interval_11,Interval_9,Interval_7,Interval_7
Interval_2,Interval_10,Interval_11,Interval_9,Interval_7,Interval_7
Interval_2,Interval_10,Interval_10,Interval_8,Interval_7,Interval_7
Interval_2,Interval_10,Interval_11,Interval_8,Interval_7,Interval_7
Interval_2,Interval_10,Interval_12,Interval_8,Interval_7,Interval_7
Interval_2,Interval_10,Interval_12,Interval_8,Interval_7,Interval_7
Interval_2,Interval_10,Interval_13,Interval_9,Interval_7,Interval_7
Interval_2,Interval_10,Interval_13,Interval_8,Interval_7,Interval_7
Interval_2,Interval_10,Interval_13,Interval_9,Interval_7,Interval_7
Interval_2,Interval_10,Interval_13,Interval_9,Interval_7,Interval_7
Interval_2,Interval_10,Interval_12,Interval_8,Interval_7,Interval_7
Interval_2,Interval_10,Interval_12,Interval_8,Interval_7,Interval_7
Interval_2,Interval_10,Interval_12,Interval_9,Interval_7,Interval_7
Interval_2,Interval_10,Interval_12,Interval_9,Interval_7,Interval_7
Interval_2,Interval_10,Interval_13,Interval_9,Interval_7,Interval_7
Interval_2,Interval_10,Interval_12,Interval_9,Interval_7,Interval_7
Interval_2,Interval_10,Interval_11,Interval_9,Interval_7,Interval_7
Interval_2,Interval_9,Interval_9,Interval_8,Interval_7,Interval_7
Interval_2,Interval_10,Interval_11,Interval_9,Interval_7,Interval_7
Interval_2,Interval_10,Interval_11,Interval_9,Interval_7,Interval_7
Interval_2,Interval_10,Interval_12,Interval_8,Interval_7,Interval_7
Interval_2,Interval_10,Interval_11,Interval_9,Interval_7,Interval_7
Interval_2,Interval_10,Interval_11,Interval_9,Interval_7,Interval_7
Interval_2,Interval_10,Interval_11,Interval_9,Interval_7,Interval_7
Interval_2,Interval_10,Interval_10,Interval_8,Interval_7,Interval_7
Interval_2,Interval_10,Interval_11,Interval_8,Interval_7,Interval_7
Interval_2,Interval_10,Interval_12,Interval_8,Interval_7,Interval_7
Interval_2,Interval_10,Interval_12,Interval_9,Interval_7,Interval_7
Interval_2,Interval_10,Interval_12,Interval_8,Interval_7,Interval_7
Interval_2,Interval_10,Interval_13,Interval_9,Interval_7,Interval_7
Interval_2,Interval_10,Interval_13,Interval_9,Interval_6,Interval_7
Interval_2,Interval_10,Interval_13,Interval_8,Interval_7,Interval_7
Interval_2,Interval_10,Interval_12,Interval_8,Interval_7,Interval_7
Interval_2,Interval_10,Interval_12,Interval_9,Interval_7,Interval_7
Interval_2,Interval_10,Interval_12,Interval_9,Interval_7,Interval_7
Interval_2,Interval_10,Interval_12,Interval_9,Interval_7,Interval_7
Interval_2,Interval_10,Interval_12,Interval_9,Interval_7,Interval_7
Interval_2,Interval_11,Interval_12,Interval_10,Interval_7,Interval_7
Interval_2,Interval_10,Interval_11,Interval_9,Interval_7,Interval_7
Interval_2,Interval_9,Interval_9,Interval_8,Interval_7,Interval_7
Interval_2,Interval_11,Interval_11,Interval_9,Interval_7,Interval_7
Interval_2,Interval_10,Interval_11,Interval_8,Interval_7,Interval_7
Interval_2,Interval_10,Interval_11,Interval_8,Interval_7,Interval_7
Interval_2,Interval_10,Interval_11,Interval_9,Interval_7,Interval_7
Interval_2,Interval_10,Interval_11,Interval_9,Interval_7,Interval_7
Interval_2,Interval_10,Interval_10,Interval_9,Interval_7,Interval_7
Interval_2,Interval_10,Interval_10,Interval_8,Interval_7,Interval_7
Interval_2,Interval_10,Interval_11,Interval_8,Interval_7,Interval_7
Interval_2,Interval_10,Interval_12,Interval_8,Interval_7,Interval_7
Interval_2,Interval_10,Interval_12,Interval_8,Interval_7,Interval_7
Interval_2,Interval_10,Interval_13,Interval_8,Interval_7,Interval_7
Interval_2,Interval_10,Interval_13,Interval_9,Interval_6,Interval_7
Interval_2,Interval_10,Interval_13,Interval_8,Interval_7,Interval_7
Interval_2,Interval_10,Interval_13,Interval_8,Interval_7,Interval_7
Interval_2,Interval_10,Interval_12,Interval_9,Interval_7,Interval_7
Interval_2,Interval_10,Interval_12,Interval_9,Interval_6,Interval_7
Interval_2,Interval_10,Interval_12,Interval_9,Interval_7,Interval_7
Interval_2,Interval_10,Interval_13,Interval_9,Interval_6,Interval_7
Interval_2,Interval_10,Interval_13,Interval_10,Interval_7,Interval_7
Interval_2,Interval_10,Interval_11,Interval_10,Interval_7,Interval_7
Interval_2,Interval_10,Interval_9,Interval_8,Interval_7,Interval_7
Interval_2,Interval_10,Interval_11,Interval_8,Interval_7,Interval_7
Interval_2,Interval_10,Interval_12,Interval_9,Interval_7,Interval_7
Interval_2,Interval_10,Interval_11,Interval_9,Interval_7,Interval_7
Interval_2,Interval_10,Interval_11,Interval_9,Interval_7,Interval_7
Interval_2,Interval_10,Interval_11,Interval_9,Interval_7,Interval_7
Interval_2,Interval_10,Interval_12,Interval_9,Interval_7,Interval_7
Interval_2,Interval_10,Interval_12,Interval_9,Interval_7,Interval_7
Interval_2,Interval_10,Interval_12,Interval_9,Interval_7,Interval_7
Interval_2,Interval_10,Interval_11,Interval_9,Interval_7,Interval_7
Interval_2,Interval_10,Interval_11,Interval_9,Interval_7,Interval_7
Interval_2,Interval_10,Interval_11,Interval_9,Interval_7,Interval_7
Interval_2,Interval_10,Interval_11,Interval_9,Interval_7,Interval_7
Interval_2,Interval_10,Interval_11,Interval_8,Interval_7,Interval_7
Interval_2,Interval_10,Interval_11,Interval_8,Interval_7,Interval_7
Interval_2,Interval_10,Interval_11,Interval_9,Interval_7,Interval_7
Interval_2,Interval_10,Interval_11,Interval_8,Interval_7,Interval_7
Interval_2,Interval_10,Interval_11,Interval_9,Interval_7,Interval_7
Interval_2,Interval_10,Interval_11,Interval_9,Interval_7,Interval_7
Interval_2,Interval_10,Interval_11,Interval_8,Interval_7,Interval_7
Interval_2,Interval_10,Interval_11,Interval_8,Interval_7,Interval_7
Interval_2,Interval_10,Interval_11,Interval_8,Interval_7,Interval_7
Interval_2,Interval_10,Interval_12,Interval_8,Interval_7,Interval_7
Interval_2,Interval_10,Interval_13,Interval_8,Interval_7,Interval_7
Interval_2,Interval_10,Interval_13,Interval_8,Interval_7,Interval_7
Interval_2,Interval_9,Interval_13,Interval_9,Interval_7,Interval_7
Interval_2,Interval_9,Interval_13,Interval_9,Interval_7,Interval_7
Interval_2,Interval_10,Interval_13,Interval_10,Interval_6,Interval_7
Interval_2,Interval_8,Interval_9,Interval_9,Interval_7,Interval_7
Interval_2,Interval_10,Interval_11,Interval_9,Interval_6,Interval_7
Interval_2,Interval_10,Interval_12,Interval_8,Interval_7,Interval_7
Interval_2,Interval_10,Interval_11,Interval_9,Interval_6,Interval_7
Interval_2,Interval_10,Interval_11,Interval_9,Interval_6,Interval_7
Interval_2,Interval_10,Interval_11,Interval_9,Interval_6,Interval_7
Interval_2,Interval_9,Interval_10,Interval_8,Interval_7,Interval_7
Interval_2,Interval_10,Interval_11,Interval_8,Interval_7,Interval_7
Interval_2,Interval_10,Interval_12,Interval_8,Interval_7,Interval_7
Interval_2,Interval_10,Interval_12,Interval_8,Interval_7,Interval_7
Interval_2,Interval_10,Interval_12,Interval_8,Interval_7,Interval_7
Interval_2,Interval_10,Interval_13,Interval_8,Interval_7,Interval_7
Interval_2,Interval_10,Interval_13,Interval_8,Interval_7,Interval_7
Interval_2,Interval_10,Interval_13,Interval_9,Interval_7,Interval_7
Interval_2,Interval_10,Interval_12,Interval_9,Interval_7,Interval_7
Interval_2,Interval_10,Interval_13,Interval_9,Interval_7,Interval_7
Interval_2,Interval_10,Interval_13,Interval_9,Interval_7,Interval_7
Interval_2,Interval_8,Interval_8,Interval_8,Interval_7,Interval_7
Interval_2,Interval_10,Interval_12,Interval_9,Interval_6,Interval_7
Interval_2,Interval_10,Interval_11,Interval_9,Interval_6,Interval_7
Interval_2,Interval_10,Interval_11,Interval_9,Interval_6,Interval_7
Interval_2,Interval_10,Interval_11,Interval_9,Interval_7,Interval_7
Interval_2,Interval_10,Interval_11,Interval_8,Interval_7,Interval_7
Interval_2,Interval_10,Interval_10,Interval_9,Interval_6,Interval_7
Interval_2,Interval_10,Interval_10,Interval_8,Interval_7,Interval_7
Interval_2,Interval_10,Interval_10,Interval_8,Interval_7,Interval_7
Interval_2,Interval_10,Interval_11,Interval_8,Interval_7,Interval_7
Interval_2,Interval_10,Interval_12,Interval_8,Interval_7,Interval_7
Interval_2,Interval_10,Interval_12,Interval_8,Interval_7,Interval_7
Interval_2,Interval_10,Interval_13,Interval_8,Interval_7,Interval_7
Interval_2,Interval_10,Interval_13,Interval_8,Interval_7,Interval_7
Interval_2,Interval_10,Interval_13,Interval_9,Interval_7,Interval_7
Interval_2,Interval_9,Interval_12,Interval_9,Interval_7,Interval_7
Interval_2,Interval_9,Interval_13,Interval_9,Interval_7,Interval_7
Interval_2,Interval_10,Interval_13,Interval_9,Interval_7,Interval_7
Interval_2,Interval_9,Interval_11,Interval_9,Interval_7,Interval_7
Interval_2,Interval_9,Interval_7,Interval_8,Interval_7,Interval_7
Interval_2,Interval_10,Interval_13,Interval_9,Interval_7,Interval_7
Interval_2,Interval_10,Interval_10,Interval_9,Interval_6,Interval_7
Interval_2,Interval_10,Interval_12,Interval_9,Interval_7,Interval_7
Interval_2,Interval_10,Interval_11,Interval_9,Interval_7,Interval_7
Interval_2,Interval_10,Interval_11,Interval_9,Interval_7,Interval_7
Interval_2,Interval_10,Interval_11,Interval_9,Interval_6,Interval_7
Interval_2,Interval_9,Interval_10,Interval_8,Interval_7,Interval_7
Interval_2,Interval_10,Interval_10,Interval_8,Interval_7,Interval_7
Interval_2,Interval_10,Interval_11,Interval_8,Interval_7,Interval_7
Interval_2,Interval_10,Interval_12,Interval_8,Interval_7,Interval_7
Interval_2,Interval_10,Interval_12,Interval_8,Interval_7,Interval_7
Interval_2,Interval_10,Interval_12,Interval_8,Interval_7,Interval_7
Interval_2,Interval_10,Interval_13,Interval_8,Interval_7,Interval_7
Interval_2,Interval_10,Interval_13,Interval_8,Interval_7,Interval_7
Interval_2,Interval_9,Interval_12,Interval_9,Interval_7,
Interval_2,Interval_9,Interval_13,Interval_9,Interval_7,Interval_7
Interval_2,Interval_10,Interval_13,Interval_9,Interval_7,Interval_7
Interval_2,Interval_9,Interval_9,Interval_9,Interval_7,Interval_7
Interval_2,Interval_10,Interval_10,Interval_9,Interval_6,Interval_7
Interval_2,Interval_10,Interval_12,Interval_8,Interval_7,Interval_7
Interval_2,Interval_10,Interval_11,Interval_9,Interval_6,Interval_7
Interval_2,Interval_10,Interval_11,Interval_9,Interval_7,Interval_7
Interval_2,Interval_10,Interval_11,Interval_9,Interval_7,Interval_7
Interval_2,Interval_10,Interval_11,Interval_9,Interval_7,Interval_7
Interval_2,Interval_10,Interval_11,Interval_9,Interval_6,Interval_7
Interval_2,Interval_10,Interval_10,Interval_8,Interval_7,Interval_7
Interval_2,Interval_10,Interval_10,Interval_8,Interval_7,Interval_7
Interval_2,Interval_10,Interval_12,Interval_9,Interval_7,Interval_7
Interval_2,Interval_10,Interval_12,Interval_8,Interval_7,Interval_7
Interval_2,Interval_10,Interval_12,Interval_8,Interval_7,Interval_7
Interval_2,Interval_10,Interval_12,Interval_9,Interval_7,Interval_7
Interval_2,Interval_10,Interval_13,Interval_8,Interval_7,Interval_7
Interval_2,Interval_10,Interval_12,Interval_8,Interval_7,Interval_7
Interval_2,Interval_9,Interval_12,Interval_8,Interval_7,Interval_7
Interval_2,Interval_9,Interval_12,Interval_9,Interval_7,Interval_7
Interval_2,Interval_9,Interval_13,Interval_9,Interval_7,Interval_7
Interval_2,Interval_10,,Interval_9,Interval_7,Interval_7
Interval_2,Interval_9,Interval_11,Interval_9,Interval_7,Interval_7
Interval_2,Interval_9,Interval_9,Interval_9,Interval_6,Interval_7
Interval_2,Interval_11,Interval_13,Interval_9,Interval_7,Interval_7
Interval_2,Interval_10,Interval_11,Interval_9,Interval_6,Interval_7
Interval_2,Interval_10,Interval_12,Interval_8,Interval_7,Interval_7
Interval_2,Interval_10,Interval_11,Interval_9,Interval_7,Interval_7
Interval_2,Interval_10,Interval_12,Interval_9,Interval_7,Interval_7
Interval_2,Interval_10,Interval_11,Interval_8,Interval_7,Interval_7
Interval_2,Interval_10,Interval_12,Interval_8,Interval_7,Interval_7
Interval_2,Interval_10,Interval_12,Interval_9,Interval_7,Interval_7
Interval_2,Interval_10,Interval_12,Interval_9,Interval_7,Interval_7
Interval_2,Interval_10,Interval_12,Interval_9,Interval_7,Interval_7
Interval_2,Interval_10,Interval_11,Interval_8,Interval_7,Interval_7
Interval_2,Interval_10,Interval_12,Interval_8,Interval_7,Interval_7
Interval_2,Interval_10,Interval_12,Interval_8,Interval_7,Interval_7
Interval_2,Interval_10,Interval_13,Interval_8,Interval_7,Interval_7
Interval_2,Interval_10,Interval_13,Interval_8,Interval_7,Interval_7
Interval_2,Interval_10,Interval_13,Interval_9,Interval_7,Interval_7
Interval_2,Interval_10,,Interval_9,Interval_7,Interval_7
Interval_2,Interval_10,,Interval_9,Interval_6,Interval_7
Interval_2,Interval_10,Interval_13,Interval_9,Interval_7,Interval_7
Interval_2,Interval_10,Interval_13,Interval_8,Interval_7,Interval_7
Interval_2,Interval_10,Interval_13,Interval_9,Interval_7,Interval_7
Interval_2,Interval_10,Interval_13,Interval_9,Interval_7,Interval_7
Interval_2,Interval_10,Interval_13,Interval_9,Interval_7,Interval_7
Interval_2,Interval_10,Interval_12,Interval_9,Interval_7,Interval_7
Interval_2,Interval_9,Interval_10,Interval_9,Interval_7,Interval_7
Interval_2,Interval_10,Interval_11,Interval_9,Interval_7,Interval_7
Interval_2,Interval_10,Interval_12,Interval_8,Interval_7,Interval_7
Interval_2,Interval_10,Interval_11,Interval_8,Interval_7,Interval_7
Interval_2,Interval_10,Interval_11,Interval_8,Interval_7,Interval_7
Interval_2,Interval_10,Interval_12,Interval_8,Interval_7,Interval_7
Interval_2,Interval_10,Interval_13,Interval_8,Interval_7,Interval_7
Interval_2,Interval_10,Interval_13,Interval_8,Interval_7,Interval_7
Interval_2,Interval_10,Interval_13,Interval_9,Interval_7,Interval_7
Interval_2,Interval_10,,Interval_8,Interval_7,Interval_7
Interval_2,Interval_10,,Interval_9,Interval_7,Interval_7
Interval_2,Interval_9,Interval_13,Interval_8,Interval_7,Interval_7
Interval_2,Interval_9,Interval_13,Interval_8,Interval_7,Interval_7
Interval_2,Interval_9,Interval_13,Interval_9,Interval_7,Interval_7
Interval_2,Interval_10,,Interval_9,Interval_7,Interval_7
Interval_2,Interval_10,Interval_13,Interval_9,Interval_7,Interval_7
Interval_2,Interval_9,Interval_11,Interval_9,Interval_7,Interval_7
Interval_2,Interval_9,Interval_11,Interval_9,Interval_7,Interval_7
Interval_2,Interval_10,Interval_12,Interval_9,Interval_7,Interval_7
Interval_2,Interval_10,Interval_11,Interval_9,Interval_7,Interval_7
Interval_2,Interval_10,Interval_13,Interval_9,Interval_7,Interval_7
Interval_2,Interval_9,Interval_11,Interval_8,Interval_7,Interval_7
Interval_2,Interval_10,Interval_11,Interval_8,Interval_7,Interval_7
Interval_2,Interval_10,Interval_13,Interval_8,Interval_7,Interval_7
Interval_2,Interval_10,Interval_13,Interval_8,Interval_7,Interval_7
Interval_2,Interval_10,Interval_13,Interval_8,Interval_7,Interval_7
Interval_2,Interval_10,,Interval_9,Interval_7,Interval_7
Interval_2,Interval_10,,Interval_9,Interval_7,Interval_7
Interval_2,Interval_10,,Interval_8,Interval_7,Interval_7
Interval_2,Interval_9,Interval_13,Interval_9,Interval_7,Interval_7
Interval_2,Interval_9,Interval_13,Interval_9,Interval_7,Interval_7
Interval_2,Interval_9,Interval_13,Interval_9,Interval_7,Interval_7
Interval_2,Interval_10,Interval_13,Interval_9,Interval_7,Interval_7
Interval_2,Interval_10,Interval_13,Interval_9,Interval_7,Interval_7
Interval_2,Interval_9,Interval_10,Interval_8,Interval_7,Interval_7
Interval_2,Interval_10,Interval_11,Interval_9,Interval_7,Interval_7
Interval_2,Interval_10,Interval_12,Interval_9,Interval_7,Interval_7
Interval_2,Interval_10,Interval_12,Interval_9,Interval_7,Interval_7
Interval_2,Interval_10,Interval_11,Interval_8,Interval_7,Interval_7
Interval_2,Interval_9,Interval_11,Interval_8,Interval_7,Interval_7
Interval_2,Interval_10,Interval_12,Interval_8,Interval_7,Interval_7
Interval_2,Interval_10,Interval_13,Interval_8,Interval_7,Interval_7
Interval_2,Interval_10,Interval_13,Interval_8,Interval_7,Interval_7
Interval_2,Interval_10,Interval_13,Interval_8,Interval_7,Interval_7
Interval_2,Interval_10,Interval_13,Interval_9,Interval_7,Interval_7
Interval_2,Interval_10,,Interval_9,Interval_7,Interval_7
Interval_2,Interval_10,,Interval_8,Interval_7,Interval_7
Interval_2,Interval_9,Interval_13,Interval_8,Interval_7,Interval_7
Interval_2,Interval_9,Interval_13,Interval_8,Interval_6,Interval_7
Interval_2,Interval_9,Interval_13,Interval_9,Interval_7,Interval_7
Interval_2,Interval_9,Interval_13,Interval_9,Interval_7,Interval_7
Interval_2,Interval_10,Interval_13,Interval_9,Interval_7,Interval_7
Interval_2,Interval_10,Interval_13,Interval_9,Interval_7,Interval_7
Interval_2,Interval_10,Interval_13,Interval_9,Interval_7,Interval_7
Interval_2,Interval_9,Interval_11,Interval_9,Interval_7,Interval_7
Interval_2,Interval_10,Interval_11,Interval_9,Interval_7,Interval_7
Interval_2,Interval_10,Interval_13,Interval_9,Interval_7,Interval_7
Interval_2,Interval_10,Interval_12,Interval_9,Interval_7,Interval_7
Interval_2,Interval_10,Interval_12,Interval_9,Interval_7,Interval_7
Interval_2,Interval_10,Interval_11,Interval_8,Interval_7,Interval_7
Interval_2,Interval_10,Interval_11,Interval_8,Interval_6,Interval_7
Interval_2,Interval_10,Interval_12,Interval_8,Interval_7,Interval_7
Interval_2,Interval_10,Interval_13,Interval_8,Interval_7,Interval_7
Interval_2,Interval_10,Interval_13,Interval_8,Interval_7,Interval_7
Interval_2,Interval_9,Interval_13,Interval_9,Interval_7,Interval_7
Interval_2,Interval_10,,Interval_9,Interval_6,Interval_7
Interval_2,Interval_10,,Interval_9,Interval_7,Interval_7
Interval_2,Interval_10,Interval_13,Interval_8,Interval_7,Interval_7
Interval_2,Interval_9,Interval_13,Interval_8,Interval_7,Interval_7
Interval_2,Interval_9,Interval_13,Interval_9,Interval_7,Interval_7
Interval_2,Interval_9,Interval_13,Interval_9,Interval_7,Interval_7
Interval_2,Interval_9,Interval_13,Interval_9,Interval_7,Interval_7
Interval_2,Interval_10,Interval_13,Interval_9,Interval_7,Interval_7
Interval_2,Interval_10,Interval_13,Interval_9,Interval_7,Interval_7
Interval_2,Interval_10,Interval_12,Interval_9,Interval_7,Interval_7
Interval_2,Interval_9,Interval_11,Interval_8,Interval_7,Interval_7
Interval_2,Interval_9,Interval_11,Interval_8,Interval_7,Interval_7
Interval_2,Interval_10,Interval_13,Interval_9,Interval_7,Interval_7
Interval_2,Interval_10,Interval_12,Interval_9,Interval_7,Interval_7
Interval_2,Interval_10,Interval_13,Interval_9,Interval_7,Interval_7
Interval_2,Interval_10,Interval_11,Interval_8,Interval_7,Interval_7
Interval_2,Interval_10,Interval_12,Interval_9,Interval_7,Interval_7
Interval_2,Interval_10,Interval_12,Interval_8,Interval_7,Interval_7
Interval_2,Interval_10,Interval_12,Interval_8,Interval_7,Interval_7
Interval_2,Interval_10,Interval_12,Interval_8,Interval_7,Interval_7
Interval_2,Interval_10,Interval_13,Interval_8,Interval_7,Interval_7
Interval_2,Interval_10,,Interval_8,Interval_7,Interval_7
Interval_2,Interval_9,Interval_13,Interval_9,Interval_7,Interval_7
Interval_2,Interval_9,Interval_13,Interval_9,Interval_7,Interval_7
Interval_2,Interval_10,,Interval_9,Interval_7,Interval_7
Interval_2,Interval_9,Interval_11,Interval_10,Interval_6,Interval_7
Interval_2,Interval_8,Interval_9,Interval_8,Interval_7,Interval_7
Interval_2,Interval_10,Interval_12,Interval_9,Interval_6,Interval_7
Interval_2,Interval_10,Interval_10,Interval_8,Interval_7,Interval_7
Interval_2,Interval_10,Interval_12,Interval_9,Interval_6,Interval_7
Interval_2,Interval_10,Interval_10,Interval_9,Interval_6,Interval_7
Interval_2,Interval_10,Interval_10,Interval_8,Interval_6,Interval_7
Interval_2,Interval_10,Interval_10,Interval_8,Interval_7,Interval_7
Interval_2,Interval_10,Interval_11,Interval_8,Interval_7,Interval_7
Interval_2,Interval_10,Interval_12,Interval_8,Interval_7,Interval_7
Interval_2,Interval_10,Interval_12,Interval_8,Interval_7,Interval_7
Interval_2,Interval_10,Interval_13,Interval_8,Interval_7,Interval_7
Interval_2,Interval_10,Interval_13,Interval_8,Interval_7,Interval_7
Interval_2,Interval_9,Interval_13,Interval_9,Interval_7,Interval_7
Interval_2,Interval_9,Interval_12,Interval_9,Interval_7,Interval_7
Interval_2,Interval_9,Interval_13,Interval_9,Interval_7,Interval_7
Interval_2,Interval_10,Interval_13,Interval_9,Interval_7,Interval_7
Interval_2,Interval_8,Interval_9,Interval_9,Interval_7,Interval_7
Interval_2,Interval_10,Interval_11,Interval_9,Interval_6,Interval_7
Interval_2,Interval_10,Interval_11,Interval_8,Interval_7,Interval_7
Interval_2,Interval_10,Interval_11,Interval_9,Interval_7,Interval_7
Interval_2,Interval_10,Interval_11,Interval_8,Interval_7,Interval_7
Interval_2,Interval_10,Interval_11,Interval_9,Interval_7,Interval_7
Interval_2,Interval_10,Interval_10,Interval_9,Interval_6,Interval_7
Interval_2,Interval_9,Interval_10,Interval_8,Interval_7,Interval_7
Interval_2,Interval_10,Interval_11,Interval_8,Interval_7,Interval_7
Interval_2,Interval_10,Interval_12,Interval_8,Interval_7,Interval_7
Interval_2,Interval_10,Interval_12,Interval_8,Interval_7,Interval_7
Interval_2,Interval_10,Interval_12,Interval_8,Interval_7,Interval_7
Interval_2,Interval_10,Interval_13,Interval_8,Interval_7,Interval_7
Interval_2,Interval_10,Interval_13,Interval_8,Interval_7,Interval_7
Interval_2,Interval_9,Interval_12,Interval_9,Interval_7,Interval_7
Interval_2,Interval_9,Interval_12,Interval_9,Interval_7,Interval_7
Interval_2,Interval_10,Interval_13,Interval_9,Interval_7,Interval_7
Interval_2,Interval_10,Interval_13,Interval_10,Interval_6,Interval_7
Interval_2,Interval_8,Interval_8,Interval_9,Interval_7,Interval_7
Interval_2,Interval_10,Interval_12,Interval_9,Interval_6,Interval_7
Interval_2,Interval_9,Interval_11,Interval_8,Interval_7,Interval_7
Interval_2,Interval_10,Interval_12,Interval_9,Interval_7,Interval_7
Interval_2,Interval_10,Interval_11,Interval_9,Interval_7,Interval_7
Interval_2,Interval_10,Interval_11,Interval_9,Interval_7,Interval_7
Interval_2,Interval_10,Interval_10,Interval_9,Interval_6,Interval_7
Interval_2,Interval_10,Interval_10,Interval_8,Interval_7,Interval_7
Interval_2,Interval_10,Interval_11,Interval_8,Interval_7,Interval_7
Interval_2,Interval_10,Interval_12,Interval_8,Interval_7,Interval_7
Interval_2,Interval_10,Interval_12,Interval_8,Interval_7,Interval_7
Interval_2,Interval_10,Interval_12,Interval_8,Interval_7,Interval_7
Interval_2,Interval_10,Interval_13,Interval_8,Interval_7,Interval_7
Interval_2,Interval_10,Interval_13,Interval_9,Interval_7,Interval_7
Interval_2,Interval_9,Interval_13,Interval_8,Interval_7,Interval_7
Interval_2,Interval_9,Interval_12,Interval_9,Interval_7,Interval_7
Interval_2,Interval_9,Interval_13,Interval_9,Interval_7,Interval_7
Interval_2,Interval_10,,Interval_9,Interval_7,Interval_7
Interval_2,Interval_9,Interval_11,Interval_10,Interval_7,Interval_7
Interval_2,Interval_9,Interval_9,Interval_8,Interval_7,Interval_7
Interval_2,Interval_10,Interval_13,Interval_9,Interval_6,Interval_7
Interval_2,Interval_10,Interval_11,Interval_8,Interval_7,Interval_7
Interval_2,Interval_10,Interval_12,Interval_8,Interval_7,Interval_7
Interval_2,Interval_10,Interval_11,Interval_9,Interval_7,Interval_7
Interval_2,Interval_10,Interval_12,Interval_9,Interval_7,Interval_7
Interval_2,Interval_10,Interval_11,Interval_9,Interval_7,Interval_7
Interval_2,Interval_10,Interval_11,Interval_9,Interval_7,Interval_7
Interval_2,Interval_9,Interval_10,Interval_8,Interval_7,Interval_7
Interval_2,Interval_10,Interval_10,Interval_8,Interval_7,Interval_7
Interval_2,Interval_10,Interval_12,Interval_8,Interval_7,Interval_7
Interval_2,Interval_10,Interval_12,Interval_8,Interval_7,Interval_7
Interval_2,Interval_10,Interval_12,Interval_8,Interval_7,Interval_7
Interval_2,Interval_9,Interval_12,Interval_8,Interval_7,Interval_7
Interval_2,Interval_10,Interval_13,Interval_8,Interval_7,Interval_7
Interval_2,Interval_9,Interval_13,Interval_8,Interval_7,Interval_7
Interval_2,Interval_9,Interval_13,Interval_8,Interval_7,Interval_7
Interval_2,Interval_9,Interval_13,Interval_9,Interval_7,Interval_7
Interval_2,Interval_9,Interval_13,Interval_9,Interval_7,Interval_7
Interval_2,Interval_10,,Interval_9,Interval_7,Interval_7
Interval_2,Interval_9,Interval_11,Interval_9,Interval_7,Interval_7
Interval_2,Interval_8,Interval_8,Interval_8,Interval_7,Interval_7
Interval_2,Interval_10,Interval_13,Interval_9,Interval_6,Interval_7
Interval_2,Interval_3,Interval_5,Interval_8,Interval_6,Interval_7
Interval_2,Interval_3,Interval_4,Interval_8,Interval_7,Interval_7
Interval_2,Interval_3,Interval_4,Interval_9,Interval_6,Interval_7
Interval_2,Interval_2,Interval_4,Interval_9,Interval_6,Interval_7
Interval_2,Interval_2,Interval_4,Interval_9,Interval_7,Interval_7
Interval_2,Interval_2,Interval_4,Interval_9,Interval_7,Interval_7
Interval_2,Interval_3,Interval_5,Interval_9,Interval_7,Interval_7
Interval_2,Interval_4,Interval_6,Interval_10,Interval_7,Interval_7
Interval_2,Interval_3,Interval_7,Interval_8,Interval_7,Interval_7
Interval_2,Interval_4,Interval_6,Interval_7,Interval_7,Interval_7
Interval_2,Interval_4,Interval_5,Interval_8,Interval_6,Interval_7
Interval_2,Interval_3,Interval_4,Interval_8,Interval_6,Interval_7
Interval_2,Interval_2,Interval_4,Interval_8,Interval_7,Interval_7
Interval_2,Interval_2,Interval_3,Interval_8,Interval_7,Interval_7
Interval_2,Interval_3,Interval_4,Interval_9,Interval_7,Interval_7
Interval_2,Interval_3,Interval_4,Interval_9,Interval_6,Interval_7
Interval_2,Interval_2,Interval_4,Interval_9,Interval_7,Interval_7
Interval_2,Interval_2,Interval_4,Interval_9,Interval_7,Interval_7
Interval_2,Interval_3,Interval_5,Interval_10,Interval_7,Interval_7
Interval_2,Interval_5,Interval_7,Interval_10,Interval_7,Interval_7
Interval_2,Interval_3,Interval_7,Interval_8,Interval_7,Interval_7
Interval_2,Interval_3,Interval_7,Interval_8,Interval_7,Interval_7
Interval_2,Interval_4,Interval_5,Interval_7,Interval_6,Interval_7
Interval_2,Interval_3,Interval_4,Interval_8,Interval_7,Interval_7
Interval_2,Interval_3,Interval_4,Interval_8,Interval_7,Interval_7
Interval_2,Interval_2,Interval_3,Interval_8,Interval_7,Interval_7
Interval_2,Interval_3,Interval_3,Interval_9,Interval_7,Interval_7
Interval_2,Interval_3,Interval_4,Interval_9,Interval_6,Interval_7
Interval_2,Interval_2,Interval_3,Interval_9,Interval_6,Interval_7
Interval_2,Interval_2,Interval_4,Interval_9,Interval_7,Interval_7
Interval_2,Interval_3,Interval_4,Interval_10,Interval_7,Interval_7
Interval_2,Interval_5,Interval_5,Interval_11,Interval_7,Interval_7
Interval_2,Interval_4,Interval_7,Interval_9,Interval_7,Interval_7
Interval_2,Interval_3,Interval_7,Interval_8,Interval_7,Interval_7
Interval_2,Interval_4,Interval_6,Interval_7,Interval_6,Interval_7
Interval_2,Interval_3,Interval_5,Interval_8,Interval_6,Interval_7
Interval_2,Interval_3,Interval_4,Interval_9,Interval_7,Interval_7
Interval_2,Interval_2,Interval_4,Interval_8,Interval_7,Interval_7
Interval_2,Interval_2,Interval_4,Interval_9,Interval_7,Interval_7
Interval_2,Interval_3,Interval_4,Interval_9,Interval_6,Interval_7
Interval_2,Interval_2,Interval_4,Interval_9,Interval_7,Interval_7
Interval_2,Interval_2,Interval_3,Interval_9,Interval_7,Interval_7
Interval_2,Interval_2,Interval_4,Interval_9,Interval_7,Interval_7
Interval_2,Interval_3,Interval_4,Interval_10,Interval_7,Interval_7
Interval_2,Interval_5,Interval_6,Interval_10,Interval_7,Interval_7
Interval_2,Interval_3,Interval_7,Interval_8,Interval_7,Interval_7
Interval_2,Interval_3,Interval_6,Interval_8,Interval_7,Interval_7
Interval_2,Interval_4,Interval_5,Interval_8,Interval_7,Interval_7
Interval_2,Interval_3,Interval_4,Interval_8,Interval_7,Interval_7
Interval_2,Interval_2,Interval_4,Interval_8,Interval_7,Interval_7
Interval_2,Interval_2,Interval_3,Interval_8,Interval_7,Interval_7
Interval_2,Interval_2,Interval_4,Interval_9,Interval_7,Interval_7
Interval_2,Interval_3,Interval_4,Interval_9,Interval_7,Interval_7
Interval_2,Interval_2,Interval_4,Interval_9,Interval_7,Interval_7
Interval_2,Interval_2,Interval_3,Interval_9,Interval_7,Interval_7
Interval_2,Interval_2,Interval_4,Interval_9,Interval_7,Interval_7
Interval_2,Interval_3,Interval_5,Interval_10,Interval_7,Interval_7
Interval_2,Interval_5,Interval_6,Interval_10,Interval_7,Interval_7
Interval_2,Interval_3,Interval_7,Interval_8,Interval_7,Interval_7
Interval_2,Interval_4,Interval_6,Interval_8,Interval_7,Interval_7
Interval_2,Interval_4,Interval_5,Interval_7,Interval_6,Interval_7
Interval_2,Interval_3,Interval_4,Interval_8,Interval_6,Interval_7
Interval_2,Interval_2,Interval_4,Interval_8,Interval_7,Interval_7
Interval_2,Interval_1,Interval_3,Interval_9,Interval_7,Interval_7
Interval_2,Interval_3,Interval_4,Interval_8,Interval_7,Interval_7
Interval_2,Interval_3,Interval_4,Interval_9,Interval_6,Interval_7
Interval_2,Interval_2,Interval_4,Interval_9,Interval_7,Interval_7
Interval_2,Interval_2,Interval_4,Interval_9,Interval_7,Interval_7
Interval_2,Interval_2,Interval_4,Interval_9,Interval_7,Interval_7
Interval_2,Interval_4,Interval_5,Interval_10,Interval_7,Interval_7
Interval_2,Interval_4,Interval_7,Interval_10,Interval_7,Interval_7
Interval_2,Interval_3,Interval_7,Interval_8,Interval_7,Interval_7
Interval_2,Interval_4,Interval_6,Interval_7,Interval_7,Interval_7
Interval_2,Interval_3,Interval_5,Interval_8,Interval_7,Interval_7
Interval_2,Interval_3,Interval_4,Interval_8,Interval_7,Interval_7
Interval_2,Interval_2,Interval_4,Interval_8,Interval_7,Interval_7
Interval_2,Interval_2,Interval_4,Interval_9,Interval_7,Interval_7
Interval_2,Interval_3,Interval_4,Interval_8,Interval_7,Interval_7
Interval_2,Interval_3,Interval_4,Interval_9,Interval_6,Interval_7
Interval_2,Interval_2,Interval_3,Interval_9,Interval_7,Interval_7
Interval_2,Interval_2,Interval_4,Interval_9,Interval_6,Interval_7
Interval_2,Interval_2,Interval_4,Interval_9,Interval_7,Interval_7
Interval_2,Interval_4,Interval_5,Interval_10,Interval_7,Interval_7
Interval_2,Interval_5,Interval_7,Interval_10,Interval_7,Interval_7
Interval_2,Interval_3,Interval_7,Interval_8,Interval_7,Interval_7
Interval_2,Interval_4,Interval_6,Interval_7,Interval_7,Interval_7
Interval_2,Interval_3,Interval_5,Interval_8,Interval_7,Interval_7
Interval_2,Interval_2,Interval_4,Interval_8,Interval_7,Interval_7
Interval_2,Interval_2,Interval_3,Interval_8,Interval_7,Interval_7
Interval_2,Interval_2,Interval_4,Interval_9,Interval_7,Interval_7
Interval_2,Interval_3,Interval_4,Interval_9,Interval_7,Interval_7
Interval_2,Interval_3,Interval_4,Interval_9,Interval_6,Interval_7
Interval_2,Interval_3,Interval_4,Interval_9,Interval_7,Interval_7
Interval_2,Interval_2,Interval_4,Interval_9,Interval_7,Interval_7
Interval_2,Interval_2,Interval_3,Interval_9,Interval_7,Interval_7
Interval_2,Interval_3,Interval_5,Interval_10,Interval_7,Interval_7
Interval_2,Interval_5,Interval_6,Interval_10,Interval_7,Interval_7
Interval_2,Interval_3,Interval_7,Interval_8,Interval_7,Interval_7
Interval_2,Interval_4,Interval_7,Interval_8,Interval_7,Interval_7
Interval_2,Interval_4,Interval_6,Interval_8,Interval_7,Interval_7
Interval_2,Interval_3,Interval_4,Interval_8,Interval_6,Interval_7
Interval_2,Interval_2,Interval_4,Interval_8,Interval_7,Interval_7
Interval_2,Interval_2,Interval_3,Interval_9,Interval_7,Interval_7
Interval_2,Interval_2,Interval_4,Interval_9,Interval_7,Interval_7
Interval_2,Interval_3,Interval_4,Interval_9,Interval_6,Interval_7
Interval_2,Interval_3,Interval_4,Interval_9,Interval_6,Interval_7
Interval_2,Interval_2,Interval_4,Interval_9,Interval_6,Interval_7
Interval_2,Interval_2,Interval_3,Interval_9,Interval_7,Interval_7
Interval_2,Interval_2,Interval_4,Interval_9,Interval_7,Interval_7
Interval_2,Interval_4,Interval_5,Interval_10,Interval_7,Interval_7
Interval_2,Interval_4,Interval_7,Interval_9,Interval_7,Interval_7
Interval_2,Interval_3,Interval_6,Interval_8,Interval_7,Interval_7
Interval_2,Interval_4,Interval_5,Interval_7,Interval_7,Interval_7
Interval_2,Interval_3,Interval_4,Interval_8,Interval_7,Interval_7
Interval_2,Interval_2,Interval_4,Interval_8,Interval_7,Interval_7
Interval_2,Interval_2,Interval_3,Interval_9,Interval_7,Interval_7
Interval_2,Interval_2,Interval_4,Interval_9,Interval_7,Interval_7
Interval_2,Interval_3,Interval_4,Interval_9,Interval_7,Interval_7
Interval_2,Interval_3,Interval_4,Interval_8,Interval_7,Interval_7
Interval_2,Interval_3,Interval_4,Interval_9,Interval_6,Interval_7
Interval_2,Interval_2,Interval_4,Interval_9,Interval_7,Interval_7
Interval_2,Interval_2,Interval_4,Interval_9,Interval_7,Interval_7
Interval_2,Interval_3,Interval_5,Interval_10,Interval_7,Interval_7
Interval_2,Interval_5,Interval_6,Interval_10,Interval_7,Interval_7
Interval_2,Interval_3,Interval_7,Interval_8,Interval_7,Interval_7
Interval_2,Interval_4,Interval_6,Interval_8,Interval_6,Interval_7
Interval_2,Interval_4,Interval_5,Interval_7,Interval_7,Interval_7
Interval_2,Interval_3,Interval_4,Interval_8,Interval_7,Interval_7
Interval_2,Interval_2,Interval_3,Interval_8,Interval_7,Interval_7
Interval_2,Interval_2,Interval_2,Interval_9,Interval_7,Interval_7
Interval_2,Interval_3,Interval_4,Interval_8,Interval_7,Interval_7
Interval_2,Interval_3,Interval_3,Interval_8,Interval_7,Interval_7
Interval_2,Interval_3,Interval_4,Interval_9,Interval_8,Interval_7
Interval_2,Interval_3,Interval_4,Interval_9,Interval_7,Interval_7
Interval_2,Interval_3,Interval_4,Interval_9,Interval_7,Interval_7
Interval_2,Interval_3,Interval_3,Interval_9,Interval_7,Interval_7
Interval_2,Interval_3,Interval_4,Interval_9,Interval_7,Interval_7
Interval_2,Interval_2,Interval_4,Interval_9,Interval_6,Interval_7
Interval_2,Interval_2,Interval_5,Interval_9,Interval_6,Interval_7
Interval_2,Interval_2,Interval_5,Interval_9,Interval_6,Interval_7
Interval_2,Interval_3,Interval_5,Interval_10,Interval_7,Interval_7
Interval_2,Interval_4,Interval_6,Interval_11,Interval_6,Interval_7
Interval_2,Interval_4,Interval_8,Interval_10,Interval_7,Interval_7
Interval_2,Interval_3,Interval_9,Interval_8,Interval_7,Interval_7
Interval_2,Interval_3,Interval_9,Interval_8,Interval_7,Interval_7
Interval_2,Interval_3,Interval_8,Interval_7,Interval_6,Interval_7
Interval_2,Interval_3,Interval_7,Interval_7,Interval_7,Interval_7
Interval_2,Interval_3,Interval_6,Interval_8,Interval_6,Interval_7
Interval_2,Interval_3,Interval_5,Interval_9,Interval_7,Interval_7
Interval_2,Interval_3,Interval_5,Interval_9,Interval_7,Interval_7
Interval_2,Interval_2,Interval_5,Interval_8,Interval_7,Interval_7
Interval_2,Interval_2,Interval_5,Interval_8,Interval_7,Interval_7
Interval_2,Interval_3,Interval_5,Interval_9,Interval_7,Interval_7
Interval_2,Interval_2,Interval_5,Interval_9,Interval_7,Interval_7
Interval_2,Interval_2,Interval_5,Interval_8,Interval_7,Interval_7
Interval_2,Interval_2,Interval_5,Interval_9,Interval_7,Interval_7
Interval_2,Interval_3,Interval_6,Interval_10,Interval_7,Interval_7
Interval_2,Interval_4,Interval_7,Interval_11,Interval_6,Interval_7
Interval_2,Interval_3,Interval_9,Interval_9,Interval_7,Interval_7
Interval_2,Interval_3,Interval_9,Interval_8,Interval_7,Interval_7
Interval_2,Interval_3,Interval_8,Interval_7,Interval_6,Interval_7
Interval_2,Interval_3,Interval_7,Interval_7,Interval_7,Interval_7
Interval_2,Interval_3,Interval_6,Interval_8,Interval_7,Interval_7
Interval_2,Interval_3,Interval_5,Interval_9,Interval_6,Interval_7
Interval_2,Interval_3,Interval_5,Interval_9,Interval_7,Interval_7
Interval_2,Interval_2,Interval_5,Interval_8,Interval_7,Interval_7
Interval_2,Interval_1,Interval_5,Interval_9,Interval_7,Interval_7
Interval_2,Interval_3,Interval_6,Interval_9,Interval_7,Interval_7
Interval_2,Interval_2,Interval_5,Interval_9,Interval_7,Interval_7
Interval_2,Interval_2,Interval_5,Interval_8,Interval_7,Interval_7
Interval_2,Interval_2,Interval_5,Interval_8,Interval_7,Interval_7
Interval_2,Interval_3,Interval_5,Interval_9,Interval_7,Interval_7
Interval_2,Interval_4,Interval_6,Interval_11,Interval_6,Interval_7
Interval_2,Interval_4,Interval_8,Interval_10,Interval_7,Interval_7
Interval_2,Interval_3,Interval_9,Interval_9,Interval_7,Interval_7
Interval_2,Interval_3,Interval_9,Interval_8,Interval_7,Interval_7
Interval_2,Interval_4,Interval_8,Interval_7,Interval_7,Interval_7
Interval_2,Interval_3,Interval_7,Interval_7,Interval_7,Interval_7
Interval_2,Interval_3,Interval_6,Interval_8,Interval_7,Interval_7
Interval_2,Interval_3,Interval_5,Interval_9,Interval_7,Interval_7
Interval_2,Interval_3,Interval_5,Interval_9,Interval_7,Interval_7
Interval_2,Interval_2,Interval_5,Interval_8,Interval_7,Interval_7
Interval_2,Interval_2,Interval_5,Interval_9,Interval_7,Interval_7
Interval_2,Interval_3,Interval_5,Interval_9,Interval_7,Interval_7
Interval_2,Interval_2,Interval_5,Interval_9,Interval_7,Interval_7
Interval_2,Interval_2,Interval_5,Interval_8,Interval_7,Interval_7
Interval_2,Interval_2,Interval_5,Interval_9,Interval_7,Interval_7
Interval_2,Interval_4,Interval_6,Interval_10,Interval_7,Interval_7
Interval_2,Interval_4,Interval_8,Interval_11,Interval_6,Interval_7
Interval_2,Interval_3,Interval_9,Interval_9,Interval_7,Interval_7
Interval_2,Interval_3,Interval_10,Interval_8,Interval_7,Interval_7
Interval_2,Interval_3,Interval_8,Interval_7,Interval_7,Interval_7
Interval_2,Interval_3,Interval_7,Interval_7,Interval_7,Interval_7
Interval_2,Interval_3,Interval_6,Interval_8,Interval_7,Interval_7
Interval_2,Interval_3,Interval_6,Interval_8,Interval_7,Interval_7
Interval_2,Interval_3,Interval_5,Interval_8,Interval_7,Interval_7
Interval_2,Interval_3,Interval_5,Interval_9,Interval_7,Interval_7
Interval_2,Interval_2,Interval_5,Interval_8,Interval_7,Interval_7
Interval_2,Interval_2,Interval_5,Interval_9,Interval_7,Interval_7
Interval_2,Interval_3,Interval_5,Interval_9,Interval_7,Interval_7
Interval_2,Interval_2,Interval_5,Interval_9,Interval_7,Interval_7
Interval_2,Interval_2,Interval_5,Interval_8,Interval_7,Interval_7
Interval_2,Interval_2,Interval_5,Interval_9,Interval_7,Interval_7
Interval_2,Interval_3,Interval_6,Interval_10,Interval_7,Interval_7
Interval_2,Interval_4,Interval_8,Interval_10,Interval_6,Interval_7
Interval_2,Interval_3,Interval_9,Interval_9,Interval_7,Interval_7
Interval_2,Interval_3,Interval_9,Interval_8,Interval_7,Interval_7
Interval_2,Interval_3,Interval_9,Interval_7,Interval_7,Interval_7
Interval_2,Interval_3,Interval_7,Interval_7,Interval_7,Interval_7
Interval_2,Interval_3,Interval_6,Interval_8,Interval_7,Interval_7
Interval_2,Interval_3,Interval_6,Interval_8,Interval_6,Interval_7
Interval_2,Interval_3,Interval_5,Interval_9,Interval_7,Interval_7
Interval_2,Interval_3,Interval_5,Interval_9,Interval_7,Interval_7
Interval_2,Interval_2,Interval_5,Interval_8,Interval_7,Interval_7
Interval_2,Interval_2,Interval_5,Interval_9,Interval_7,Interval_7
Interval_2,Interval_2,Interval_5,Interval_9,Interval_7,Interval_7
Interval_2,Interval_2,Interval_5,Interval_9,Interval_7,Interval_7
Interval_2,Interval_3,Interval_5,Interval_9,Interval_7,Interval_7
Interval_2,Interval_3,Interval_6,Interval_10,Interval_7,Interval_7
Interval_2,Interval_4,Interval_8,Interval_11,Interval_6,Interval_7
Interval_2,Interval_3,Interval_9,Interval_9,Interval_7,Interval_7
Interval_2,Interval_3,Interval_9,Interval_8,Interval_7,Interval_7
Interval_2,Interval_3,Interval_9,Interval_8,Interval_7,Interval_7
Interval_2,Interval_4,Interval_7,Interval_7,Interval_7,Interval_7
Interval_2,Interval_3,Interval_6,Interval_7,Interval_6,Interval_7
Interval_2,Interval_3,Interval_6,Interval_8,Interval_6,Interval_7
Interval_2,Interval_3,Interval_5,Interval_9,Interval_7,Interval_7
Interval_2,Interval_2,Interval_5,Interval_9,Interval_7,Interval_7
Interval_2,Interval_2,Interval_5,Interval_8,Interval_7,Interval_7
Interval_2,Interval_2,Interval_5,Interval_8,Interval_7,Interval_7
Interval_2,Interval_3,Interval_5,Interval_9,Interval_7,Interval_7
Interval_2,Interval_2,Interval_5,Interval_9,Interval_7,Interval_7
Interval_2,Interval_2,Interval_5,Interval_8,Interval_7,Interval_7
Interval_2,Interval_2,Interval_5,Interval_9,Interval_7,Interval_7
Interval_2,Interval_3,Interval_5,Interval_10,Interval_7,Interval_7
Interval_2,Interval_4,Interval_7,Interval_11,Interval_6,Interval_7
Interval_2,Interval_4,Interval_9,Interval_10,Interval_7,Interval_7
Interval_2,Interval_3,Interval_9,Interval_9,Interval_7,Interval_7
Interval_2,Interval_3,Interval_9,Interval_7,Interval_7,Interval_7
Interval_2,Interval_3,Interval_8,Interval_7,Interval_7,Interval_7
Interval_2,Interval_3,Interval_7,Interval_7,Interval_7,Interval_7
Interval_2,Interval_3,Interval_6,Interval_8,Interval_7,Interval_7
Interval_2,Interval_3,Interval_5,Interval_8,Interval_7,Interval_7
Interval_2,Interval_3,Interval_5,Interval_9,Interval_7,Interval_7
Interval_2,Interval_3,Interval_5,Interval_9,Interval_7,Interval_7
Interval_2,Interval_2,Interval_5,Interval_8,Interval_7,Interval_7
Interval_2,Interval_2,Interval_5,Interval_9,Interval_7,Interval_7
Interval_2,Interval_3,Interval_5,Interval_9,Interval_7,Interval_7
Interval_2,Interval_3,Interval_5,Interval_9,Interval_7,Interval_7
Interval_2,Interval_2,Interval_5,Interval_9,Interval_7,Interval_7
Interval_2,Interval_2,Interval_5,Interval_8,Interval_7,Interval_7
Interval_2,Interval_2,Interval_5,Interval_9,Interval_6,Interval_7
Interval_2,Interval_3,Interval_5,Interval_10,Interval_7,Interval_7
Interval_2,Interval_4,Interval_6,Interval_11,Interval_6,Interval_7
Interval_2,Interval_3,Interval_8,Interval_9,Interval_7,Interval_7
Interval_2,Interval_3,Interval_9,Interval_8,Interval_7,Interval_7
Interval_2,Interval_3,Interval_8,Interval_7,Interval_7,Interval_7
Interval_2,Interval_3,Interval_7,Interval_7,Interval_7,Interval_7
Interval_2,Interval_3,Interval_6,Interval_8,Interval_6,Interval_7
Interval_2,Interval_3,Interval_5,Interval_8,Interval_7,Interval_7
Interval_2,Interval_3,Interval_5,Interval_9,Interval_7,Interval_7
Interval_2,Interval_2,Interval_5,Interval_9,Interval_7,Interval_7
Interval_2,Interval_2,Interval_5,Interval_8,Interval_7,Interval_7
Interval_2,Interval_2,Interval_5,Interval_9,Interval_7,Interval_7
Interval_2,Interval_2,Interval_5,Interval_9,Interval_7,Interval_7
Interval_2,Interval_2,Interval_5,Interval_9,Interval_7,Interval_7
Interval_2,Interval_2,Interval_5,Interval_9,Interval_6,Interval_7
Interval_2,Interval_3,Interval_5,Interval_10,Interval_7,Interval_7
Interval_2,Interval_4,Interval_6,Interval_11,Interval_6,Interval_7
Interval_2,Interval_4,Interval_8,Interval_10,Interval_7,Interval_7
Interval_2,Interval_3,Interval_9,Interval_9,Interval_7,Interval_7
Interval_2,Interval_3,Interval_9,Interval_8,Interval_7,Interval_7
Interval_2,Interval_4,Interval_8,Interval_7,Interval_7,Interval_7
Interval_2,Interval_3,Interval_7,Interval_7,Interval_7,Interval_7
Interval_2,Interval_3,Interval_6,Interval_8,Interval_6,Interval_7
Interval_2,Interval_3,Interval_5,Interval_9,Interval_7,Interval_7
Interval_2,Interval_3,Interval_5,Interval_9,Interval_7,Interval_7
Interval_2,Interval_2,Interval_5,Interval_8,Interval_7,Interval_7
Interval_2,Interval_2,Interval_4,Interval_9,Interval_7,Interval_7
Interval_2,Interval_3,Interval_5,Interval_9,Interval_7,Interval_7
Interval_2,Interval_2,Interval_5,Interval_9,Interval_7,Interval_7
Interval_2,Interval_2,Interval_5,Interval_9,Interval_7,Interval_7
Interval_2,Interval_2,Interval_5,Interval_9,Interval_6,Interval_7
Interval_2,Interval_3,Interval_5,Interval_10,Interval_7,Interval_7
Interval_2,Interval_4,Interval_6,Interval_11,Interval_6,Interval_7
Interval_2,Interval_4,Interval_8,Interval_10,Interval_6,Interval_7
Interval_2,Interval_3,Interval_10,Interval_9,Interval_7,Interval_7
Interval_2,Interval_3,Interval_10,Interval_8,Interval_7,Interval_7
Interval_2,Interval_3,Interval_8,Interval_7,Interval_7,Interval_7
Interval_2,Interval_4,Interval_7,Interval_7,Interval_7,Interval_7
Interval_2,Interval_3,Interval_6,Interval_8,Interval_7,Interval_7
Interval_2,Interval_3,Interval_5,Interval_9,Interval_6,Interval_7
Interval_2,Interval_3,Interval_5,Interval_9,Interval_7,Interval_7
Interval_2,Interval_3,Interval_5,Interval_8,Interval_7,Interval_7
Interval_2,Interval_2,Interval_4,Interval_8,Interval_6,Interval_7
Interval_2,Interval_2,Interval_4,Interval_8,Interval_7,Interval_7
Interval_2,Interval_3,Interval_4,Interval_8,Interval_7,Interval_7
Interval_2,Interval_3,Interval_6,Interval_9,Interval_6,Interval_7
Interval_2,Interval_3,Interval_6,Interval_8,Interval_7,Interval_7
Interval_2,Interval_3,Interval_5,Interval_8,Interval_6,Interval_7
Interval_2,Interval_3,Interval_5,Interval_9,Interval_7,Interval_7
Interval_2,Interval_3,Interval_5,Interval_9,Interval_6,Interval_7
Interval_2,Interval_2,Interval_5,Interval_9,Interval_7,Interval_7
Interval_2,Interval_2,Interval_5,Interval_9,Interval_7,Interval_7
Interval_2,Interval_2,Interval_5,Interval_9,Interval_7,Interval_7
Interval_2,Interval_2,Interval_5,Interval_9,Interval_7,Interval_7
Interval_2,Interval_3,Interval_5,Interval_10,Interval_7,Interval_7
Interval_2,Interval_4,Interval_7,Interval_10,Interval_7,Interval_7
Interval_2,Interval_3,Interval_8,Interval_8,Interval_7,Interval_7
Interval_2,Interval_4,Interval_7,Interval_7,Interval_6,Interval_7
Interval_2,Interval_3,Interval_6,Interval_8,Interval_6,Interval_7
Interval_2,Interval_3,Interval_6,Interval_8,Interval_7,Interval_7
Interval_2,Interval_3,Interval_5,Interval_9,Interval_7,Interval_7
Interval_2,Interval_2,Interval_5,Interval_9,Interval_6,Interval_7
Interval_2,Interval_2,Interval_5,Interval_9,Interval_7,Interval_7
Interval_2,Interval_3,Interval_5,Interval_9,Interval_7,Interval_7
Interval_2,Interval_2,Interval_5,Interval_9,Interval_7,Interval_7
Interval_2,Interval_2,Interval_5,Interval_9,Interval_7,Interval_7
Interval_2,Interval_2,Interval_5,Interval_9,Interval_7,Interval_7
Interval_2,Interval_3,Interval_6,Interval_10,Interval_7,Interval_7
Interval_2,Interval_5,Interval_7,Interval_10,Interval_7,Interval_7
Interval_2,Interval_3,Interval_8,Interval_8,Interval_7,Interval_7
Interval_2,Interval_4,Interval_7,Interval_7,Interval_7,Interval_7
Interval_2,Interval_3,Interval_6,Interval_8,Interval_6,Interval_7
Interval_2,Interval_3,Interval_5,Interval_8,Interval_7,Interval_7
Interval_2,Interval_2,Interval_5,Interval_9,Interval_7,Interval_7
Interval_2,Interval_2,Interval_5,Interval_9,Interval_7,Interval_7
Interval_2,Interval_3,Interval_6,Interval_8,Interval_8,Interval_7
Interval_2,Interval_2,Interval_6,Interval_9,Interval_6,Interval_7
Interval_2,Interval_3,Interval_5,Interval_8,Interval_7,Interval_7
Interval_2,Interval_2,Interval_5,Interval_9,Interval_7,Interval_7
Interval_2,Interval_2,Interval_5,Interval_9,Interval_7,Interval_7
Interval_2,Interval_2,Interval_5,Interval_9,Interval_7,Interval_7
Interval_2,Interval_4,Interval_6,Interval_10,Interval_7,Interval_7
Interval_2,Interval_4,Interval_7,Interval_9,Interval_7,Interval_7
Interval_2,Interval_3,Interval_8,Interval_7,Interval_7,Interval_7
Interval_2,Interval_4,Interval_6,Interval_8,Interval_6,Interval_7
Interval_2,Interval_3,Interval_5,Interval_8,Interval_6,Interval_7
Interval_2,Interval_3,Interval_5,Interval_8,Interval_7,Interval_7
Interval_2,Interval_2,Interval_5,Interval_9,Interval_6,Interval_7
Interval_2,Interval_2,Interval_6,Interval_8,Interval_8,Interval_7
Interval_2,Interval_3,Interval_5,Interval_8,Interval_7,Interval_7
Interval_2,Interval_2,Interval_5,Interval_9,Interval_5,Interval_7
Interval_2,Interval_3,Interval_5,Interval_9,Interval_7,Interval_7
Interval_2,Interval_3,Interval_5,Interval_9,Interval_7,Interval_7
Interval_2,Interval_2,Interval_5,Interval_9,Interval_7,Interval_7
Interval_2,Interval_2,Interval_5,Interval_9,Interval_7,Interval_7
Interval_2,Interval_2,Interval_5,Interval_9,Interval_7,Interval_7
Interval_2,Interval_3,Interval_8,Interval_8,Interval_7,Interval_7
Interval_2,Interval_4,Interval_7,Interval_7,Interval_7,Interval_7
Interval_2,Interval_3,Interval_6,Interval_8,Interval_7,Interval_7
Interval_2,Interval_3,Interval_5,Interval_8,Interval_7,Interval_7
Interval_2,Interval_2,Interval_5,Interval_9,Interval_7,Interval_7
Interval_2,Interval_2,Interval_5,Interval_9,Interval_7,Interval_7
Interval_2,Interval_2,Interval_5,Interval_8,Interval_8,Interval_7
Interval_2,Interval_3,Interval_5,Interval_9,Interval_8,Interval_7
Interval_2,Interval_2,Interval_6,Interval_8,Interval_6,Interval_7
Interval_2,Interval_3,Interval_4,Interval_9,Interval_6,Interval_7
Interval_2,Interval_3,Interval_6,Interval_9,Interval_7,Interval_7
Interval_2,Interval_2,Interval_6,Interval_8,Interval_7,Interval_7
Interval_2,Interval_2,Interval_5,Interval_9,Interval_7,Interval_7
Interval_2,Interval_2,Interval_5,Interval_9,Interval_7,Interval_7
Interval_2,Interval_3,Interval_6,Interval_10,Interval_7,Interval_7
Interval_2,Interval_5,Interval_6,Interval_10,Interval_7,Interval_7
Interval_2,Interval_4,Interval_8,Interval_8,Interval_7,Interval_7
Interval_2,Interval_4,Interval_7,Interval_7,Interval_7,Interval_7
Interval_2,Interval_4,Interval_6,Interval_7,Interval_7,Interval_7
Interval_2,Interval_3,Interval_5,Interval_8,Interval_6,Interval_7
Interval_2,Interval_2,Interval_5,Interval_9,Interval_7,Interval_7
Interval_2,Interval_2,Interval_5,Interval_9,Interval_6,Interval_7
Interval_2,Interval_2,Interval_5,Interval_9,Interval_7,Interval_7
Interval_2,Interval_3,Interval_5,Interval_9,Interval_8,Interval_7
Interval_2,Interval_3,Interval_5,Interval_9,Interval_6,Interval_7
Interval_2,Interval_3,Interval_6,Interval_8,Interval_7,Interval_7
Interval_2,Interval_3,Interval_5,Interval_9,Interval_7,Interval_7
Interval_2,Interval_3,Interval_5,Interval_9,Interval_7,Interval_7
Interval_2,Interval_3,Interval_5,Interval_8,Interval_7,Interval_7
Interval_2,Interval_2,Interval_5,Interval_8,Interval_7,Interval_7
Interval_2,Interval_2,Interval_5,Interval_9,Interval_7,Interval_7
Interval_2,Interval_2,Interval_5,Interval_9,Interval_7,Interval_7
Interval_2,Interval_3,Interval_6,Interval_10,Interval_7,Interval_7
Interval_2,Interval_4,Interval_6,Interval_10,Interval_7,Interval_7
Interval_2,Interval_4,Interval_8,Interval_8,Interval_7,Interval_7
Interval_2,Interval_3,Interval_8,Interval_8,Interval_7,Interval_7
Interval_2,Interval_4,Interval_6,Interval_8,Interval_7,Interval_7
Interval_2,Interval_3,Interval_6,Interval_8,Interval_6,Interval_7
Interval_2,Interval_2,Interval_5,Interval_8,Interval_7,Interval_7
Interval_2,Interval_2,Interval_5,Interval_9,Interval_6,Interval_7
Interval_2,Interval_2,Interval_5,Interval_8,Interval_7,Interval_7
Interval_2,Interval_3,Interval_5,Interval_8,Interval_8,Interval_7
Interval_2,Interval_3,Interval_5,Interval_9,Interval_6,Interval_7
Interval_2,Interval_3,Interval_5,Interval_9,Interval_6,Interval_7
Interval_2,Interval_2,Interval_5,Interval_9,Interval_6,Interval_7
Interval_2,Interval_2,Interval_5,Interval_9,Interval_7,Interval_7
Interval_2,Interval_2,Interval_5,Interval_9,Interval_7,Interval_7
Interval_2,Interval_3,Interval_6,Interval_10,Interval_7,Interval_7
Interval_2,Interval_5,Interval_7,Interval_10,Interval_6,Interval_7
Interval_2,Interval_3,Interval_8,Interval_8,Interval_7,Interval_7
Interval_2,Interval_4,Interval_7,Interval_7,Interval_7,Interval_7
Interval_2,Interval_3,Interval_6,Interval_8,Interval_7,Interval_7
Interval_2,Interval_3,Interval_5,Interval_9,Interval_6,Interval_7
Interval_2,Interval_2,Interval_5,Interval_8,Interval_6,Interval_7
Interval_2,Interval_2,Interval_5,Interval_9,Interval_8,Interval_7
Interval_2,Interval_3,Interval_5,Interval_8,Interval_9,Interval_7
Interval_2,Interval_3,Interval_5,Interval_9,Interval_6,Interval_7
Interval_2,Interval_3,Interval_6,Interval_8,Interval_6,Interval_7
Interval_2,Interval_3,Interval_5,Interval_9,Interval_7,Interval_7
Interval_2,Interval_3,Interval_5,Interval_9,Interval_6,Interval_7
Interval_2,Interval_3,Interval_5,Interval_8,Interval_7,Interval_7
Interval_2,Interval_2,Interval_5,Interval_9,Interval_6,Interval_7
Interval_2,Interval_2,Interval_5,Interval_9,Interval_6,Interval_7
Interval_2,Interval_2,Interval_5,Interval_9,Interval_7,Interval_7
Interval_2,Interval_3,Interval_6,Interval_10,Interval_6,Interval_7
Interval_2,Interval_4,Interval_6,Interval_10,Interval_7,Interval_7
Interval_2,Interval_4,Interval_8,Interval_8,Interval_7,Interval_7
Interval_2,Interval_4,Interval_7,Interval_7,Interval_7,Interval_4
Interval_2,Interval_3,Interval_6,Interval_8,Interval_6,Interval_7
Interval_2,Interval_3,Interval_5,Interval_9,Interval_7,Interval_7
Interval_2,Interval_2,Interval_5,Interval_9,Interval_6,Interval_7
Interval_2,Interval_2,Interval_4,Interval_9,Interval_7,Interval_7
Interval_2,Interval_2,Interval_6,Interval_8,Interval_7,Interval_7
Interval_2,Interval_3,Interval_5,Interval_8,Interval_8,Interval_7
Interval_2,Interval_2,Interval_6,Interval_9,Interval_6,Interval_7
Interval_2,Interval_3,Interval_5,Interval_9,Interval_7,Interval_7
Interval_2,Interval_3,Interval_6,Interval_9,Interval_6,Interval_7
Interval_2,Interval_2,Interval_5,Interval_9,Interval_7,Interval_7
Interval_2,Interval_2,Interval_5,Interval_9,Interval_7,Interval_7
Interval_2,Interval_2,Interval_5,Interval_9,Interval_7,Interval_7
Interval_2,Interval_3,Interval_6,Interval_10,Interval_7,Interval_7
Interval_2,Interval_4,Interval_6,Interval_10,Interval_7,Interval_7
Interval_2,Interval_4,Interval_8,Interval_8,Interval_6,Interval_7
Interval_2,Interval_4,Interval_7,Interval_7,Interval_7,Interval_7
Interval_2,Interval_3,Interval_6,Interval_8,Interval_6,Interval_7
Interval_2,Interval_3,Interval_5,Interval_8,Interval_6,Interval_7
Interval_2,Interval_2,Interval_5,Interval_9,Interval_7,Interval_7
Interval_2,Interval_2,Interval_4,Interval_9,Interval_7,Interval_7
Interval_2,Interval_3,Interval_6,Interval_8,Interval_10,Interval_7
Interval_2,Interval_3,Interval_5,Interval_9,Interval_5,Interval_7
Interval_2,Interval_3,Interval_5,Interval_9,Interval_7,Interval_7
Interval_2,Interval_3,Interval_6,Interval_9,Interval_6,Interval_7
Interval_2,Interval_3,Interval_6,Interval_8,Interval_6,Interval_7
Interval_2,Interval_2,Interval_6,Interval_9,Interval_6,Interval_7
Interval_2,Interval_2,Interval_5,Interval_9,Interval_7,Interval_7
Interval_2,Interval_2,Interval_5,Interval_9,Interval_7,Interval_7
Interval_2,Interval_2,Interval_6,Interval_9,Interval_7,Interval_7
Interval_2,Interval_4,Interval_6,Interval_10,Interval_7,Interval_7
Interval_2,Interval_4,Interval_7,Interval_9,Interval_6,Interval_7
Interval_2,Interval_3,Interval_8,Interval_7,Interval_7,Interval_7
Interval_2,Interval_4,Interval_6,Interval_7,Interval_7,Interval_7
Interval_2,Interval_3,Interval_6,Interval_8,Interval_6,Interval_7
Interval_2,Interval_2,Interval_5,Interval_8,Interval_6,Interval_7
Interval_2,Interval_2,Interval_5,Interval_9,Interval_7,Interval_7
Interval_2,Interval_2,Interval_5,Interval_8,Interval_8,Interval_7
Interval_2,Interval_3,Interval_6,Interval_9,Interval_7,Interval_7
Interval_2,Interval_3,Interval_5,Interval_9,Interval_7,Interval_7
Interval_2,Interval_3,Interval_5,Interval_9,Interval_7,Interval_7
Interval_2,Interval_3,Interval_6,Interval_9,Interval_7,Interval_7
Interval_2,Interval_3,Interval_5,Interval_9,Interval_7,Interval_7
Interval_2,Interval_3,Interval_6,Interval_9,Interval_7,Interval_7
Interval_2,Interval_3,Interval_5,Interval_8,Interval_7,Interval_7
Interval_2,Interval_3,Interval_5,Interval_8,Interval_7,Interval_7
,Interval_3,Interval_5,Interval_9,Interval_7,Interval_7
Interval_2,Interval_2,Interval_5,Interval_9,Interval_8,Interval_7
Interval_2,Interval_2,Interval_5,Interval_9,Interval_6,Interval_7
Interval_2,Interval_2,Interval_5,Interval_9,Interval_5,Interval_7
Interval_2,Interval_3,Interval_6,Interval_10,Interval_5,Interval_7
Interval_2,Interval_3,Interval_7,Interval_11,Interval_4,Interval_7
Interval_2,Interval_5,Interval_8,Interval_11,Interval_5,Interval_7
Interval_2,Interval_4,Interval_10,Interval_9,Interval_8,Interval_7
Interval_2,Interval_3,Interval_4,Interval_9,Interval_7,Interval_7
Interval_2,Interval_3,Interval_5,Interval_9,Interval_7,Interval_7
Interval_2,Interval_3,Interval_4,Interval_9,Interval_6,Interval_7
Interval_2,Interval_3,Interval_5,Interval_9,Interval_7,Interval_7
Interval_2,Interval_3,Interval_5,Interval_9,Interval_7,Interval_7
Interval_2,Interval_2,Interval_5,Interval_9,Interval_6,Interval_7
Interval_2,Interval_2,Interval_5,Interval_9,Interval_6,Interval_7
Interval_2,Interval_2,Interval_5,Interval_9,Interval_7,Interval_7
Interval_2,Interval_3,Interval_6,Interval_11,Interval_6,Interval_7
Interval_2,Interval_4,Interval_7,Interval_11,Interval_7,Interval_7
Interval_2,Interval_3,Interval_9,Interval_8,Interval_7,Interval_7
Interval_2,Interval_3,Interval_9,Interval_7,Interval_7,Interval_7
Interval_2,Interval_3,Interval_9,Interval_7,Interval_7,Interval_7
Interval_2,Interval_3,Interval_7,Interval_7,Interval_7,Interval_7
Interval_2,Interval_3,Interval_6,Interval_8,Interval_7,Interval_7
Interval_2,Interval_3,Interval_5,Interval_9,Interval_7,Interval_7
Interval_2,Interval_3,Interval_5,Interval_9,Interval_7,Interval_7
Interval_2,Interval_2,Interval_5,Interval_9,Interval_7,Interval_7
Interval_2,Interval_1,Interval_5,Interval_8,Interval_6,Interval_7
Interval_2,Interval_3,Interval_6,Interval_9,Interval_7,Interval_7
Interval_2,Interval_2,Interval_5,Interval_9,Interval_7,Interval_7
Interval_2,Interval_2,Interval_5,Interval_8,Interval_7,Interval_7
Interval_2,Interval_2,Interval_5,Interval_9,Interval_6,Interval_7
Interval_2,Interval_2,Interval_5,Interval_10,Interval_7,Interval_7
Interval_2,Interval_3,Interval_6,Interval_11,Interval_6,Interval_7
Interval_2,Interval_5,Interval_8,Interval_10,Interval_7,Interval_7
Interval_2,Interval_3,Interval_9,Interval_8,Interval_7,Interval_7
Interval_2,Interval_4,Interval_9,Interval_7,Interval_7,Interval_7
Interval_2,Interval_3,Interval_7,Interval_7,Interval_7,Interval_7
Interval_2,Interval_3,Interval_6,Interval_8,Interval_6,Interval_7
Interval_2,Interval_3,Interval_5,Interval_8,Interval_7,Interval_7
Interval_2,Interval_3,Interval_5,Interval_9,Interval_7,Interval_7
Interval_2,Interval_2,Interval_5,Interval_9,Interval_7,Interval_7
Interval_2,Interval_1,Interval_5,Interval_9,Interval_7,Interval_7
Interval_2,Interval_2,Interval_5,Interval_9,Interval_7,Interval_7
Interval_2,Interval_2,Interval_5,Interval_9,Interval_7,Interval_7
Interval_2,Interval_2,Interval_5,Interval_9,Interval_7,Interval_7
Interval_2,Interval_4,Interval_6,Interval_11,Interval_6,Interval_7
Interval_2,Interval_5,Interval_8,Interval_10,Interval_7,Interval_7
Interval_2,Interval_3,Interval_9,Interval_8,Interval_7,Interval_7
Interval_2,Interval_3,Interval_8,Interval_7,Interval_7,Interval_7
Interval_2,Interval_3,Interval_7,Interval_7,Interval_7,Interval_7
Interval_2,Interval_3,Interval_6,Interval_8,Interval_7,Interval_7
Interval_2,Interval_3,Interval_5,Interval_8,Interval_7,Interval_7
Interval_2,Interval_3,Interval_5,Interval_9,Interval_7,Interval_7
Interval_2,Interval_3,Interval_5,Interval_9,Interval_7,Interval_7
Interval_2,Interval_2,Interval_5,Interval_9,Interval_7,Interval_7
Interval_2,Interval_2,Interval_5,Interval_9,Interval_7,Interval_7
Interval_2,Interval_2,Interval_5,Interval_9,Interval_7,Interval_7
Interval_2,Interval_2,Interval_5,Interval_9,Interval_7,Interval_7
Interval_2,Interval_3,Interval_5,Interval_10,Interval_7,Interval_7
Interval_2,Interval_4,Interval_6,Interval_11,Interval_6,Interval_7
Interval_2,Interval_5,Interval_8,Interval_9,Interval_7,Interval_7
Interval_2,Interval_3,Interval_9,Interval_7,Interval_7,Interval_7
Interval_2,Interval_4,Interval_7,Interval_7,Interval_7,Interval_7
Interval_2,Interval_3,Interval_6,Interval_7,Interval_7,Interval_7
Interval_2,Interval_3,Interval_5,Interval_8,Interval_6,Interval_7
Interval_2,Interval_3,Interval_5,Interval_9,Interval_7,Interval_7
Interval_2,Interval_3,Interval_5,Interval_9,Interval_7,Interval_7
Interval_2,Interval_2,Interval_5,Interval_9,Interval_7,Interval_7
Interval_2,Interval_1,Interval_5,Interval_9,Interval_7,Interval_7
Interval_2,Interval_2,Interval_5,Interval_8,Interval_7,Interval_7
Interval_2,Interval_2,Interval_5,Interval_9,Interval_7,Interval_7
Interval_2,Interval_3,Interval_5,Interval_10,Interval_7,Interval_7
Interval_2,Interval_4,Interval_6,Interval_11,Interval_6,Interval_7
Interval_2,Interval_4,Interval_8,Interval_9,Interval_7,Interval_7
Interval_2,Interval_3,Interval_9,Interval_8,Interval_7,Interval_7
Interval_2,Interval_4,Interval_8,Interval_7,Interval_7,Interval_7
Interval_2,Interval_3,Interval_6,Interval_7,Interval_7,Interval_7
Interval_2,Interval_3,Interval_6,Interval_8,Interval_6,Interval_7
Interval_2,Interval_3,Interval_5,Interval_9,Interval_7,Interval_7
Interval_2,Interval_3,Interval_5,Interval_9,Interval_7,Interval_7
Interval_2,Interval_2,Interval_5,Interval_9,Interval_6,Interval_7
Interval_2,Interval_1,Interval_5,Interval_9,Interval_7,Interval_7
Interval_2,Interval_2,Interval_5,Interval_9,Interval_7,Interval_7
Interval_2,Interval_2,Interval_5,Interval_9,Interval_7,Interval_7
Interval_2,Interval_3,Interval_5,Interval_9,Interval_7,Interval_7
Interval_2,Interval_3,Interval_6,Interval_11,Interval_7,Interval_7
Interval_2,Interval_4,Interval_7,Interval_11,Interval_6,Interval_7
Interval_2,Interval_4,Interval_9,Interval_9,Interval_7,Interval_7
Interval_2,Interval_3,Interval_10,Interval_8,Interval_7,Interval_7
Interval_2,Interval_3,Interval_8,Interval_7,Interval_7,Interval_7
Interval_2,Interval_3,Interval_7,Interval_7,Interval_7,Interval_7
Interval_2,Interval_3,Interval_6,Interval_8,Interval_7,Interval_7
Interval_2,Interval_3,Interval_5,Interval_9,Interval_7,Interval_7
Interval_2,Interval_3,Interval_5,Interval_9,Interval_7,Interval_7
Interval_2,Interval_2,Interval_5,Interval_9,Interval_7,Interval_7
Interval_2,Interval_2,Interval_5,Interval_9,Interval_7,Interval_7
Interval_2,Interval_2,Interval_5,Interval_9,Interval_7,Interval_7
Interval_2,Interval_2,Interval_5,Interval_8,Interval_7,Interval_7
Interval_2,Interval_2,Interval_5,Interval_9,Interval_6,Interval_7
Interval_2,Interval_3,Interval_5,Interval_10,Interval_7,Interval_7
Interval_2,Interval_4,Interval_6,Interval_12,Interval_6,Interval_7
Interval_2,Interval_5,Interval_8,Interval_10,Interval_7,Interval_7
Interval_2,Interval_3,Interval_10,Interval_8,Interval_7,Interval_7
Interval_2,Interval_4,Interval_9,Interval_7,Interval_7,Interval_7
Interval_2,Interval_3,Interval_8,Interval_6,Interval_7,Interval_7
Interval_2,Interval_3,Interval_7,Interval_7,Interval_7,Interval_7
Interval_2,Interval_3,Interval_6,Interval_8,Interval_7,Interval_7
Interval_2,Interval_3,Interval_5,Interval_9,Interval_7,Interval_7
Interval_2,Interval_3,Interval_5,Interval_9,Interval_7,Interval_7
Interval_2,Interval_2,Interval_5,Interval_8,Interval_7,Interval_7
Interval_2,Interval_1,Interval_4,Interval_9,Interval_7,Interval_7
Interval_2,Interval_2,Interval_5,Interval_9,Interval_7,Interval_7
Interval_2,Interval_2,Interval_5,Interval_9,Interval_7,Interval_7
Interval_2,Interval_3,Interval_5,Interval_9,Interval_7,Interval_7
Interval_2,Interval_3,Interval_6,Interval_12,Interval_7,Interval_7
Interval_2,Interval_5,Interval_8,Interval_10,Interval_6,Interval_7
Interval_2,Interval_3,Interval_9,Interval_9,Interval_7,Interval_7
Interval_2,Interval_4,Interval_10,Interval_8,Interval_7,Interval_7
Interval_2,Interval_3,Interval_9,Interval_7,Interval_7,Interval_7
Interval_2,Interval_4,Interval_8,Interval_6,Interval_7,Interval_7
Interval_2,Interval_3,Interval_6,Interval_8,Interval_6,Interval_7
Interval_2,Interval_3,Interval_6,Interval_8,Interval_7,Interval_7
Interval_2,Interval_3,Interval_5,Interval_9,Interval_7,Interval_7
Interval_2,Interval_3,Interval_5,Interval_9,Interval_7,Interval_7
Interval_2,Interval_2,Interval_5,Interval_9,Interval_6,Interval_7
Interval_2,Interval_2,Interval_5,Interval_9,Interval_7,Interval_7
Interval_2,Interval_2,Interval_5,Interval_9,Interval_7,Interval_7
Interval_2,Interval_2,Interval_5,Interval_9,Interval_7,Interval_7
Interval_2,Interval_2,Interval_5,Interval_9,Interval_7,Interval_7
Interval_2,Interval_3,Interval_5,Interval_10,Interval_7,Interval_7
Interval_2,Interval_4,Interval_6,Interval_12,Interval_6,Interval_7
Interval_2,Interval_4,Interval_9,Interval_9,Interval_7,Interval_7
Interval_2,Interval_3,Interval_10,Interval_9,Interval_7,Interval_7
Interval_2,Interval_3,Interval_10,Interval_8,Interval_7,Interval_7
Interval_2,Interval_3,Interval_9,Interval_7,Interval_7,Interval_7
Interval_2,Interval_3,Interval_7,Interval_7,Interval_7,Interval_7
Interval_2,Interval_3,Interval_6,Interval_8,Interval_7,Interval_7
Interval_2,Interval_3,Interval_5,Interval_8,Interval_6,Interval_7
Interval_2,Interval_3,Interval_5,Interval_9,Interval_7,Interval_7
Interval_2,Interval_3,Interval_5,Interval_9,Interval_7,Interval_7
Interval_2,Interval_2,Interval_5,Interval_9,Interval_7,Interval_7
Interval_2,Interval_2,Interval_5,Interval_9,Interval_7,Interval_7
Interval_2,Interval_2,Interval_5,Interval_9,Interval_7,
Interval_2,Interval_2,Interval_5,Interval_9,Interval_7,Interval_7
Interval_2,Interval_3,Interval_5,Interval_10,Interval_7,Interval_7
Interval_2,Interval_4,Interval_6,Interval_11,Interval_6,Interval_7
Interval_2,Interval_5,Interval_8,Interval_10,Interval_7,Interval_7
Interval_2,Interval_3,Interval_9,Interval_8,Interval_7,Interval_7
Interval_2,Interval_3,Interval_9,Interval_8,Interval_7,Interval_7
Interval_2,Interval_3,Interval_8,Interval_7,Interval_7,Interval_7
Interval_2,Interval_3,Interval_7,Interval_7,Interval_7,Interval_7
Interval_2,Interval_3,Interval_6,Interval_8,Interval_6,Interval_7
Interval_2,Interval_3,Interval_5,Interval_8,Interval_7,Interval_7
Interval_2,Interval_3,Interval_5,Interval_9,Interval_7,Interval_7
Interval_2,Interval_3,Interval_5,Interval_9,Interval_7,Interval_7
Interval_2,Interval_3,Interval_5,Interval_8,Interval_7,Interval_7
Interval_2,Interval_2,Interval_4,Interval_9,Interval_7,Interval_7
Interval_2,Interval_3,Interval_5,Interval_8,Interval_8,Interval_7
Interval_2,Interval_3,Interval_4,Interval_8,Interval_7,Interval_7
Interval_2,Interval_3,Interval_4,Interval_9,Interval_6,Interval_7
Interval_2,Interval_3,Interval_4,Interval_9,Interval_7,Interval_7
Interval_2,Interval_2,Interval_4,Interval_9,Interval_7,Interval_7
Interval_2,Interval_2,Interval_4,Interval_9,Interval_7,Interval_7
Interval_2,Interval_2,Interval_5,Interval_9,Interval_7,Interval_7
Interval_2,Interval_3,Interval_5,Interval_10,Interval_7,Interval_7
Interval_2,Interval_4,Interval_6,Interval_10,Interval_7,Interval_7
Interval_2,Interval_3,Interval_7,Interval_8,Interval_7,Interval_7
Interval_2,Interval_3,Interval_7,Interval_8,Interval_7,Interval_7
Interval_2,Interval_4,Interval_6,Interval_8,Interval_6,Interval_7
Interval_2,Interval_3,Interval_5,Interval_8,Interval_7,Interval_7
Interval_2,Interval_3,Interval_5,Interval_9,Interval_7,Interval_7
Interval_2,Interval_2,Interval_5,Interval_9,Interval_7,Interval_7
Interval_2,Interval_2,Interval_4,Interval_9,Interval_7,Interval_7
Interval_2,Interval_3,Interval_5,Interval_8,Interval_7,Interval_7
Interval_2,Interval_3,Interval_4,Interval_9,Interval_6,Interval_7
Interval_2,Interval_2,Interval_5,Interval_9,Interval_7,Interval_7
Interval_2,Interval_2,Interval_4,Interval_9,Interval_7,Interval_7
Interval_2,Interval_2,Interval_4,Interval_9,Interval_7,Interval_7
Interval_2,Interval_3,Interval_5,Interval_10,Interval_7,Interval_7
Interval_2,Interval_4,Interval_6,Interval_10,Interval_7,Interval_7
Interval_2,Interval_4,Interval_7,Interval_9,Interval_6,Interval_7
Interval_2,Interval_2,Interval_8,Interval_8,Interval_7,Interval_7
Interval_2,Interval_4,Interval_7,Interval_7,Interval_7,Interval_7
Interval_2,Interval_3,Interval_5,Interval_8,Interval_6,Interval_7
Interval_2,Interval_3,Interval_5,Interval_8,Interval_7,Interval_7
Interval_2,Interval_2,Interval_4,Interval_8,Interval_6,Interval_7
Interval_2,Interval_2,Interval_4,Interval_9,Interval_7,Interval_7
Interval_2,Interval_2,Interval_5,Interval_8,Interval_7,Interval_7
Interval_2,Interval_3,Interval_4,Interval_8,Interval_7,Interval_7
Interval_2,Interval_3,Interval_4,Interval_9,Interval_6,Interval_7
Interval_2,Interval_3,Interval_5,Interval_9,Interval_7,Interval_7
Interval_2,Interval_2,Interval_5,Interval_9,Interval_7,Interval_7
Interval_2,Interval_2,Interval_5,Interval_9,Interval_7,Interval_7
Interval_2,Interval_2,Interval_5,Interval_9,Interval_7,Interval_7
Interval_2,Interval_3,Interval_5,Interval_10,Interval_7,Interval_7
Interval_2,Interval_4,Interval_6,Interval_10,Interval_7,Interval_7
Interval_2,Interval_3,Interval_8,Interval_8,Interval_7,Interval_7
Interval_2,Interval_3,Interval_7,Interval_8,Interval_7,Interval_7
Interval_2,Interval_4,Interval_6,Interval_7,Interval_7,Interval_7
Interval_2,Interval_3,Interval_5,Interval_8,Interval_6,Interval_7
Interval_2,Interval_3,Interval_5,Interval_9,Interval_7,Interval_7
Interval_2,Interval_2,Interval_4,Interval_9,Interval_7,Interval_7
Interval_2,Interval_2,Interval_4,Interval_9,Interval_8,Interval_7
Interval_2,Interval_3,Interval_5,Interval_9,Interval_9,Interval_7
Interval_2,Interval_2,Interval_5,Interval_8,Interval_5,Interval_7
Interval_2,Interval_3,Interval_4,Interval_9,Interval_6,Interval_7
Interval_2,Interval_3,Interval_5,Interval_9,Interval_6,Interval_7
Interval_2,Interval_3,Interval_5,Interval_9,Interval_6,Interval_7
Interval_2,Interval_2,Interval_5,Interval_9,Interval_6,Interval_7
Interval_2,Interval_2,Interval_4,Interval_9,Interval_7,Interval_7
Interval_2,Interval_2,Interval_5,Interval_9,Interval_7,Interval_7
Interval_2,Interval_2,Interval_5,Interval_9,Interval_7,Interval_7
Interval_2,Interval_3,Interval_5,Interval_10,Interval_7,Interval_7
Interval_2,Interval_5,Interval_7,Interval_9,Interval_7,Interval_7
Interval_2,Interval_3,Interval_7,Interval_8,Interval_7,Interval_7
Interval_2,Interval_4,Interval_6,Interval_7,Interval_7,Interval_7
Interval_2,Interval_3,Interval_5,Interval_8,Interval_7,Interval_7
Interval_2,Interval_3,Interval_5,Interval_8,Interval_6,Interval_7
Interval_2,Interval_3,Interval_5,Interval_9,Interval_7,Interval_7
Interval_2,Interval_2,Interval_5,Interval_9,Interval_7,Interval_7
Interval_2,Interval_2,Interval_5,Interval_9,Interval_7,Interval_7
Interval_2,Interval_3,Interval_5,Interval_8,Interval_8,Interval_7
Interval_2,Interval_3,Interval_4,Interval_9,Interval_5,Interval_7
Interval_2,Interval_3,Interval_5,Interval_9,Interval_6,Interval_7
Interval_2,Interval_3,Interval_5,Interval_8,Interval_6,Interval_7
Interval_2,Interval_2,Interval_5,Interval_9,Interval_7,Interval_7
Interval_2,Interval_2,Interval_4,Interval_9,Interval_6,Interval_7
Interval_2,Interval_2,Interval_5,Interval_9,Interval_7,Interval_7
Interval_2,Interval_3,Interval_5,Interval_10,Interval_8,Interval_7
Interval_2,Interval_4,Interval_6,Interval_10,Interval_6,Interval_7
Interval_2,Interval_3,Interval_7,Interval_8,Interval_6,Interval_7
Interval_2,Interval_3,Interval_7,Interval_8,Interval_7,Interval_7
Interval_2,Interval_4,Interval_6,Interval_7,Interval_7,Interval_7
Interval_2,Interval_3,Interval_5,Interval_8,Interval_6,Interval_7
Interval_2,Interval_3,Interval_5,Interval_8,Interval_6,Interval_7
Interval_2,Interval_3,Interval_4,Interval_9,Interval_7,Interval_7
Interval_2,Interval_2,Interval_4,Interval_9,Interval_8,Interval_7
Interval_2,Interval_3,Interval_5,Interval_8,Interval_7,Interval_7
Interval_2,Interval_3,Interval_5,Interval_9,Interval_7,Interval_7
Interval_2,Interval_3,Interval_4,Interval_9,Interval_7,Interval_7
Interval_2,Interval_3,Interval_3,Interval_8,Interval_6,Interval_7
Interval_2,Interval_3,Interval_4,Interval_8,Interval_7,Interval_7
Interval_2,Interval_3,Interval_4,Interval_10,Interval_7,Interval_7
Interval_2,Interval_3,Interval_4,Interval_9,Interval_7,Interval_7
Interval_2,Interval_2,Interval_5,Interval_9,Interval_6,Interval_7
Interval_2,Interval_2,Interval_5,Interval_9,Interval_6,Interval_7
Interval_2,Interval_3,Interval_5,Interval_9,Interval_7,Interval_7
Interval_2,Interval_3,Interval_5,Interval_10,Interval_7,Interval_7
Interval_2,Interval_4,Interval_7,Interval_11,Interval_6,Interval_7
Interval_2,Interval_3,Interval_8,Interval_8,Interval_7,Interval_7
Interval_2,Interval_4,Interval_8,Interval_7,Interval_7,Interval_7
Interval_2,Interval_3,Interval_5,Interval_8,Interval_6,Interval_7
Interval_2,Interval_3,Interval_5,Interval_9,Interval_7,Interval_7
Interval_2,Interval_3,Interval_5,Interval_9,Interval_7,Interval_7
Interval_2,Interval_2,Interval_5,Interval_8,Interval_7,Interval_7
Interval_2,Interval_2,Interval_5,Interval_8,Interval_7,Interval_7
Interval_2,Interval_2,Interval_5,Interval_9,Interval_7,Interval_7
Interval_2,Interval_2,Interval_5,Interval_8,Interval_7,Interval_7
Interval_2,Interval_2,Interval_5,Interval_9,Interval_7,Interval_7
Interval_2,Interval_3,Interval_5,Interval_10,Interval_7,Interval_7
Interval_2,Interval_5,Interval_7,Interval_11,Interval_7,Interval_7
Interval_2,Interval_4,Interval_8,Interval_9,Interval_7,Interval_7
Interval_2,Interval_4,Interval_8,Interval_7,Interval_7,Interval_7
Interval_2,Interval_3,Interval_6,Interval_8,Interval_6,Interval_7
Interval_2,Interval_3,Interval_5,Interval_9,Interval_7,Interval_7
Interval_2,Interval_3,Interval_5,Interval_9,Interval_7,Interval_7
Interval_2,Interval_2,Interval_5,Interval_9,Interval_7,Interval_7
Interval_2,Interval_1,Interval_5,Interval_9,Interval_7,Interval_7
Interval_2,Interval_2,Interval_5,Interval_9,Interval_7,Interval_7
Interval_2,Interval_2,Interval_5,Interval_8,Interval_7,Interval_7
Interval_2,Interval_2,Interval_5,Interval_9,Interval_7,Interval_7
Interval_2,Interval_3,Interval_6,Interval_10,Interval_7,Interval_7
Interval_2,Interval_4,Interval_7,Interval_11,Interval_6,Interval_7
Interval_2,Interval_3,Interval_8,Interval_8,Interval_7,Interval_7
Interval_2,Interval_3,Interval_9,Interval_7,Interval_7,Interval_7
Interval_2,Interval_3,Interval_7,Interval_7,Interval_7,Interval_7
Interval_2,Interval_3,Interval_6,Interval_8,Interval_6,Interval_7
Interval_2,Interval_3,Interval_5,Interval_9,Interval_7,Interval_7
Interval_2,Interval_3,Interval_5,Interval_9,Interval_7,Interval_7
Interval_2,Interval_2,Interval_5,Interval_9,Interval_7,Interval_7
Interval_2,Interval_1,Interval_5,Interval_9,Interval_7,Interval_7
Interval_2,Interval_2,Interval_5,Interval_9,Interval_7,Interval_7
Interval_2,Interval_2,Interval_5,Interval_8,Interval_7,Interval_7
Interval_2,Interval_2,Interval_5,Interval_9,Interval_7,Interval_7
Interval_2,Interval_3,Interval_5,Interval_10,Interval_7,Interval_7
Interval_2,Interval_4,Interval_7,Interval_11,Interval_7,Interval_7
Interval_2,Interval_4,Interval_8,Interval_9,Interval_7,Interval_7
Interval_2,Interval_3,Interval_9,Interval_7,Interval_7,Interval_7
Interval_2,Interval_4,Interval_7,Interval_7,Interval_7,Interval_7
Interval_2,Interval_3,Interval_6,Interval_8,Interval_7,Interval_7
Interval_2,Interval_3,Interval_5,Interval_9,Interval_7,Interval_7
Interval_2,Interval_3,Interval_5,Interval_9,Interval_7,Interval_7
Interval_2,Interval_2,Interval_5,Interval_9,Interval_7,Interval_7
Interval_2,Interval_1,Interval_5,Interval_9,Interval_7,Interval_7
Interval_2,Interval_2,Interval_5,Interval_9,Interval_7,Interval_7
Interval_2,Interval_2,Interval_5,Interval_8,Interval_7,Interval_7
Interval_2,Interval_3,Interval_5,Interval_9,Interval_7,Interval_7
Interval_2,Interval_3,Interval_6,Interval_10,Interval_7,Interval_7
Interval_2,Interval_4,Interval_7,Interval_11,Interval_6,Interval_7
Interval_2,Interval_4,Interval_8,Interval_9,Interval_7,Interval_7
Interval_2,Interval_3,Interval_9,Interval_7,Interval_7,Interval_7
Interval_2,Interval_4,Interval_7,Interval_7,Interval_7,Interval_7
Interval_2,Interval_3,Interval_6,Interval_7,Interval_6,Interval_7
Interval_2,Interval_3,Interval_5,Interval_8,Interval_7,Interval_7
Interval_2,Interval_3,Interval_5,Interval_9,Interval_7,Interval_7
Interval_2,Interval_2,Interval_5,Interval_9,Interval_7,Interval_7
Interval_2,Interval_1,Interval_5,Interval_9,Interval_7,Interval_7
Interval_2,Interval_2,Interval_5,Interval_9,Interval_7,Interval_7
Interval_2,Interval_2,Interval_5,Interval_9,Interval_7,Interval_7
Interval_2,Interval_2,Interval_5,Interval_9,Interval_7,Interval_7
Interval_2,Interval_3,Interval_5,Interval_10,Interval_7,Interval_7
Interval_2,Interval_4,Interval_6,Interval_12,Interval_6,Interval_7
Interval_2,Interval_4,Interval_9,Interval_10,Interval_7,Interval_7
Interval_2,Interval_3,Interval_10,Interval_8,Interval_7,Interval_7
Interval_2,Interval_4,Interval_9,Interval_7,Interval_7,Interval_7
Interval_2,Interval_3,Interval_7,Interval_6,Interval_7,Interval_7
Interval_2,Interval_3,Interval_6,Interval_8,Interval_7,Interval_7
Interval_2,Interval_3,Interval_5,Interval_9,Interval_7,Interval_7
Interval_2,Interval_3,Interval_5,Interval_9,Interval_7,Interval_7
Interval_2,Interval_2,Interval_5,Interval_8,Interval_7,Interval_7
Interval_2,Interval_2,Interval_5,Interval_9,Interval_7,Interval_7
Interval_2,Interval_2,Interval_5,Interval_9,Interval_7,Interval_7
Interval_2,Interval_2,Interval_5,Interval_9,Interval_7,Interval_7
Interval_2,Interval_2,Interval_5,Interval_9,Interval_7,Interval_7
Interval_2,Interval_3,Interval_6,Interval_11,Interval_7,Interval_7
Interval_2,Interval_5,Interval_7,Interval_11,Interval_7,Interval_7
Interval_2,Interval_3,Interval_10,Interval_9,Interval_7,Interval_7
Interval_2,Interval_4,Interval_9,Interval_8,Interval_7,Interval_7
Interval_2,Interval_3,Interval_9,Interval_7,Interval_7,Interval_7
Interval_2,Interval_3,Interval_7,Interval_7,Interval_7,Interval_7
Interval_2,Interval_3,Interval_6,Interval_8,Interval_6,Interval_7
Interval_2,Interval_3,Interval_5,Interval_8,Interval_7,Interval_7
Interval_2,Interval_3,Interval_5,Interval_9,Interval_7,Interval_7
Interval_2,Interval_2,Interval_5,Interval_9,Interval_7,Interval_7
Interval_2,Interval_2,Interval_5,Interval_8,Interval_7,Interval_7
Interval_2,Interval_2,Interval_5,Interval_9,Interval_7,Interval_7
Interval_2,Interval_2,Interval_5,Interval_9,Interval_7,Interval_7
Interval_2,Interval_2,Interval_5,Interval_9,Interval_7,Interval_7
Interval_2,Interval_3,Interval_5,Interval_11,Interval_7,Interval_7
Interval_2,Interval_5,Interval_7,Interval_12,Interval_6,Interval_7
Interval_2,Interval_4,Interval_9,Interval_9,Interval_7,Interval_7
Interval_2,Interval_3,Interval_10,Interval_9,Interval_7,Interval_7
Interval_2,Interval_3,Interval_10,Interval_8,Interval_7,Interval_7
Interval_2,Interval_4,Interval_8,Interval_7,Interval_7,Interval_7
Interval_2,Interval_3,Interval_7,Interval_7,Interval_7,Interval_7
Interval_2,Interval_3,Interval_6,Interval_8,Interval_7,Interval_7
Interval_2,Interval_3,Interval_5,Interval_8,Interval_7,Interval_7
Interval_2,Interval_3,Interval_5,Interval_8,Interval_7,Interval_7
Interval_2,Interval_2,Interval_4,Interval_8,Interval_7,Interval_7
Interval_2,Interval_1,Interval_4,Interval_9,Interval_7,Interval_7
Interval_2,Interval_2,Interval_4,Interval_9,Interval_7,Interval_7
Interval_2,Interval_2,Interval_4,Interval_9,Interval_7,Interval_7
Interval_2,Interval_2,Interval_4,Interval_9,Interval_6,Interval_7
Interval_2,Interval_3,Interval_6,Interval_11,Interval_7,Interval_7
Interval_2,Interval_4,Interval_7,Interval_12,Interval_7,Interval_7
Interval_2,Interval_4,Interval_9,Interval_9,Interval_6,Interval_7
Interval_2,Interval_3,Interval_10,Interval_8,Interval_6,Interval_7
Interval_2,Interval_3,Interval_9,Interval_8,Interval_7,Interval_7
Interval_2,Interval_3,Interval_9,Interval_7,Interval_7,Interval_7
Interval_2,Interval_4,Interval_7,Interval_6,Interval_7,Interval_7
Interval_2,Interval_3,Interval_6,Interval_8,Interval_7,Interval_7
Interval_2,Interval_3,Interval_5,Interval_8,Interval_7,Interval_7
Interval_2,Interval_3,Interval_5,Interval_9,Interval_7,Interval_7
Interval_2,Interval_2,Interval_4,Interval_9,Interval_7,Interval_7
Interval_2,Interval_2,Interval_4,Interval_9,Interval_7,Interval_7
Interval_2,Interval_2,Interval_5,Interval_9,Interval_7,Interval_7
Interval_2,Interval_2,Interval_4,Interval_9,Interval_7,Interval_7
Interval_2,Interval_3,Interval_4,Interval_9,Interval_7,Interval_7
Interval_2,Interval_3,Interval_5,Interval_10,Interval_7,Interval_7
Interval_2,Interval_4,Interval_6,Interval_12,Interval_6,Interval_7
Interval_2,Interval_5,Interval_8,Interval_9,Interval_7,Interval_7
Interval_2,Interval_2,Interval_11,Interval_9,Interval_6,Interval_7
Interval_2,Interval_4,Interval_9,Interval_9,Interval_7,Interval_7
Interval_2,Interval_3,Interval_10,Interval_8,Interval_7,Interval_7
Interval_2,Interval_4,Interval_8,Interval_7,Interval_7,Interval_7
Interval_2,Interval_3,Interval_6,Interval_7,Interval_6,Interval_7
Interval_2,Interval_3,Interval_6,Interval_8,Interval_7,Interval_7
Interval_2,Interval_3,Interval_5,Interval_8,Interval_7,Interval_7
Interval_2,Interval_3,Interval_5,Interval_9,Interval_7,Interval_7
Interval_2,Interval_3,Interval_4,Interval_9,Interval_7,Interval_7
Interval_2,Interval_2,Interval_4,Interval_9,Interval_6,Interval_7
Interval_2,Interval_3,Interval_4,Interval_8,Interval_7,Interval_7
Interval_2,Interval_3,Interval_5,Interval_8,Interval_7,Interval_7
Interval_2,Interval_3,Interval_4,Interval_8,Interval_7,Interval_7
Interval_2,Interval_3,Interval_4,Interval_9,Interval_8,Interval_7
Interval_2,Interval_3,Interval_5,Interval_9,Interval_8,Interval_7
Interval_2,Interval_3,Interval_5,Interval_9,Interval_7,Interval_7
Interval_2,Interval_2,Interval_5,Interval_9,Interval_7,Interval_7
Interval_2,Interval_2,Interval_5,Interval_10,Interval_6,Interval_7
Interval_2,Interval_2,Interval_6,Interval_9,Interval_7,Interval_7
Interval_2,Interval_3,Interval_7,Interval_9,Interval_7,Interval_7
Interval_2,Interval_6,Interval_7,Interval_8,Interval_7,Interval_7
Interval_2,Interval_3,Interval_7,Interval_8,Interval_7,Interval_7
Interval_2,Interval_2,Interval_6,Interval_8,Interval_7,Interval_7
Interval_2,Interval_2,Interval_5,Interval_8,Interval_7,Interval_7
Interval_2,Interval_1,Interval_5,Interval_9,Interval_7,Interval_7
Interval_2,Interval_2,Interval_6,Interval_10,Interval_7,Interval_7
Interval_2,Interval_3,Interval_7,Interval_9,Interval_6,Interval_7
Interval_2,Interval_5,Interval_7,Interval_8,Interval_7,Interval_7
Interval_2,Interval_3,Interval_7,Interval_8,Interval_7,Interval_7
Interval_2,Interval_2,Interval_6,Interval_8,Interval_7,Interval_7
Interval_2,Interval_2,Interval_5,Interval_8,Interval_7,Interval_7
Interval_2,Interval_1,Interval_5,Interval_9,Interval_6,Interval_7
Interval_2,Interval_2,Interval_6,Interval_10,Interval_7,Interval_7
Interval_2,Interval_3,Interval_7,Interval_10,Interval_7,Interval_7
Interval_2,Interval_5,Interval_7,Interval_8,Interval_7,Interval_7
Interval_2,Interval_4,Interval_7,Interval_8,Interval_7,Interval_7
Interval_2,Interval_2,Interval_6,Interval_8,Interval_7,Interval_7
Interval_2,Interval_2,Interval_5,Interval_8,Interval_7,Interval_7
Interval_2,Interval_2,Interval_5,Interval_8,Interval_7,Interval_7
Interval_2,Interval_3,Interval_5,Interval_9,Interval_7,Interval_7
Interval_2,Interval_3,Interval_5,Interval_9,Interval_7,Interval_7
Interval_2,Interval_2,Interval_5,Interval_9,Interval_7,Interval_7
Interval_2,Interval_2,Interval_6,Interval_10,Interval_6,Interval_7
Interval_2,Interval_3,Interval_7,Interval_10,Interval_7,Interval_7
Interval_2,Interval_5,Interval_8,Interval_8,Interval_7,Interval_7
Interval_2,Interval_4,Interval_7,Interval_8,Interval_7,Interval_7
Interval_2,Interval_2,Interval_6,Interval_8,Interval_7,Interval_7
Interval_2,Interval_2,Interval_5,Interval_8,Interval_7,Interval_7
Interval_2,Interval_2,Interval_5,Interval_9,Interval_7,Interval_7
Interval_2,Interval_2,Interval_6,Interval_10,Interval_6,Interval_7
Interval_2,Interval_3,Interval_7,Interval_10,Interval_7,Interval_7
Interval_2,Interval_5,Interval_8,Interval_9,Interval_7,Interval_7
Interval_2,Interval_4,Interval_8,Interval_7,Interval_7,Interval_7
Interval_2,Interval_2,Interval_6,Interval_7,Interval_7,Interval_7
Interval_2,Interval_2,Interval_5,Interval_8,Interval_7,Interval_7
Interval_2,Interval_2,Interval_5,Interval_9,Interval_7,Interval_7
Interval_2,Interval_3,Interval_5,Interval_9,Interval_7,Interval_7
Interval_2,Interval_3,Interval_5,Interval_9,Interval_7,Interval_7
Interval_2,Interval_3,Interval_6,Interval_9,Interval_7,Interval_7
Interval_2,Interval_2,Interval_5,Interval_9,Interval_7,Interval_7
Interval_2,Interval_2,Interval_5,Interval_9,Interval_7,Interval_7
Interval_2,Interval_1,Interval_6,Interval_9,Interval_6,Interval_7
Interval_2,Interval_3,Interval_7,Interval_9,Interval_6,Interval_7
Interval_2,Interval_5,Interval_8,Interval_9,Interval_7,Interval_7
Interval_2,Interval_4,Interval_7,Interval_8,Interval_7,Interval_7
Interval_2,Interval_3,Interval_7,Interval_8,Interval_7,Interval_7
Interval_2,Interval_2,Interval_6,Interval_8,Interval_7,Interval_7
Interval_2,Interval_2,Interval_5,Interval_9,Interval_7,Interval_7
Interval_2,Interval_2,Interval_6,Interval_10,Interval_6,Interval_7
Interval_2,Interval_3,Interval_7,Interval_10,Interval_6,Interval_7
Interval_2,Interval_4,Interval_8,Interval_9,Interval_7,Interval_7
Interval_2,Interval_5,Interval_8,Interval_8,Interval_7,Interval_7
Interval_2,Interval_3,Interval_7,Interval_8,Interval_7,Interval_7
Interval_2,Interval_2,Interval_6,Interval_8,Interval_7,Interval_7
Interval_2,Interval_1,Interval_6,Interval_9,Interval_7,Interval_7
Interval_2,Interval_1,Interval_6,Interval_10,Interval_6,Interval_7
Interval_2,Interval_3,Interval_7,Interval_10,Interval_6,Interval_7
Interval_2,Interval_5,Interval_8,Interval_9,Interval_7,Interval_7
Interval_2,Interval_5,Interval_8,Interval_8,Interval_7,Interval_7
Interval_2,Interval_3,Interval_7,Interval_8,Interval_7,Interval_7
Interval_2,Interval_2,Interval_7,Interval_8,Interval_7,Interval_7
Interval_2,Interval_2,Interval_6,Interval_9,Interval_7,Interval_7
Interval_2,Interval_2,Interval_6,Interval_9,Interval_7,Interval_7
Interval_2,Interval_2,Interval_7,Interval_10,Interval_6,Interval_7
Interval_2,Interval_4,Interval_8,Interval_9,Interval_7,Interval_7
Interval_2,Interval_5,Interval_8,Interval_8,Interval_7,Interval_7
Interval_2,Interval_3,Interval_8,Interval_8,Interval_7,Interval_7
Interval_2,Interval_2,Interval_7,Interval_8,Interval_7,Interval_7
Interval_2,Interval_2,Interval_6,Interval_8,Interval_7,Interval_7
Interval_2,Interval_3,Interval_6,Interval_8,Interval_7,Interval_7
Interval_2,Interval_2,Interval_5,Interval_9,Interval_7,Interval_7
Interval_2,Interval_2,Interval_6,Interval_10,Interval_6,Interval_7
Interval_2,Interval_3,Interval_7,Interval_10,Interval_6,Interval_7
Interval_2,Interval_4,Interval_8,Interval_9,Interval_7,Interval_7
Interval_2,Interval_5,Interval_8,Interval_8,Interval_7,Interval_7
Interval_2,Interval_3,Interval_8,Interval_8,Interval_7,Interval_7
Interval_2,Interval_2,Interval_7,Interval_8,Interval_7,Interval_7
Interval_2,Interval_2,Interval_6,Interval_8,Interval_7,Interval_7
Interval_2,Interval_3,Interval_5,Interval_9,Interval_7,Interval_7
Interval_2,Interval_3,Interval_6,Interval_9,Interval_7,Interval_7
Interval_2,Interval_10,Interval_11,Interval_9,Interval_7,Interval_7
Interval_2,Interval_10,Interval_11,Interval_9,Interval_7,Interval_7
Interval_2,Interval_10,Interval_11,Interval_8,Interval_7,Interval_7
Interval_2,Interval_10,Interval_11,Interval_8,Interval_7,Interval_7
Interval_2,Interval_10,Interval_12,Interval_8,Interval_7,Interval_7
Interval_2,Interval_10,Interval_12,Interval_9,Interval_7,Interval_7
Interval_2,Interval_10,Interval_12,Interval_8,Interval_7,Interval_7
Interval_2,Interval_10,Interval_12,Interval_8,Interval_7,Interval_7
Interval_2,Interval_10,Interval_13,Interval_9,Interval_7,Interval_7
Interval_2,Interval_10,Interval_13,Interval_9,Interval_6,Interval_7
Interval_2,Interval_10,Interval_13,Interval_8,Interval_7,Interval_7
Interval_2,Interval_10,Interval_12,Interval_9,Interval_7,Interval_7
Interval_2,Interval_10,Interval_12,Interval_9,Interval_7,Interval_7
Interval_2,Interval_10,Interval_12,Interval_9,Interval_7,Interval_7
Interval_2,Interval_10,Interval_12,Interval_9,Interval_7,Interval_7
Interval_2,Interval_10,Interval_12,Interval_9,Interval_7,Interval_7
Interval_2,Interval_9,Interval_10,Interval_9,Interval_7,Interval_7
Interval_2,Interval_10,Interval_11,Interval_8,Interval_7,Interval_7
Interval_2,Interval_10,Interval_11,Interval_9,Interval_7,Interval_7
Interval_2,Interval_10,Interval_12,Interval_9,Interval_7,Interval_7
Interval_2,Interval_10,Interval_11,Interval_9,Interval_7,Interval_7
Interval_2,Interval_10,Interval_10,Interval_8,Interval_7,Interval_7
Interval_2,Interval_10,Interval_11,Interval_8,Interval_7,Interval_7
Interval_2,Interval_10,Interval_11,Interval_8,Interval_7,Interval_7
Interval_2,Interval_10,Interval_12,Interval_8,Interval_7,Interval_7
Interval_2,Interval_10,Interval_13,Interval_8,Interval_7,Interval_7
Interval_2,Interval_10,Interval_13,Interval_8,Interval_7,Interval_7
Interval_2,Interval_10,Interval_13,Interval_9,Interval_7,Interval_7
Interval_2,Interval_10,,Interval_9,Interval_7,Interval_7
Interval_2,Interval_10,Interval_13,Interval_8,Interval_7,Interval_7
Interval_2,Interval_10,Interval_13,Interval_8,Interval_7,Interval_7
Interval_2,Interval_9,Interval_13,Interval_9,Interval_7,Interval_7
Interval_2,Interval_10,Interval_13,Interval_9,Interval_7,Interval_7
Interval_2,Interval_10,Interval_13,Interval_10,Interval_7,Interval_7
Interval_2,Interval_10,Interval_11,Interval_10,Interval_7,Interval_7
Interval_2,Interval_9,Interval_9,Interval_8,Interval_7,Interval_7
Interval_2,Interval_10,Interval_11,Interval_9,Interval_7,Interval_7
Interval_2,Interval_10,Interval_11,Interval_9,Interval_7,Interval_7
Interval_2,Interval_10,Interval_11,Interval_9,Interval_7,Interval_7
Interval_2,Interval_10,Interval_11,Interval_9,Interval_7,Interval_7
Interval_2,Interval_10,Interval_10,Interval_8,Interval_7,Interval_7
Interval_2,Interval_10,Interval_11,Interval_8,Interval_7,Interval_7
Interval_2,Interval_10,Interval_12,Interval_8,Interval_7,Interval_7
Interval_2,Interval_10,Interval_12,Interval_8,Interval_7,Interval_7
Interval_2,Interval_10,Interval_13,Interval_9,Interval_7,Interval_7
Interval_2,Interval_10,Interval_13,Interval_8,Interval_7,Interval_7
Interval_2,Interval_10,Interval_13,Interval_9,Interval_7,Interval_7
Interval_2,Interval_10,Interval_13,Interval_9,Interval_7,Interval_7
Interval_2,Interval_10,Interval_12,Interval_8,Interval_7,Interval_7
Interval_2,Interval_10,Interval_12,Interval_8,Interval_7,Interval_7
Interval_2,Interval_10,Interval_12,Interval_9,Interval_7,Interval_7
Interval_2,Interval_10,Interval_12,Interval_9,Interval_7,Interval_7
Interval_2,Interval_10,Interval_13,Interval_9,Interval_7,Interval_7
Interval_2,Interval_10,Interval_12,Interval_9,Interval_7,Interval_7
Interval_2,Interval_10,Interval_11,Interval_9,Interval_7,Interval_7
Interval_2,Interval_9,Interval_9,Interval_8,Interval_7,Interval_7
Interval_2,Interval_10,Interval_11,Interval_9,Interval_7,Interval_7
Interval_2,Interval_10,Interval_11,Interval_9,Interval_7,Interval_7
Interval_2,Interval_10,Interval_12,Interval_8,Interval_7,Interval_7
Interval_2,Interval_10,Interval_11,Interval_9,Interval_7,Interval_7
Interval_2,Interval_10,Interval_11,Interval_9,Interval_7,Interval_7
Interval_2,Interval_10,Interval_11,Interval_9,Interval_7,Interval_7
Interval_2,Interval_10,Interval_10,Interval_8,Interval_7,Interval_7
Interval_2,Interval_10,Interval_11,Interval_8,Interval_7,Interval_7
Interval_2,Interval_10,Interval_12,Interval_8,Interval_7,Interval_7
Interval_2,Interval_10,Interval_12,Interval_9,Interval_7,Interval_7
Interval_2,Interval_10,Interval_12,Interval_8,Interval_7,Interval_7
Interval_2,Interval_10,Interval_13,Interval_9,Interval_7,Interval_7
Interval_2,Interval_10,Interval_13,Interval_9,Interval_6,Interval_7
Interval_2,Interval_10,Interval_13,Interval_8,Interval_7,Interval_7
Interval_2,Interval_10,Interval_12,Interval_8,Interval_7,Interval_7
Interval_2,Interval_10,Interval_12,Interval_9,Interval_7,Interval_7
Interval_2,Interval_10,Interval_12,Interval_9,Interval_7,Interval_7
Interval_2,Interval_10,Interval_12,Interval_9,Interval_7,Interval_7
Interval_2,Interval_10,Interval_12,Interval_9,Interval_7,Interval_7
Interval_2,Interval_11,Interval_12,Interval_10,Interval_7,Interval_7
Interval_2,Interval_10,Interval_11,Interval_9,Interval_7,Interval_7
Interval_2,Interval_9,Interval_9,Interval_8,Interval_7,Interval_7
Interval_2,Interval_11,Interval_11,Interval_9,Interval_7,Interval_7
Interval_2,Interval_10,Interval_11,Interval_8,Interval_7,Interval_7
Interval_2,Interval_10,Interval_11,Interval_8,Interval_7,Interval_7
Interval_2,Interval_10,Interval_11,Interval_9,Interval_7,Interval_7
Interval_2,Interval_10,Interval_11,Interval_9,Interval_7,Interval_7
Interval_2,Interval_10,Interval_10,Interval_9,Interval_7,Interval_7
Interval_2,Interval_10,Interval_10,Interval_8,Interval_7,Interval_7
Interval_2,Interval_10,Interval_11,Interval_8,Interval_7,Interval_7
Interval_2,Interval_10,Interval_12,Interval_8,Interval_7,Interval_7
Interval_2,Interval_10,Interval_12,Interval_8,Interval_7,Interval_7
Interval_2,Interval_10,Interval_13,Interval_8,Interval_7,Interval_7
Interval_2,Interval_10,Interval_13,Interval_9,Interval_6,Interval_7
Interval_2,Interval_10,Interval_13,Interval_8,Interval_7,Interval_7
Interval_2,Interval_10,Interval_13,Interval_8,Interval_7,Interval_7
Interval_2,Interval_10,Interval_12,Interval_9,Interval_7,Interval_7
Interval_2,Interval_10,Interval_12,Interval_9,Interval_6,Interval_7
Interval_2,Interval_10,Interval_12,Interval_9,Interval_7,Interval_7
Interval_2,Interval_10,Interval_13,Interval_9,Interval_6,Interval_7
Interval_2,Interval_10,Interval_13,Interval_10,Interval_7,Interval_7
Interval_2,Interval_10,Interval_11,Interval_10,Interval_7,Interval_7
Interval_2,Interval_10,Interval_9,Interval_8,Interval_7,Interval_7
Interval_2,Interval_10,Interval_11,Interval_8,Interval_7,Interval_7
Interval_2,Interval_10,Interval_12,Interval_9,Interval_7,Interval_7
Interval_2,Interval_10,Interval_11,Interval_9,Interval_7,Interval_7
Interval_2,Interval_10,Interval_11,Interval_9,Interval_7,Interval_7
Interval_2,Interval_10,Interval_12,Interval_8,Interval_7,Interval_7
Interval_2,Interval_10,Interval_12,Interval_9,Interval_7,Interval_7
Interval_2,Interval_10,Interval_12,Interval_9,Interval_7,Interval_7
Interval_2,Interval_10,Interval_12,Interval_9,Interval_7,Interval_7
Interval_2,Interval_10,Interval_11,Interval_8,Interval_7,Interval_7
Interval_2,Interval_10,Interval_12,Interval_8,Interval_7,Interval_7
Interval_2,Interval_10,Interval_12,Interval_8,Interval_7,Interval_7
Interval_2,Interval_10,Interval_13,Interval_8,Interval_7,Interval_7
Interval_2,Interval_10,Interval_13,Interval_8,Interval_7,Interval_7
Interval_2,Interval_10,Interval_13,Interval_9,Interval_7,Interval_7
Interval_2,Interval_10,,Interval_9,Interval_7,Interval_7
Interval_2,Interval_10,,Interval_9,Interval_6,Interval_7
Interval_2,Interval_10,Interval_13,Interval_9,Interval_7,Interval_7
Interval_2,Interval_10,Interval_13,Interval_8,Interval_7,Interval_7
Interval_2,Interval_10,Interval_13,Interval_9,Interval_7,Interval_7
Interval_2,Interval_10,Interval_13,Interval_9,Interval_7,Interval_7
Interval_2,Interval_10,Interval_13,Interval_9,Interval_7,Interval_7
Interval_2,Interval_10,Interval_12,Interval_9,Interval_7,Interval_7
Interval_2,Interval_9,Interval_10,Interval_9,Interval_7,Interval_7
Interval_2,Interval_10,Interval_11,Interval_9,Interval_7,Interval_7
Interval_2,Interval_10,Interval_12,Interval_8,Interval_7,Interval_7
Interval_2,Interval_10,Interval_11,Interval_8,Interval_7,Interval_7
Interval_2,Interval_10,Interval_11,Interval_8,Interval_7,Interval_7
Interval_2,Interval_10,Interval_12,Interval_8,Interval_7,Interval_7
Interval_2,Interval_10,Interval_13,Interval_8,Interval_7,Interval_7
Interval_2,Interval_10,Interval_13,Interval_8,Interval_7,Interval_7
Interval_2,Interval_10,Interval_13,Interval_9,Interval_7,Interval_7
Interval_2,Interval_10,,Interval_8,Interval_7,Interval_7
Interval_2,Interval_10,,Interval_9,Interval_7,Interval_7
Interval_2,Interval_9,Interval_13,Interval_8,Interval_7,Interval_7
Interval_2,Interval_9,Interval_13,Interval_8,Interval_7,Interval_7
Interval_2,Interval_9,Interval_13,Interval_9,Interval_7,Interval_7
Interval_2,Interval_10,,Interval_9,Interval_7,Interval_7
Interval_2,Interval_10,Interval_13,Interval_9,Interval_7,Interval_7
Interval_2,Interval_9,Interval_11,Interval_9,Interval_7,Interval_7
Interval_2,Interval_9,Interval_11,Interval_9,Interval_7,Interval_7
Interval_2,Interval_10,Interval_12,Interval_9,Interval_7,Interval_7
Interval_2,Interval_10,Interval_11,Interval_9,Interval_7,Interval_7
Interval_2,Interval_10,Interval_13,Interval_9,Interval_7,Interval_7
Interval_2,Interval_9,Interval_11,Interval_8,Interval_7,Interval_7
Interval_2,Interval_10,Interval_11,Interval_8,Interval_7,Interval_7
Interval_2,Interval_10,Interval_13,Interval_8,Interval_7,Interval_7
Interval_2,Interval_10,Interval_13,Interval_8,Interval_7,Interval_7
Interval_2,Interval_10,Interval_13,Interval_8,Interval_7,Interval_7
Interval_2,Interval_10,,Interval_9,Interval_7,Interval_7
Interval_2,Interval_10,,Interval_9,Interval_7,Interval_7
Interval_2,Interval_10,,Interval_8,Interval_7,Interval_7
Interval_2,Interval_9,Interval_13,Interval_9,Interval_7,Interval_7
Interval_2,Interval_9,Interval_13,Interval_9,Interval_7,Interval_7
Interval_2,Interval_9,Interval_13,Interval_9,Interval_7,Interval_7
Interval_2,Interval_10,Interval_13,Interval_9,Interval_7,Interval_7
Interval_2,Interval_10,Interval_13,Interval_9,Interval_7,Interval_7
Interval_2,Interval_9,Interval_10,Interval_8,Interval_7,Interval_7
Interval_2,Interval_10,Interval_11,Interval_9,Interval_7,Interval_7
Interval_2,Interval_10,Interval_12,Interval_9,Interval_7,Interval_7
Interval_2,Interval_10,Interval_12,Interval_9,Interval_7,Interval_7
Interval_2,Interval_10,Interval_11,Interval_8,Interval_7,Interval_7
Interval_2,Interval_9,Interval_11,Interval_8,Interval_7,Interval_7
Interval_2,Interval_10,Interval_12,Interval_8,Interval_7,Interval_7
Interval_2,Interval_10,Interval_13,Interval_8,Interval_7,Interval_7
Interval_2,Interval_10,Interval_13,Interval_8,Interval_7,Interval_7
Interval_2,Interval_10,Interval_13,Interval_8,Interval_7,Interval_7
Interval_2,Interval_10,Interval_13,Interval_9,Interval_7,Interval_7
Interval_2,Interval_10,,Interval_9,Interval_7,Interval_7
Interval_2,Interval_10,,Interval_8,Interval_7,Interval_7
Interval_2,Interval_9,Interval_13,Interval_8,Interval_7,Interval_7
Interval_2,Interval_9,Interval_13,Interval_8,Interval_6,Interval_7
Interval_2,Interval_9,Interval_13,Interval_9,Interval_7,Interval_7
Interval_2,Interval_9,Interval_13,Interval_9,Interval_7,Interval_7
Interval_2,Interval_10,Interval_13,Interval_9,Interval_7,Interval_7
Interval_2,Interval_10,Interval_13,Interval_9,Interval_7,Interval_7
Interval_2,Interval_10,Interval_13,Interval_9,Interval_7,Interval_7
Interval_2,Interval_9,Interval_11,Interval_9,Interval_7,Interval_7
Interval_2,Interval_10,Interval_11,Interval_9,Interval_7,Interval_7
Interval_2,Interval_10,Interval_13,Interval_9,Interval_7,Interval_7
Interval_2,Interval_10,Interval_12,Interval_9,Interval_7,Interval_7
Interval_2,Interval_10,Interval_12,Interval_9,Interval_7,Interval_7
Interval_2,Interval_10,Interval_11,Interval_8,Interval_7,Interval_7
Interval_2,Interval_10,Interval_11,Interval_8,Interval_6,Interval_7
Interval_2,Interval_10,Interval_12,Interval_8,Interval_7,Interval_7
Interval_2,Interval_10,Interval_13,Interval_8,Interval_7,Interval_7
Interval_2,Interval_10,Interval_13,Interval_8,Interval_7,Interval_7
Interval_2,Interval_9,Interval_13,Interval_9,Interval_7,Interval_7
Interval_2,Interval_10,,Interval_9,Interval_6,Interval_7
Interval_2,Interval_10,,Interval_9,Interval_7,Interval_7
Interval_2,Interval_10,Interval_13,Interval_8,Interval_7,Interval_7
Interval_2,Interval_9,Interval_13,Interval_8,Interval_7,Interval_7
Interval_2,Interval_9,Interval_13,Interval_9,Interval_7,Interval_7
Interval_2,Interval_9,Interval_13,Interval_9,Interval_7,Interval_7
Interval_2,Interval_9,Interval_13,Interval_9,Interval_7,Interval_7
Interval_2,Interval_10,Interval_13,Interval_9,Interval_7,Interval_7
Interval_2,Interval_10,Interval_13,Interval_9,Interval_7,Interval_7
Interval_2,Interval_10,Interval_12,Interval_9,Interval_7,Interval_7
Interval_2,Interval_9,Interval_11,Interval_8,Interval_7,Interval_7
Interval_2,Interval_9,Interval_11,Interval_8,Interval_7,Interval_7
Interval_2,Interval_10,Interval_13,Interval_9,Interval_7,Interval_7
Interval_2,Interval_10,Interval_12,Interval_9,Interval_7,Interval_7
Interval_2,Interval_10,Interval_13,Interval_9,Interval_7,Interval_7
Interval_2,Interval_3,Interval_5,Interval_8,Interval_6,Interval_7
Interval_2,Interval_3,Interval_4,Interval_8,Interval_7,Interval_7
Interval_2,Interval_3,Interval_4,Interval_9,Interval_6,Interval_7
Interval_2,Interval_2,Interval_4,Interval_9,Interval_6,Interval_7
Interval_2,Interval_2,Interval_4,Interval_9,Interval_7,Interval_7
Interval_2,Interval_2,Interval_4,Interval_9,Interval_7,Interval_7
Interval_2,Interval_3,Interval_5,Interval_9,Interval_7,Interval_7
Interval_2,Interval_4,Interval_6,Interval_10,Interval_7,Interval_7
Interval_2,Interval_3,Interval_7,Interval_8,Interval_7,Interval_7
Interval_2,Interval_4,Interval_6,Interval_7,Interval_7,Interval_7
Interval_2,Interval_4,Interval_5,Interval_8,Interval_6,Interval_7
Interval_2,Interval_3,Interval_4,Interval_8,Interval_6,Interval_7
Interval_2,Interval_2,Interval_4,Interval_8,Interval_7,Interval_7
Interval_2,Interval_2,Interval_3,Interval_8,Interval_7,Interval_7
Interval_2,Interval_3,Interval_4,Interval_9,Interval_7,Interval_7
Interval_2,Interval_3,Interval_4,Interval_9,Interval_6,Interval_7
Interval_2,Interval_2,Interval_4,Interval_9,Interval_7,Interval_7
Interval_2,Interval_2,Interval_4,Interval_9,Interval_7,Interval_7
Interval_2,Interval_3,Interval_5,Interval_10,Interval_7,Interval_7
Interval_2,Interval_5,Interval_7,Interval_10,Interval_7,Interval_7
Interval_2,Interval_3,Interval_7,Interval_8,Interval_7,Interval_7
Interval_2,Interval_3,Interval_7,Interval_8,Interval_7,Interval_7
Interval_2,Interval_4,Interval_5,Interval_7,Interval_6,Interval_7
Interval_2,Interval_3,Interval_4,Interval_8,Interval_7,Interval_7
Interval_2,Interval_3,Interval_4,Interval_8,Interval_7,Interval_7
Interval_2,Interval_2,Interval_3,Interval_8,Interval_7,Interval_7
Interval_2,Interval_3,Interval_3,Interval_9,Interval_7,Interval_7
Interval_2,Interval_3,Interval_4,Interval_9,Interval_6,Interval_7
Interval_2,Interval_2,Interval_3,Interval_9,Interval_6,Interval_7
Interval_2,Interval_2,Interval_4,Interval_9,Interval_7,Interval_7
Interval_2,Interval_3,Interval_4,Interval_10,Interval_7,Interval_7
Interval_2,Interval_5,Interval_5,Interval_11,Interval_7,Interval_7
Interval_2,Interval_4,Interval_7,Interval_9,Interval_7,Interval_7
Interval_2,Interval_3,Interval_7,Interval_8,Interval_7,Interval_7
Interval_2,Interval_4,Interval_6,Interval_7,Interval_6,Interval_7
Interval_2,Interval_3,Interval_5,Interval_8,Interval_6,Interval_7
Interval_2,Interval_3,Interval_4,Interval_9,Interval_7,Interval_7
Interval_2,Interval_2,Interval_4,Interval_8,Interval_7,Interval_7
Interval_2,Interval_2,Interval_4,Interval_9,Interval_7,Interval_7
Interval_2,Interval_3,Interval_4,Interval_9,Interval_6,Interval_7
Interval_2,Interval_2,Interval_4,Interval_9,Interval_7,Interval_7
Interval_2,Interval_2,Interval_3,Interval_9,Interval_7,Interval_7
Interval_2,Interval_2,Interval_4,Interval_9,Interval_7,Interval_7
Interval_2,Interval_3,Interval_4,Interval_10,Interval_7,Interval_7
Interval_2,Interval_5,Interval_6,Interval_10,Interval_7,Interval_7
Interval_2,Interval_3,Interval_7,Interval_8,Interval_7,Interval_7
Interval_2,Interval_3,Interval_6,Interval_8,Interval_7,Interval_7
Interval_2,Interval_4,Interval_5,Interval_8,Interval_7,Interval_7
Interval_2,Interval_3,Interval_4,Interval_8,Interval_7,Interval_7
Interval_2,Interval_2,Interval_4,Interval_8,Interval_7,Interval_7
Interval_2,Interval_2,Interval_3,Interval_8,Interval_7,Interval_7
Interval_2,Interval_2,Interval_4,Interval_9,Interval_7,Interval_7
Interval_2,Interval_3,Interval_4,Interval_9,Interval_7,Interval_7
Interval_2,Interval_2,Interval_4,Interval_9,Interval_7,Interval_7
Interval_2,Interval_2,Interval_3,Interval_9,Interval_7,Interval_7
Interval_2,Interval_2,Interval_4,Interval_9,Interval_7,Interval_7
Interval_2,Interval_3,Interval_5,Interval_10,Interval_7,Interval_7
Interval_2,Interval_5,Interval_6,Interval_10,Interval_7,Interval_7
Interval_2,Interval_3,Interval_7,Interval_8,Interval_7,Interval_7
Interval_2,Interval_4,Interval_6,Interval_8,Interval_7,Interval_7
Interval_2,Interval_4,Interval_5,Interval_7,Interval_6,Interval_7
Interval_2,Interval_3,Interval_4,Interval_8,Interval_6,Interval_7
Interval_2,Interval_2,Interval_4,Interval_8,Interval_7,Interval_7
Interval_2,Interval_1,Interval_3,Interval_9,Interval_7,Interval_7
Interval_2,Interval_3,Interval_4,Interval_8,Interval_7,Interval_7
Interval_2,Interval_3,Interval_4,Interval_9,Interval_6,Interval_7
Interval_2,Interval_2,Interval_4,Interval_9,Interval_7,Interval_7
Interval_2,Interval_2,Interval_4,Interval_9,Interval_7,Interval_7
Interval_2,Interval_2,Interval_4,Interval_9,Interval_7,Interval_7
Interval_2,Interval_4,Interval_5,Interval_10,Interval_7,Interval_7
Interval_2,Interval_4,Interval_7,Interval_10,Interval_7,Interval_7
Interval_2,Interval_3,Interval_7,Interval_8,Interval_7,Interval_7
Interval_2,Interval_4,Interval_6,Interval_7,Interval_7,Interval_7
Interval_2,Interval_3,Interval_4,Interval_8,Interval_7,Interval_7
Interval_2,Interval_2,Interval_4,Interval_8,Interval_7,Interval_7
Interval_2,Interval_2,Interval_4,Interval_9,Interval_7,Interval_7
Interval_2,Interval_3,Interval_4,Interval_8,Interval_7,Interval_7
Interval_2,Interval_3,Interval_4,Interval_9,Interval_6,Interval_7
Interval_2,Interval_2,Interval_3,Interval_9,Interval_7,Interval_7
Interval_2,Interval_2,Interval_4,Interval_9,Interval_6,Interval_7
Interval_2,Interval_2,Interval_4,Interval_9,Interval_7,Interval_7
Interval_2,Interval_4,Interval_5,Interval_10,Interval_7,Interval_7
Interval_2,Interval_5,Interval_7,Interval_10,Interval_7,Interval_7
Interval_2,Interval_3,Interval_7,Interval_8,Interval_7,Interval_7
Interval_2,Interval_4,Interval_6,Interval_7,Interval_7,Interval_7
Interval_2,Interval_3,Interval_5,Interval_8,Interval_7,Interval_7
Interval_2,Interval_2,Interval_4,Interval_8,Interval_7,Interval_7
Interval_2,Interval_2,Interval_3,Interval_8,Interval_7,Interval_7
Interval_2,Interval_2,Interval_4,Interval_9,Interval_7,Interval_7
Interval_2,Interval_3,Interval_4,Interval_9,Interval_7,Interval_7
Interval_2,Interval_3,Interval_4,Interval_9,Interval_6,Interval_7
Interval_2,Interval_3,Interval_4,Interval_9,Interval_7,Interval_7
Interval_2,Interval_2,Interval_4,Interval_9,Interval_7,Interval_7
Interval_2,Interval_2,Interval_3,Interval_9,Interval_7,Interval_7
Interval_2,Interval_3,Interval_5,Interval_10,Interval_7,Interval_7
Interval_2,Interval_5,Interval_6,Interval_10,Interval_7,Interval_7
Interval_2,Interval_3,Interval_7,Interval_8,Interval_7,Interval_7
Interval_2,Interval_4,Interval_7,Interval_8,Interval_7,Interval_7
Interval_2,Interval_4,Interval_6,Interval_8,Interval_7,Interval_7
Interval_2,Interval_3,Interval_4,Interval_8,Interval_6,Interval_7
Interval_2,Interval_2,Interval_4,Interval_8,Interval_7,Interval_7
Interval_2,Interval_2,Interval_3,Interval_9,Interval_7,Interval_7
Interval_2,Interval_2,Interval_4,Interval_9,Interval_7,Interval_7
Interval_2,Interval_3,Interval_4,Interval_9,Interval_6,Interval_7
Interval_2,Interval_3,Interval_4,Interval_9,Interval_6,Interval_7
Interval_2,Interval_2,Interval_4,Interval_9,Interval_6,Interval_7
Interval_2,Interval_2,Interval_3,Interval_9,Interval_7,Interval_7
Interval_2,Interval_2,Interval_4,Interval_9,Interval_7,Interval_7
Interval_2,Interval_4,Interval_5,Interval_10,Interval_7,Interval_7
Interval_2,Interval_4,Interval_7,Interval_9,Interval_7,Interval_7
Interval_2,Interval_3,Interval_6,Interval_8,Interval_7,Interval_7
Interval_2,Interval_4,Interval_5,Interval_7,Interval_7,Interval_7
Interval_2,Interval_3,Interval_4,Interval_8,Interval_7,Interval_7
Interval_2,Interval_2,Interval_4,Interval_8,Interval_7,Interval_7
Interval_2,Interval_2,Interval_3,Interval_9,Interval_7,Interval_7
Interval_2,Interval_2,Interval_4,Interval_9,Interval_7,Interval_7
Interval_2,Interval_3,Interval_4,Interval_9,Interval_7,Interval_7
Interval_2,Interval_3,Interval_4,Interval_8,Interval_7,Interval_7
Interval_2,Interval_3,Interval_4,Interval_9,Interval_6,Interval_7
Interval_2,Interval_2,Interval_4,Interval_9,Interval_7,Interval_7
Interval_2,Interval_2,Interval_4,Interval_9,Interval_7,Interval_7
Interval_2,Interval_3,Interval_5,Interval_10,Interval_7,Interval_7
Interval_2,Interval_5,Interval_6,Interval_10,Interval_7,Interval_7
Interval_2,Interval_3,Interval_7,Interval_8,Interval_7,Interval_7
Interval_2,Interval_4,Interval_6,Interval_8,Interval_6,Interval_7
Interval_2,Interval_4,Interval_5,Interval_7,Interval_7,Interval_7
Interval_2,Interval_3,Interval_4,Interval_8,Interval_7,Interval_7
Interval_2,Interval_2,Interval_3,Interval_8,Interval_7,Interval_7
Interval_2,Interval_2,Interval_2,Interval_9,Interval_7,Interval_7
Interval_2,Interval_3,Interval_4,Interval_8,Interval_7,Interval_7
Interval_2,Interval_3,Interval_3,Interval_8,Interval_7,Interval_7
Interval_2,Interval_3,Interval_4,Interval_9,Interval_8,Interval_7
Interval_2,Interval_3,Interval_4,Interval_9,Interval_7,Interval_7
Interval_2,Interval_3,Interval_4,Interval_9,Interval_7,Interval_7
Interval_2,Interval_3,Interval_6,Interval_9,Interval_6,Interval_7
Interval_2,Interval_3,Interval_6,Interval_8,Interval_7,Interval_7
Interval_2,Interval_3,Interval_5,Interval_8,Interval_6,Interval_7
Interval_2,Interval_3,Interval_5,Interval_9,Interval_7,Interval_7
Interval_2,Interval_3,Interval_5,Interval_9,Interval_6,Interval_7
Interval_2,Interval_2,Interval_5,Interval_9,Interval_7,Interval_7
Interval_2,Interval_2,Interval_5,Interval_9,Interval_7,Interval_7
Interval_2,Interval_2,Interval_5,Interval_9,Interval_7,Interval_7
Interval_2,Interval_2,Interval_5,Interval_9,Interval_7,Interval_7
Interval_2,Interval_3,Interval_5,Interval_10,Interval_7,Interval_7
Interval_2,Interval_4,Interval_7,Interval_10,Interval_7,Interval_7
Interval_2,Interval_3,Interval_8,Interval_8,Interval_7,Interval_7
Interval_2,Interval_4,Interval_7,Interval_7,Interval_6,Interval_7
Interval_2,Interval_3,Interval_6,Interval_8,Interval_6,Interval_7
Interval_2,Interval_3,Interval_6,Interval_8,Interval_7,Interval_7
Interval_2,Interval_3,Interval_5,Interval_9,Interval_7,Interval_7
Interval_2,Interval_2,Interval_5,Interval_9,Interval_6,Interval_7
Interval_2,Interval_2,Interval_5,Interval_9,Interval_7,Interval_7
Interval_2,Interval_3,Interval_5,Interval_9,Interval_7,Interval_7
Interval_2,Interval_2,Interval_5,Interval_9,Interval_7,Interval_7
Interval_2,Interval_2,Interval_5,Interval_9,Interval_7,Interval_7
Interval_2,Interval_2,Interval_5,Interval_9,Interval_7,Interval_7
Interval_2,Interval_3,Interval_6,Interval_10,Interval_7,Interval_7
Interval_2,Interval_5,Interval_7,Interval_10,Interval_7,Interval_7
Interval_2,Interval_3,Interval_8,Interval_8,Interval_7,Interval_7
Interval_2,Interval_4,Interval_7,Interval_7,Interval_7,Interval_7
Interval_2,Interval_3,Interval_6,Interval_8,Interval_6,Interval_7
Interval_2,Interval_3,Interval_5,Interval_8,Interval_7,Interval_7
Interval_2,Interval_2,Interval_5,Interval_9,Interval_7,Interval_7
Interval_2,Interval_2,Interval_5,Interval_9,Interval_7,Interval_7
Interval_2,Interval_3,Interval_6,Interval_8,Interval_8,Interval_7
Interval_2,Interval_2,Interval_6,Interval_9,Interval_6,Interval_7
Interval_2,Interval_3,Interval_5,Interval_8,Interval_7,Interval_7
Interval_2,Interval_2,Interval_5,Interval_9,Interval_7,Interval_7
Interval_2,Interval_2,Interval_5,Interval_9,Interval_7,Interval_7
Interval_2,Interval_2,Interval_5,Interval_9,Interval_7,Interval_7
Interval_2,Interval_4,Interval_6,Interval_10,Interval_7,Interval_7
Interval_2,Interval_4,Interval_7,Interval_9,Interval_7,Interval_7
Interval_2,Interval_3,Interval_8,Interval_7,Interval_7,Interval_7
Interval_2,Interval_4,Interval_6,Interval_8,Interval_6,Interval_7
Interval_2,Interval_3,Interval_5,Interval_8,Interval_6,Interval_7
Interval_2,Interval_3,Interval_5,Interval_8,Interval_7,Interval_7
Interval_2,Interval_2,Interval_5,Interval_9,Interval_6,Interval_7
Interval_2,Interval_2,Interval_6,Interval_8,Interval_8,Interval_7
Interval_2,Interval_3,Interval_5,Interval_8,Interval_7,Interval_7
Interval_2,Interval_2,Interval_5,Interval_9,Interval_5,Interval_7
Interval_2,Interval_3,Interval_5,Interval_9,Interval_7,Interval_7
Interval_2,Interval_3,Interval_5,Interval_9,Interval_7,Interval_7
Interval_2,Interval_2,Interval_5,Interval_9,Interval_7,Interval_7
Interval_2,Interval_2,Interval_5,Interval_9,Interval_7,Interval_7
Interval_2,Interval_2,Interval_5,Interval_9,Interval_7,Interval_7
Interval_2,Interval_4,Interval_6,Interval_10,Interval_7,Interval_7
Interval_2,Interval_5,Interval_8,Interval_9,Interval_7,Interval_7
Interval_2,Interval_3,Interval_8,Interval_8,Interval_7,Interval_7
Interval_2,Interval_4,Interval_7,Interval_7,Interval_7,Interval_7
Interval_2,Interval_3,Interval_6,Interval_8,Interval_7,Interval_7
Interval_2,Interval_3,Interval_5,Interval_8,Interval_7,Interval_7
Interval_2,Interval_2,Interval_5,Interval_9,Interval_7,Interval_7
Interval_2,Interval_2,Interval_5,Interval_9,Interval_7,Interval_7
Interval_2,Interval_2,Interval_5,Interval_8,Interval_8,Interval_7
Interval_2,Interval_3,Interval_5,Interval_9,Interval_8,Interval_7
Interval_2,Interval_2,Interval_6,Interval_8,Interval_6,Interval_7
Interval_2,Interval_3,Interval_4,Interval_9,Interval_6,Interval_7
Interval_2,Interval_3,Interval_6,Interval_9,Interval_7,Interval_7
Interval_2,Interval_2,Interval_6,Interval_8,Interval_7,Interval_7
Interval_2,Interval_2,Interval_5,Interval_9,Interval_7,Interval_7
Interval_2,Interval_2,Interval_5,Interval_9,Interval_7,Interval_7
Interval_2,Interval_3,Interval_6,Interval_10,Interval_7,Interval_7
Interval_2,Interval_5,Interval_6,Interval_10,Interval_7,Interval_7
Interval_2,Interval_4,Interval_8,Interval_8,Interval_7,Interval_7
Interval_2,Interval_4,Interval_7,Interval_7,Interval_7,Interval_7
Interval_2,Interval_4,Interval_6,Interval_7,Interval_7,Interval_7
Interval_2,Interval_3,Interval_5,Interval_8,Interval_6,Interval_7
Interval_2,Interval_2,Interval_5,Interval_9,Interval_7,Interval_7
Interval_2,Interval_2,Interval_5,Interval_9,Interval_6,Interval_7
Interval_2,Interval_2,Interval_5,Interval_9,Interval_7,Interval_7
Interval_2,Interval_3,Interval_5,Interval_9,Interval_8,Interval_7
Interval_2,Interval_3,Interval_5,Interval_9,Interval_6,Interval_7
Interval_2,Interval_3,Interval_6,Interval_8,Interval_7,Interval_7
Interval_2,Interval_3,Interval_5,Interval_9,Interval_7,Interval_7
Interval_2,Interval_3,Interval_5,Interval_9,Interval_7,Interval_7
Interval_2,Interval_3,Interval_5,Interval_8,Interval_7,Interval_7
Interval_2,Interval_2,Interval_5,Interval_8,Interval_7,Interval_7
Interval_2,Interval_2,Interval_5,Interval_9,Interval_7,Interval_7
Interval_2,Interval_2,Interval_5,Interval_9,Interval_7,Interval_7
Interval_2,Interval_3,Interval_6,Interval_10,Interval_7,Interval_7
Interval_2,Interval_4,Interval_6,Interval_10,Interval_7,Interval_7
Interval_2,Interval_4,Interval_8,Interval_8,Interval_7,Interval_7
Interval_2,Interval_3,Interval_8,Interval_8,Interval_7,Interval_7
Interval_2,Interval_4,Interval_6,Interval_8,Interval_7,Interval_7
Interval_2,Interval_3,Interval_6,Interval_8,Interval_6,Interval_7
Interval_2,Interval_2,Interval_5,Interval_8,Interval_7,Interval_7
Interval_2,Interval_2,Interval_5,Interval_9,Interval_6,Interval_7
Interval_2,Interval_2,Interval_5,Interval_8,Interval_7,Interval_7
Interval_2,Interval_3,Interval_5,Interval_8,Interval_8,Interval_7
Interval_2,Interval_3,Interval_5,Interval_9,Interval_6,Interval_7
Interval_2,Interval_3,Interval_5,Interval_9,Interval_6,Interval_7
Interval_2,Interval_2,Interval_5,Interval_9,Interval_6,Interval_7
Interval_2,Interval_2,Interval_5,Interval_9,Interval_7,Interval_7
Interval_2,Interval_2,Interval_5,Interval_9,Interval_7,Interval_7
Interval_2,Interval_3,Interval_6,Interval_10,Interval_7,Interval_7
Interval_2,Interval_5,Interval_7,Interval_10,Interval_6,Interval_7
Interval_2,Interval_3,Interval_8,Interval_8,Interval_7,Interval_7
Interval_2,Interval_4,Interval_7,Interval_7,Interval_7,Interval_7
Interval_2,Interval_3,Interval_6,Interval_8,Interval_7,Interval_7
Interval_2,Interval_3,Interval_5,Interval_9,Interval_6,Interval_7
Interval_2,Interval_2,Interval_5,Interval_8,Interval_6,Interval_7
Interval_2,Interval_2,Interval_5,Interval_9,Interval_8,Interval_7
Interval_2,Interval_3,Interval_5,Interval_8,Interval_9,Interval_7
Interval_2,Interval_3,Interval_5,Interval_9,Interval_6,Interval_7
Interval_2,Interval_3,Interval_6,Interval_8,Interval_6,Interval_7
Interval_2,Interval_3,Interval_5,Interval_9,Interval_7,Interval_7
Interval_2,Interval_3,Interval_5,Interval_9,Interval_6,Interval_7
Interval_2,Interval_3,Interval_5,Interval_8,Interval_7,Interval_7
Interval_2,Interval_2,Interval_5,Interval_9,Interval_6,Interval_7
Interval_2,Interval_2,Interval_5,Interval_9,Interval_6,Interval_7
Interval_2,Interval_2,Interval_5,Interval_9,Interval_7,Interval_7
Interval_2,Interval_3,Interval_6,Interval_10,Interval_6,Interval_7
Interval_2,Interval_4,Interval_6,Interval_10,Interval_7,Interval_7
Interval_2,Interval_4,Interval_8,Interval_8,Interval_7,Interval_7
Interval_2,Interval_4,Interval_7,Interval_7,Interval_7,Interval_7
Interval_2,Interval_3,Interval_6,Interval_8,Interval_6,Interval_7
Interval_2,Interval_3,Interval_5,Interval_9,Interval_7,Interval_7
Interval_2,Interval_2,Interval_5,Interval_9,Interval_6,Interval_7
Interval_2,Interval_2,Interval_4,Interval_9,Interval_7,Interval_7
Interval_2,Interval_2,Interval_6,Interval_8,Interval_7,Interval_7
Interval_2,Interval_3,Interval_5,Interval_8,Interval_8,Interval_7
Interval_2,Interval_2,Interval_6,Interval_9,Interval_6,Interval_7
Interval_2,Interval_3,Interval_5,Interval_9,Interval_7,Interval_7
Interval_2,Interval_3,Interval_6,Interval_9,Interval_6,Interval_7
Interval_2,Interval_2,Interval_5,Interval_9,Interval_7,Interval_7
Interval_2,Interval_2,Interval_5,Interval_9,Interval_7,Interval_7
Interval_2,Interval_2,Interval_5,Interval_9,Interval_7,Interval_7
Interval_2,Interval_3,Interval_6,Interval_10,Interval_7,Interval_7
Interval_2,Interval_4,Interval_6,Interval_10,Interval_7,Interval_7
Interval_2,Interval_4,Interval_8,Interval_8,Interval_6,Interval_7
Interval_2,Interval_4,Interval_7,Interval_7,Interval_7,Interval_7
Interval_2,Interval_3,Interval_6,Interval_8,Interval_6,Interval_7
Interval_2,Interval_3,Interval_5,Interval_8,Interval_6,Interval_7
Interval_2,Interval_2,Interval_5,Interval_9,Interval_7,Interval_7
Interval_2,Interval_2,Interval_4,Interval_9,Interval_7,Interval_7
Interval_2,Interval_3,Interval_6,Interval_8,Interval_10,Interval_7
Interval_2,Interval_3,Interval_5,Interval_9,Interval_5,Interval_7
Interval_2,Interval_3,Interval_5,Interval_9,Interval_7,Interval_7
Interval_2,Interval_3,Interval_6,Interval_9,Interval_6,Interval_7
Interval_2,Interval_3,Interval_6,Interval_8,Interval_6,Interval_7
Interval_2,Interval_2,Interval_6,Interval_9,Interval_6,Interval_7
Interval_2,Interval_2,Interval_5,Interval_9,Interval_7,Interval_7
Interval_2,Interval_2,Interval_5,Interval_9,Interval_7,Interval_7
Interval_2,Interval_2,Interval_6,Interval_9,Interval_7,Interval_7
Interval_2,Interval_4,Interval_6,Interval_10,Interval_7,Interval_7
Interval_2,Interval_4,Interval_7,Interval_9,Interval_6,Interval_7
Interval_2,Interval_3,Interval_8,Interval_7,Interval_7,Interval_7
Interval_2,Interval_4,Interval_6,Interval_7,Interval_7,Interval_7
Interval_2,Interval_3,Interval_6,Interval_8,Interval_6,Interval_7
Interval_2,Interval_2,Interval_5,Interval_8,Interval_6,Interval_7
Interval_2,Interval_2,Interval_5,Interval_9,Interval_7,Interval_7
Interval_2,Interval_2,Interval_5,Interval_8,Interval_8,Interval_7
Interval_2,Interval_3,Interval_6,Interval_9,Interval_7,Interval_7
Interval_2,Interval_3,Interval_5,Interval_9,Interval_7,Interval_7
Interval_2,Interval_3,Interval_5,Interval_9,Interval_7,Interval_7
Interval_2,Interval_3,Interval_6,Interval_9,Interval_7,Interval_7
Interval_2,Interval_3,Interval_5,Interval_9,Interval_7,Interval_7
Interval_2,Interval_3,Interval_6,Interval_9,Interval_7,Interval_7
Interval_2,Interval_3,Interval_5,Interval_8,Interval_7,Interval_7
Interval_2,Interval_3,Interval_5,Interval_8,Interval_7,Interval_7
Interval_2,Interval_3,Interval_5,Interval_9,Interval_7,Interval_7
Interval_2,Interval_2,Interval_5,Interval_9,Interval_8,Interval_7
Interval_2,Interval_2,Interval_5,Interval_9,Interval_6,Interval_7
Interval_2,Interval_2,Interval_5,Interval_9,Interval_5,Interval_7
Interval_2,Interval_3,Interval_6,Interval_10,Interval_5,Interval_7
Interval_2,Interval_3,Interval_7,Interval_11,Interval_4,Interval_7
Interval_2,Interval_5,Interval_8,Interval_11,Interval_5,Interval_7
Interval_2,Interval_4,Interval_10,Interval_9,Interval_8,Interval_7
Interval_2,Interval_3,Interval_4,Interval_9,Interval_6,Interval_7
Interval_2,Interval_3,Interval_4,Interval_9,Interval_7,Interval_7
Interval_2,Interval_2,Interval_4,Interval_9,Interval_7,Interval_7
Interval_2,Interval_2,Interval_4,Interval_9,Interval_7,Interval_7
Interval_2,Interval_2,Interval_5,Interval_9,Interval_7,Interval_7
Interval_2,Interval_3,Interval_5,Interval_10,Interval_7,Interval_7
Interval_2,Interval_4,Interval_6,Interval_10,Interval_7,Interval_7
Interval_2,Interval_3,Interval_7,Interval_8,Interval_7,Interval_7
Interval_2,Interval_3,Interval_7,Interval_8,Interval_7,Interval_7
Interval_2,Interval_4,Interval_6,Interval_8,Interval_6,Interval_2
Interval_2,Interval_3,Interval_5,Interval_8,Interval_7,Interval_7
Interval_2,Interval_3,Interval_5,Interval_9,Interval_7,Interval_7
Interval_2,Interval_2,Interval_4,Interval_9,Interval_7,Interval_7
Interval_2,Interval_3,Interval_5,Interval_8,Interval_7,Interval_7
Interval_2,Interval_3,Interval_4,Interval_9,Interval_6,Interval_7
Interval_2,Interval_2,Interval_5,Interval_9,Interval_7,Interval_7
Interval_2,Interval_2,Interval_4,Interval_9,Interval_7,Interval_7
Interval_2,Interval_2,Interval_4,Interval_9,Interval_7,Interval_7
Interval_2,Interval_3,Interval_5,Interval_10,Interval_7,Interval_7
Interval_2,Interval_4,Interval_6,Interval_10,Interval_7,Interval_7
Interval_2,Interval_4,Interval_7,Interval_9,Interval_6,Interval_7
Interval_2,Interval_2,Interval_8,Interval_8,Interval_7,Interval_7
Interval_2,Interval_4,Interval_7,Interval_7,Interval_7,Interval_7
Interval_2,Interval_3,Interval_5,Interval_8,Interval_6,Interval_7
Interval_2,Interval_3,Interval_5,Interval_8,Interval_7,Interval_7
Interval_2,Interval_2,Interval_4,Interval_8,Interval_6,Interval_7
Interval_2,Interval_2,Interval_4,Interval_9,Interval_7,Interval_7
Interval_2,Interval_2,Interval_5,Interval_8,Interval_7,Interval_7
Interval_2,Interval_3,Interval_4,Interval_8,Interval_7,Interval_7
Interval_2,Interval_3,Interval_4,Interval_9,Interval_6,Interval_7
Interval_2,Interval_3,Interval_5,Interval_9,Interval_7,Interval_7
Interval_2,Interval_2,Interval_5,Interval_9,Interval_7,Interval_7
Interval_2,Interval_2,Interval_5,Interval_9,Interval_7,Interval_7
Interval_2,Interval_2,Interval_5,Interval_9,Interval_7,Interval_7
Interval_2,Interval_3,Interval_5,Interval_10,Interval_7,Interval_7
Interval_2,Interval_4,Interval_6,Interval_10,Interval_7,Interval_7
Interval_2,Interval_3,Interval_8,Interval_8,Interval_7,Interval_7
Interval_2,Interval_3,Interval_7,Interval_8,Interval_7,Interval_7
Interval_2,Interval_4,Interval_6,Interval_7,Interval_7,Interval_7
Interval_2,Interval_3,Interval_5,Interval_8,Interval_6,Interval_7
Interval_2,Interval_3,Interval_5,Interval_9,Interval_7,Interval_7
Interval_2,Interval_2,Interval_4,Interval_9,Interval_7,Interval_7
Interval_2,Interval_2,Interval_4,Interval_9,Interval_8,Interval_7
Interval_2,Interval_3,Interval_5,Interval_9,Interval_9,Interval_7
Interval_2,Interval_2,Interval_5,Interval_8,Interval_5,Interval_7
Interval_2,Interval_3,Interval_4,Interval_9,Interval_6,Interval_7
Interval_2,Interval_3,Interval_5,Interval_9,Interval_6,Interval_7
Interval_2,Interval_3,Interval_5,Interval_9,Interval_6,Interval_7
Interval_2,Interval_2,Interval_5,Interval_9,Interval_6,Interval_7
Interval_2,Interval_2,Interval_4,Interval_9,Interval_7,Interval_7
Interval_2,Interval_2,Interval_5,Interval_9,Interval_7,Interval_7
Interval_2,Interval_2,Interval_5,Interval_9,Interval_7,Interval_7
Interval_2,Interval_3,Interval_5,Interval_10,Interval_7,Interval_7
Interval_2,Interval_5,Interval_7,Interval_9,Interval_7,Interval_7
Interval_2,Interval_3,Interval_7,Interval_8,Interval_7,Interval_7
Interval_2,Interval_4,Interval_6,Interval_7,Interval_7,Interval_7
Interval_2,Interval_3,Interval_5,Interval_8,Interval_7,Interval_7
Interval_2,Interval_3,Interval_5,Interval_8,Interval_6,Interval_7
Interval_2,Interval_3,Interval_5,Interval_9,Interval_7,Interval_7
Interval_2,Interval_2,Interval_5,Interval_9,Interval_7,Interval_7
Interval_2,Interval_2,Interval_5,Interval_9,Interval_7,Interval_7
Interval_2,Interval_3,Interval_5,Interval_8,Interval_8,Interval_7
Interval_2,Interval_3,Interval_4,Interval_9,Interval_5,Interval_7
Interval_2,Interval_3,Interval_5,Interval_9,Interval_6,Interval_7
Interval_2,Interval_3,Interval_5,Interval_8,Interval_6,Interval_7
Interval_2,Interval_2,Interval_5,Interval_9,Interval_7,Interval_7
Interval_2,Interval_2,Interval_4,Interval_9,Interval_6,Interval_7
Interval_2,Interval_2,Interval_5,Interval_9,Interval_7,Interval_7
Interval_2,Interval_3,Interval_5,Interval_10,Interval_8,Interval_7
Interval_2,Interval_4,Interval_6,Interval_10,Interval_6,Interval_7
Interval_2,Interval_3,Interval_7,Interval_8,Interval_6,Interval_7
Interval_2,Interval_3,Interval_7,Interval_8,Interval_7,Interval_7
Interval_2,Interval_4,Interval_6,Interval_7,Interval_7,Interval_7
Interval_2,Interval_3,Interval_5,Interval_8,Interval_6,Interval_7
Interval_2,Interval_3,Interval_5,Interval_8,Interval_6,Interval_7
Interval_2,Interval_3,Interval_4,Interval_9,Interval_7,Interval_7
Interval_2,Interval_2,Interval_4,Interval_9,Interval_8,Interval_7
Interval_2,Interval_3,Interval_5,Interval_8,Interval_7,Interval_7
Interval_2,Interval_3,Interval_5,Interval_9,Interval_7,Interval_7
Interval_2,Interval_3,Interval_4,Interval_9,Interval_7,Interval_7
Interval_2,Interval_11,Interval_11,Interval_9,Interval_7,Interval_7
Interval_2,Interval_11,Interval_11,Interval_9,Interval_7,Interval_7
Interval_2,Interval_11,Interval_11,Interval_9,Interval_7,Interval_7
Interval_2,Interval_11,Interval_11,Interval_9,Interval_7,Interval_7
Interval_2,Interval_11,Interval_11,Interval_9,Interval_7,Interval_7
Interval_2,Interval_11,Interval_11,Interval_8,Interval_7,Interval_7
Interval_2,Interval_11,Interval_11,Interval_9,Interval_7,Interval_7
Interval_2,Interval_11,Interval_11,Interval_9,Interval_7,Interval_7
Interval_2,Interval_11,Interval_11,Interval_9,Interval_7,Interval_7
Interval_2,Interval_11,Interval_11,Interval_8,Interval_7,Interval_7
Interval_2,Interval_11,Interval_11,Interval_9,Interval_7,Interval_7
Interval_2,Interval_11,Interval_11,Interval_9,Interval_7,Interval_7
Interval_2,Interval_11,Interval_11,Interval_9,Interval_7,Interval_7
Interval_2,Interval_11,Interval_11,Interval_9,Interval_7,Interval_7
Interval_2,Interval_11,Interval_11,Interval_9,Interval_7,Interval_7
Interval_2,Interval_11,Interval_11,Interval_9,Interval_7,Interval_7
Interval_2,Interval_11,Interval_10,Interval_9,Interval_7,Interval_7
Interval_2,Interval_11,Interval_10,Interval_9,Interval_7,Interval_7
Interval_2,Interval_11,Interval_10,Interval_9,Interval_7,Interval_7
Interval_2,Interval_10,Interval_10,Interval_8,Interval_7,Interval_7
Interval_2,Interval_11,Interval_11,Interval_8,Interval_7,Interval_7
Interval_2,Interval_10,Interval_11,Interval_9,Interval_7,Interval_7
Interval_2,Interval_11,Interval_11,Interval_8,Interval_7,Interval_7
Interval_2,Interval_11,Interval_11,Interval_8,Interval_7,Interval_7
Interval_2,Interval_11,Interval_12,Interval_9,Interval_7,Interval_7
Interval_2,Interval_11,Interval_12,Interval_9,Interval_6,Interval_7
Interval_2,Interval_11,Interval_12,Interval_9,Interval_7,Interval_7
Interval_2,Interval_11,Interval_12,Interval_9,Interval_7,Interval_7
Interval_2,Interval_11,Interval_11,Interval_9,Interval_7,Interval_7
Interval_2,Interval_10,Interval_10,Interval_9,Interval_7,Interval_7
Interval_2,Interval_10,Interval_8,Interval_9,Interval_7,Interval_7
Interval_2,Interval_11,Interval_10,Interval_9,Interval_7,Interval_7
Interval_2,Interval_11,Interval_10,Interval_8,Interval_7,Interval_7
Interval_2,Interval_11,Interval_10,Interval_9,Interval_7,Interval_7
Interval_2,Interval_10,Interval_9,Interval_9,Interval_7,Interval_7
Interval_2,Interval_10,Interval_9,Interval_8,Interval_7,Interval_7
Interval_2,Interval_10,Interval_10,Interval_9,Interval_7,Interval_7
Interval_2,Interval_11,Interval_11,Interval_8,Interval_7,Interval_7
Interval_2,Interval_11,Interval_11,Interval_8,Interval_7,Interval_7
Interval_2,Interval_11,Interval_12,Interval_9,Interval_7,Interval_7
Interval_2,Interval_11,Interval_12,Interval_9,Interval_7,Interval_7
Interval_2,Interval_11,Interval_12,Interval_9,Interval_7,Interval_7
Interval_2,Interval_11,Interval_12,Interval_9,Interval_7,Interval_7
Interval_2,Interval_11,Interval_11,Interval_9,Interval_7,Interval_7
Interval_2,Interval_10,Interval_9,Interval_9,Interval_7,Interval_7
Interval_2,Interval_10,Interval_9,Interval_8,Interval_7,Interval_7
Interval_2,Interval_11,Interval_10,Interval_9,Interval_7,Interval_7
Interval_2,Interval_11,Interval_10,Interval_9,Interval_7,Interval_7
Interval_2,Interval_11,Interval_10,Interval_9,Interval_7,Interval_7
Interval_2,Interval_10,Interval_9,Interval_8,Interval_7,Interval_7
Interval_2,Interval_10,Interval_9,Interval_8,Interval_7,Interval_7
Interval_2,Interval_11,Interval_10,Interval_8,Interval_7,Interval_7
Interval_2,Interval_11,Interval_11,Interval_9,Interval_7,Interval_7
Interval_2,Interval_11,Interval_11,Interval_8,Interval_7,Interval_7
Interval_2,Interval_11,Interval_12,Interval_9,Interval_7,Interval_7
Interval_2,Interval_11,Interval_12,Interval_9,Interval_7,Interval_7
Interval_2,Interval_11,Interval_12,Interval_9,Interval_7,Interval_7
Interval_2,Interval_11,Interval_11,Interval_9,Interval_7,Interval_7
Interval_2,Interval_11,Interval_11,Interval_9,Interval_7,Interval_7
Interval_2,Interval_10,Interval_9,Interval_9,Interval_7,Interval_7
Interval_2,Interval_10,Interval_8,Interval_8,Interval_7,Interval_7
Interval_2,Interval_11,Interval_10,Interval_9,Interval_7,Interval_7
Interval_2,Interval_11,Interval_10,Interval_9,Interval_7,Interval_7
Interval_2,Interval_11,Interval_10,Interval_9,Interval_7,Interval_7
Interval_2,Interval_11,Interval_10,Interval_9,Interval_7,Interval_7
Interval_2,Interval_10,Interval_9,Interval_9,Interval_6,Interval_7
Interval_2,Interval_10,Interval_9,Interval_8,Interval_7,Interval_7
Interval_2,Interval_11,Interval_10,Interval_8,Interval_7,Interval_7
Interval_2,Interval_11,Interval_11,Interval_8,Interval_7,Interval_7
Interval_2,Interval_11,Interval_11,Interval_8,Interval_7,Interval_7
Interval_2,Interval_11,Interval_12,Interval_9,Interval_7,Interval_7
Interval_2,Interval_12,Interval_12,Interval_9,Interval_7,Interval_7
Interval_2,Interval_11,Interval_11,Interval_9,Interval_7,Interval_7
Interval_2,Interval_11,Interval_11,Interval_9,Interval_7,Interval_7
Interval_2,Interval_11,Interval_11,Interval_9,Interval_7,Interval_7
Interval_2,Interval_10,Interval_9,Interval_9,Interval_7,Interval_7
Interval_2,Interval_10,Interval_8,Interval_9,Interval_7,Interval_7
Interval_2,Interval_11,Interval_10,Interval_9,Interval_7,Interval_7
Interval_2,Interval_11,Interval_10,Interval_9,Interval_7,Interval_7
Interval_2,Interval_11,Interval_10,Interval_9,Interval_7,Interval_7
Interval_2,Interval_11,Interval_10,Interval_9,Interval_7,Interval_7
Interval_2,Interval_11,Interval_9,Interval_8,Interval_7,Interval_7
Interval_2,Interval_10,Interval_9,Interval_8,Interval_7,Interval_7
Interval_2,Interval_11,Interval_10,Interval_8,Interval_7,Interval_7
Interval_2,Interval_11,Interval_11,Interval_8,Interval_7,Interval_7
Interval_2,Interval_11,Interval_11,Interval_9,Interval_7,Interval_7
Interval_2,Interval_11,Interval_12,Interval_9,Interval_7,Interval_7
Interval_2,Interval_12,Interval_12,Interval_9,Interval_7,Interval_7
Interval_2,Interval_11,Interval_11,Interval_8,Interval_7,Interval_7
Interval_2,Interval_11,Interval_11,Interval_9,Interval_7,Interval_7
Interval_2,Interval_11,Interval_11,Interval_9,Interval_7,Interval_7
Interval_2,Interval_11,Interval_10,Interval_9,Interval_7,Interval_7
Interval_2,Interval_10,Interval_9,Interval_9,Interval_7,Interval_7
Interval_2,Interval_11,Interval_10,Interval_9,Interval_7,Interval_7
Interval_2,Interval_11,Interval_10,Interval_9,Interval_7,Interval_7
Interval_2,Interval_11,Interval_10,Interval_9,Interval_7,Interval_7
Interval_2,Interval_11,Interval_9,Interval_9,Interval_6,Interval_7
Interval_2,Interval_10,Interval_9,Interval_8,Interval_7,Interval_7
Interval_2,Interval_10,Interval_9,Interval_8,Interval_7,Interval_7
Interval_2,Interval_11,Interval_11,Interval_9,Interval_7,Interval_7
Interval_2,Interval_11,Interval_10,Interval_9,Interval_7,Interval_7
Interval_2,Interval_10,Interval_9,Interval_9,Interval_7,Interval_7
Interval_2,Interval_10,Interval_9,Interval_9,Interval_7,Interval_7
Interval_2,Interval_11,Interval_10,Interval_9,Interval_7,Interval_7
Interval_2,Interval_11,Interval_10,Interval_9,Interval_7,Interval_7
Interval_2,Interval_11,Interval_10,Interval_9,Interval_7,Interval_7
Interval_2,Interval_11,Interval_10,Interval_9,Interval_7,Interval_7
Interval_2,Interval_11,Interval_9,Interval_9,Interval_6,Interval_7
Interval_2,Interval_10,Interval_9,Interval_8,Interval_7,Interval_7
Interval_2,Interval_11,Interval_10,Interval_8,Interval_7,Interval_7
Interval_2,Interval_11,Interval_11,Interval_9,Interval_7,Interval_7
Interval_2,Interval_11,Interval_11,Interval_8,Interval_7,Interval_7
Interval_2,Interval_12,Interval_11,Interval_9,Interval_7,Interval_7
Interval_2,Interval_12,Interval_11,Interval_8,Interval_7,Interval_7
Interval_2,Interval_11,Interval_11,Interval_9,Interval_7,Interval_7
Interval_2,Interval_11,Interval_11,Interval_9,Interval_7,Interval_7
Interval_2,Interval_11,Interval_11,Interval_9,Interval_7,Interval_7
Interval_2,Interval_11,Interval_10,Interval_9,Interval_7,Interval_7
Interval_2,Interval_10,Interval_9,Interval_8,Interval_7,Interval_7
Interval_2,Interval_10,Interval_9,Interval_9,Interval_7,Interval_7
Interval_2,Interval_11,Interval_10,Interval_9,Interval_7,Interval_7
Interval_2,Interval_11,Interval_10,Interval_9,Interval_7,Interval_7
Interval_2,Interval_11,Interval_10,Interval_9,Interval_7,Interval_7
Interval_2,Interval_11,Interval_9,Interval_9,Interval_6,Interval_7
Interval_2,Interval_10,Interval_9,Interval_8,Interval_7,Interval_7
Interval_2,Interval_11,Interval_10,Interval_9,Interval_7,Interval_7
Interval_2,Interval_11,Interval_10,Interval_9,Interval_6,Interval_7
Interval_2,Interval_11,Interval_11,Interval_8,Interval_7,Interval_7
Interval_2,Interval_11,Interval_11,Interval_9,Interval_7,Interval_7
Interval_2,Interval_12,Interval_11,Interval_9,Interval_6,Interval_7
Interval_2,Interval_11,Interval_11,Interval_9,Interval_7,Interval_7
Interval_2,Interval_11,Interval_11,Interval_9,Interval_7,Interval_7
Interval_2,Interval_11,Interval_10,Interval_9,Interval_7,Interval_7
Interval_2,Interval_11,Interval_10,Interval_9,Interval_7,Interval_7
Interval_2,Interval_10,Interval_9,Interval_9,Interval_7,Interval_7
Interval_2,Interval_10,Interval_8,Interval_9,Interval_7,Interval_7
Interval_2,Interval_11,Interval_10,Interval_9,Interval_7,Interval_7
Interval_2,Interval_11,Interval_10,Interval_9,Interval_7,Interval_7
Interval_2,Interval_11,Interval_9,Interval_9,Interval_7,Interval_7
Interval_2,Interval_11,Interval_9,Interval_8,Interval_7,Interval_7
Interval_2,Interval_10,Interval_8,Interval_8,Interval_6,Interval_7
Interval_2,Interval_10,Interval_9,Interval_8,Interval_7,Interval_7
Interval_2,Interval_11,Interval_10,Interval_8,Interval_7,Interval_7
Interval_2,Interval_11,Interval_11,Interval_8,Interval_7,Interval_7
Interval_2,Interval_11,Interval_11,Interval_9,Interval_7,Interval_7
Interval_2,Interval_12,Interval_12,Interval_8,Interval_7,Interval_7
Interval_2,Interval_11,Interval_11,Interval_9,Interval_7,Interval_7
Interval_2,Interval_11,Interval_11,Interval_9,Interval_7,Interval_7
Interval_2,Interval_11,Interval_10,Interval_9,Interval_7,Interval_7
Interval_2,Interval_10,Interval_9,Interval_9,Interval_7,Interval_7
Interval_2,Interval_11,Interval_9,Interval_9,Interval_7,Interval_7
Interval_2,Interval_11,Interval_9,Interval_9,Interval_7,Interval_7
Interval_2,Interval_11,Interval_10,Interval_9,Interval_7,Interval_7
Interval_2,Interval_11,Interval_9,Interval_9,Interval_7,Interval_7
Interval_2,Interval_11,Interval_9,Interval_9,Interval_7,Interval_7
Interval_2,Interval_11,Interval_9,Interval_9,Interval_7,Interval_7
Interval_2,Interval_11,Interval_10,Interval_9,Interval_7,Interval_7
Interval_2,Interval_11,Interval_9,Interval_9,Interval_7,Interval_7
Interval_2,Interval_11,Interval_9,Interval_9,Interval_7,Interval_7
Interval_2,Interval_11,Interval_9,Interval_9,Interval_7,Interval_7
Interval_2,Interval_11,Interval_9,Interval_9,Interval_7,Interval_7
Interval_2,Interval_11,Interval_9,Interval_9,Interval_7,Interval_7
Interval_2,Interval_11,Interval_9,Interval_9,Interval_7,Interval_7
Interval_2,Interval_11,Interval_9,Interval_9,Interval_7,Interval_7
Interval_2,Interval_11,Interval_10,Interval_9,Interval_7,Interval_7
Interval_2,Interval_11,Interval_10,Interval_9,Interval_7,Interval_7
Interval_2,Interval_11,Interval_10,Interval_9,Interval_7,Interval_7
Interval_2,Interval_11,Interval_10,Interval_9,Interval_7,Interval_7
Interval_2,Interval_11,Interval_10,Interval_9,Interval_7,Interval_7
Interval_2,Interval_11,Interval_10,Interval_9,Interval_7,Interval_7
Interval_2,Interval_11,Interval_10,Interval_9,Interval_7,Interval_7
Interval_2,Interval_11,Interval_10,Interval_9,Interval_7,Interval_7
Interval_2,Interval_11,Interval_10,Interval_9,Interval_7,Interval_7
Interval_2,Interval_11,Interval_10,Interval_9,Interval_7,Interval_7
Interval_2,Interval_11,Interval_10,Interval_9,Interval_7,Interval_7
Interval_2,Interval_11,Interval_10,Interval_9,Interval_7,Interval_7
Interval_2,Interval_11,Interval_10,Interval_9,Interval_7,Interval_7
Interval_2,Interval_11,Interval_10,Interval_9,Interval_7,Interval_7
Interval_2,Interval_11,Interval_9,Interval_9,Interval_7,Interval_7
Interval_2,Interval_10,Interval_9,Interval_8,Interval_7,Interval_7
Interval_2,Interval_11,Interval_10,Interval_8,Interval_7,Interval_7
Interval_2,Interval_11,Interval_10,Interval_8,Interval_7,Interval_7
Interval_2,Interval_11,Interval_10,Interval_8,Interval_7,Interval_7
Interval_2,Interval_11,Interval_11,Interval_8,Interval_7,Interval_7
Interval_2,Interval_11,Interval_11,Interval_8,Interval_7,Interval_7
Interval_2,Interval_11,Interval_12,Interval_9,Interval_7,Interval_7
Interval_2,Interval_11,Interval_12,Interval_9,Interval_7,Interval_7
Interval_2,Interval_11,Interval_12,Interval_9,Interval_7,Interval_7
Interval_2,Interval_11,Interval_11,Interval_9,Interval_7,Interval_7
Interval_2,Interval_11,Interval_10,Interval_10,Interval_7,Interval_7
Interval_2,Interval_10,Interval_8,Interval_9,Interval_7,Interval_7
Interval_2,Interval_11,Interval_9,Interval_8,Interval_7,Interval_7
Interval_2,Interval_11,Interval_9,Interval_8,Interval_7,Interval_7
Interval_2,Interval_11,Interval_9,Interval_8,Interval_7,Interval_7
Interval_2,Interval_10,Interval_9,Interval_8,Interval_7,Interval_7
Interval_2,Interval_10,Interval_9,Interval_8,Interval_7,Interval_7
Interval_2,Interval_11,Interval_11,Interval_8,Interval_7,Interval_7
Interval_2,Interval_11,Interval_11,Interval_8,Interval_7,Interval_7
Interval_2,Interval_11,Interval_12,Interval_8,Interval_7,Interval_7
Interval_2,Interval_12,Interval_12,Interval_9,Interval_7,Interval_7
Interval_2,Interval_11,Interval_12,Interval_9,Interval_7,Interval_7
Interval_2,Interval_11,Interval_12,Interval_9,Interval_7,Interval_7
Interval_2,Interval_11,Interval_10,Interval_10,Interval_7,Interval_7
Interval_2,Interval_10,Interval_9,Interval_9,Interval_7,Interval_7
Interval_2,Interval_10,Interval_8,Interval_9,Interval_7,Interval_7
Interval_2,Interval_11,Interval_9,Interval_9,Interval_7,Interval_7
Interval_2,Interval_11,Interval_9,Interval_8,Interval_7,Interval_7
Interval_2,Interval_11,Interval_9,Interval_9,Interval_7,Interval_7
Interval_2,Interval_10,Interval_9,Interval_8,Interval_7,Interval_7
Interval_2,Interval_10,Interval_9,Interval_8,Interval_7,Interval_7
Interval_2,Interval_11,Interval_10,Interval_8,Interval_7,Interval_7
Interval_2,Interval_11,Interval_11,Interval_9,Interval_7,Interval_7
Interval_2,Interval_11,Interval_12,Interval_9,Interval_7,Interval_7
Interval_2,Interval_12,Interval_12,Interval_9,Interval_7,Interval_7
Interval_2,Interval_11,Interval_11,Interval_9,Interval_7,Interval_7
Interval_2,Interval_11,Interval_11,Interval_9,Interval_7,Interval_7
Interval_2,Interval_11,Interval_10,Interval_9,Interval_7,Interval_7
Interval_2,Interval_10,Interval_9,Interval_9,Interval_7,Interval_7
Interval_2,Interval_10,Interval_8,Interval_9,Interval_7,Interval_7
Interval_2,Interval_11,Interval_9,Interval_9,Interval_7,Interval_7
Interval_2,Interval_11,Interval_9,Interval_9,Interval_7,Interval_7
Interval_2,Interval_11,Interval_8,Interval_8,Interval_7,Interval_7
Interval_2,Interval_10,Interval_8,Interval_8,Interval_7,Interval_7
Interval_2,Interval_11,Interval_9,Interval_8,Interval_7,Interval_7
Interval_2,Interval_11,Interval_10,Interval_8,Interval_7,Interval_7
Interval_2,Interval_11,Interval_11,Interval_9,Interval_6,Interval_7
Interval_2,Interval_12,Interval_12,Interval_9,Interval_7,Interval_7
Interval_2,Interval_12,Interval_12,Interval_9,Interval_7,Interval_7
Interval_2,Interval_11,Interval_11,Interval_9,Interval_7,Interval_7
Interval_2,Interval_11,Interval_10,Interval_9,Interval_7,Interval_7
Interval_2,Interval_11,Interval_10,Interval_9,Interval_7,Interval_7
Interval_2,Interval_10,Interval_8,Interval_8,Interval_7,Interval_7
Interval_2,Interval_11,Interval_9,Interval_9,Interval_7,Interval_7
Interval_2,Interval_11,Interval_9,Interval_9,Interval_7,Interval_7
Interval_2,Interval_11,Interval_9,Interval_9,Interval_7,Interval_7
Interval_2,Interval_10,Interval_8,Interval_8,Interval_7,Interval_7
Interval_2,Interval_10,Interval_9,Interval_8,Interval_7,Interval_7
Interval_2,Interval_11,Interval_10,Interval_9,Interval_7,Interval_7
Interval_2,Interval_11,Interval_11,Interval_8,Interval_7,Interval_7
Interval_2,Interval_12,Interval_11,Interval_9,Interval_7,Interval_7
Interval_2,Interval_11,Interval_11,Interval_9,Interval_7,Interval_7
Interval_2,Interval_11,Interval_11,Interval_9,Interval_7,Interval_7
Interval_2,Interval_11,Interval_10,Interval_9,Interval_7,Interval_7
Interval_2,Interval_11,Interval_9,Interval_9,Interval_7,Interval_7
Interval_2,Interval_10,Interval_8,Interval_8,Interval_7,Interval_7
Interval_2,Interval_11,Interval_9,Interval_9,Interval_7,Interval_7
Interval_2,Interval_11,Interval_9,Interval_9,Interval_7,Interval_7
Interval_2,Interval_11,Interval_9,Interval_9,Interval_7,Interval_7
Interval_2,Interval_11,Interval_8,Interval_9,Interval_7,Interval_7
Interval_2,Interval_10,Interval_8,Interval_8,Interval_7,Interval_7
Interval_2,Interval_11,Interval_9,Interval_8,Interval_7,Interval_7
Interval_2,Interval_11,Interval_10,Interval_8,Interval_7,Interval_7
Interval_2,Interval_11,Interval_11,Interval_8,Interval_7,Interval_7
Interval_2,Interval_12,Interval_12,Interval_9,Interval_7,Interval_7
Interval_2,Interval_12,Interval_11,Interval_9,Interval_7,Interval_7
Interval_2,Interval_11,Interval_11,Interval_9,Interval_7,Interval_7
Interval_2,Interval_11,Interval_11,Interval_9,Interval_7,Interval_7
Interval_2,Interval_11,Interval_10,Interval_9,Interval_7,Interval_7
Interval_2,Interval_10,Interval_9,Interval_9,Interval_7,Interval_7
Interval_2,Interval_10,Interval_8,Interval_9,Interval_7,Interval_7
Interval_2,Interval_11,Interval_9,Interval_8,Interval_7,Interval_7
Interval_2,Interval_11,Interval_9,Interval_9,Interval_7,Interval_7
Interval_2,Interval_11,Interval_9,Interval_9,Interval_7,Interval_7
Interval_2,Interval_11,Interval_9,Interval_9,Interval_7,Interval_7
Interval_2,Interval_10,Interval_8,Interval_8,Interval_7,Interval_7
Interval_2,Interval_11,Interval_9,Interval_8,Interval_7,Interval_7
Interval_2,Interval_11,Interval_10,Interval_8,Interval_7,Interval_7
Interval_2,Interval_11,Interval_11,Interval_8,Interval_7,Interval_7
Interval_2,Interval_12,Interval_12,Interval_9,Interval_7,Interval_7
Interval_2,Interval_12,Interval_11,Interval_8,Interval_7,Interval_7
Interval_2,Interval_11,Interval_11,Interval_9,Interval_7,Interval_7
Interval_2,Interval_11,Interval_11,Interval_9,Interval_7,Interval_7
Interval_2,Interval_11,Interval_10,Interval_9,Interval_7,Interval_7
Interval_2,Interval_11,Interval_9,Interval_9,Interval_7,Interval_7
Interval_2,Interval_10,Interval_8,Interval_8,Interval_7,Interval_7
Interval_2,Interval_11,Interval_10,Interval_9,Interval_7,Interval_7
Interval_2,Interval_11,Interval_9,Interval_9,Interval_7,Interval_7
Interval_2,Interval_11,Interval_9,Interval_9,Interval_7,Interval_7
Interval_2,Interval_11,Interval_9,Interval_9,Interval_6,Interval_7
Interval_2,Interval_10,Interval_8,Interval_9,Interval_7,Interval_7
Interval_2,Interval_10,Interval_9,Interval_8,Interval_7,Interval_7
Interval_2,Interval_11,Interval_10,Interval_8,Interval_7,Interval_7
Interval_2,Interval_11,Interval_10,Interval_8,Interval_7,Interval_7
Interval_2,Interval_12,Interval_11,Interval_9,Interval_7,Interval_7
Interval_2,Interval_12,Interval_11,Interval_9,Interval_7,Interval_7
Interval_2,Interval_11,Interval_11,Interval_8,Interval_7,Interval_7
Interval_2,Interval_11,Interval_11,Interval_9,Interval_7,Interval_7
Interval_2,Interval_11,Interval_10,Interval_10,Interval_7,Interval_7
Interval_2,Interval_11,Interval_9,Interval_9,Interval_7,Interval_7
Interval_2,Interval_10,Interval_8,Interval_8,Interval_7,Interval_7
Interval_2,Interval_11,Interval_9,Interval_8,Interval_7,Interval_7
Interval_2,Interval_11,Interval_9,Interval_9,Interval_7,Interval_7
Interval_2,Interval_11,Interval_9,Interval_9,Interval_7,Interval_7
Interval_2,Interval_11,Interval_9,Interval_9,Interval_7,Interval_7
Interval_2,Interval_11,Interval_9,Interval_8,Interval_7,Interval_7
Interval_2,Interval_10,Interval_8,Interval_8,Interval_7,Interval_7
Interval_2,Interval_10,Interval_9,Interval_8,Interval_7,Interval_7
Interval_2,Interval_11,Interval_11,Interval_9,Interval_7,Interval_7
Interval_2,Interval_11,Interval_11,Interval_9,Interval_7,Interval_7
Interval_2,Interval_11,Interval_11,Interval_8,Interval_7,Interval_7
Interval_2,Interval_10,Interval_10,Interval_9,Interval_7,Interval_7
Interval_2,Interval_10,Interval_10,Interval_8,Interval_7,Interval_7
Interval_2,Interval_10,Interval_11,Interval_8,Interval_7,Interval_7
Interval_2,Interval_11,Interval_12,Interval_9,Interval_7,Interval_7
Interval_2,Interval_11,Interval_12,Interval_8,Interval_7,Interval_7
Interval_2,Interval_11,Interval_13,Interval_9,Interval_7,Interval_7
Interval_2,Interval_11,Interval_13,Interval_9,Interval_7,Interval_7
Interval_2,Interval_11,Interval_12,Interval_9,Interval_7,Interval_7
Interval_2,Interval_11,Interval_12,Interval_9,Interval_7,Interval_7
Interval_2,Interval_10,Interval_11,Interval_9,Interval_7,Interval_7
Interval_2,Interval_10,Interval_9,Interval_9,Interval_7,Interval_7
Interval_2,Interval_10,Interval_9,Interval_9,Interval_7,Interval_7
Interval_2,Interval_11,Interval_10,Interval_9,Interval_7,Interval_7
Interval_2,Interval_11,Interval_10,Interval_9,Interval_7,Interval_7
Interval_2,Interval_11,Interval_10,Interval_9,Interval_7,Interval_7
Interval_2,Interval_10,Interval_9,Interval_8,Interval_7,Interval_7
Interval_2,Interval_10,Interval_10,Interval_8,Interval_7,Interval_7
Interval_2,Interval_11,Interval_11,Interval_8,Interval_7,Interval_7
Interval_2,Interval_11,Interval_12,Interval_8,Interval_7,Interval_7
Interval_2,Interval_11,Interval_13,Interval_8,Interval_7,Interval_7
Interval_2,Interval_11,Interval_13,Interval_9,Interval_7,Interval_7
Interval_2,Interval_11,Interval_12,Interval_9,Interval_7,Interval_7
Interval_2,Interval_11,Interval_12,Interval_9,Interval_7,Interval_7
Interval_2,Interval_10,Interval_11,Interval_9,Interval_7,Interval_7
Interval_2,Interval_10,Interval_8,Interval_9,Interval_7,Interval_7
Interval_2,Interval_11,Interval_9,Interval_9,Interval_6,Interval_7
Interval_2,Interval_11,Interval_10,Interval_8,Interval_7,Interval_7
Interval_2,Interval_11,Interval_10,Interval_9,Interval_7,Interval_7
Interval_2,Interval_11,Interval_9,Interval_8,Interval_7,Interval_7
Interval_2,Interval_10,Interval_9,Interval_8,Interval_7,Interval_7
Interval_2,Interval_10,Interval_10,Interval_8,Interval_7,Interval_7
Interval_2,Interval_11,Interval_11,Interval_8,Interval_7,Interval_7
Interval_2,Interval_11,Interval_12,Interval_9,Interval_7,Interval_7
Interval_2,Interval_12,Interval_13,Interval_9,Interval_7,Interval_7
Interval_2,Interval_11,Interval_12,Interval_8,Interval_7,Interval_7
Interval_2,Interval_11,Interval_12,Interval_9,Interval_7,Interval_7
Interval_2,Interval_11,Interval_11,Interval_9,Interval_7,Interval_7
Interval_2,Interval_10,Interval_10,Interval_9,Interval_7,Interval_7
Interval_2,Interval_9,Interval_8,Interval_9,Interval_7,Interval_7
Interval_2,Interval_11,Interval_10,Interval_9,Interval_7,Interval_7
Interval_2,Interval_11,Interval_10,Interval_8,Interval_7,Interval_7
Interval_2,Interval_11,Interval_10,Interval_9,Interval_7,Interval_7
Interval_2,Interval_10,Interval_9,Interval_8,Interval_7,Interval_7
Interval_2,Interval_10,Interval_9,Interval_8,Interval_7,Interval_7
Interval_2,Interval_11,Interval_10,Interval_8,Interval_7,Interval_7
Interval_2,Interval_11,Interval_11,Interval_8,Interval_7,Interval_7
Interval_2,Interval_11,Interval_12,Interval_9,Interval_7,Interval_7
Interval_2,Interval_12,Interval_13,Interval_9,Interval_7,Interval_7
Interval_2,Interval_11,Interval_12,Interval_9,Interval_7,Interval_7
Interval_2,Interval_11,Interval_12,Interval_9,Interval_7,Interval_7
Interval_2,Interval_11,Interval_11,Interval_9,Interval_7,Interval_7
Interval_2,Interval_11,Interval_10,Interval_9,Interval_7,Interval_7
Interval_2,Interval_10,Interval_9,Interval_9,Interval_7,Interval_7
Interval_2,Interval_11,Interval_9,Interval_9,Interval_7,Interval_7
Interval_2,Interval_11,Interval_10,Interval_8,Interval_7,Interval_7
Interval_2,Interval_11,Interval_10,Interval_9,Interval_7,Interval_7
Interval_2,Interval_11,Interval_10,Interval_9,Interval_7,Interval_7
Interval_2,Interval_10,Interval_9,Interval_8,Interval_7,Interval_7
Interval_2,Interval_10,Interval_9,Interval_8,Interval_7,Interval_7
Interval_2,Interval_11,Interval_11,Interval_8,Interval_7,Interval_7
Interval_2,Interval_11,Interval_12,Interval_8,Interval_7,Interval_7
Interval_2,Interval_11,Interval_13,Interval_9,Interval_7,Interval_7
Interval_2,Interval_11,Interval_13,Interval_9,Interval_6,Interval_7
Interval_2,Interval_11,Interval_13,Interval_9,Interval_7,Interval_7
Interval_2,Interval_10,Interval_12,Interval_9,Interval_7,Interval_7
Interval_2,Interval_11,Interval_12,Interval_9,Interval_7,Interval_7
Interval_2,Interval_11,Interval_11,Interval_10,Interval_7,Interval_7
Interval_2,Interval_10,Interval_9,Interval_9,Interval_7,Interval_7
Interval_2,Interval_11,Interval_9,Interval_8,Interval_7,Interval_7
Interval_2,Interval_11,Interval_10,Interval_8,Interval_7,Interval_7
Interval_2,Interval_11,Interval_10,Interval_9,Interval_7,Interval_7
Interval_2,Interval_11,Interval_10,Interval_9,Interval_7,Interval_7
Interval_2,Interval_11,Interval_10,Interval_9,Interval_7,Interval_7
Interval_2,Interval_11,Interval_10,Interval_8,Interval_7,Interval_7
Interval_2,Interval_11,Interval_10,Interval_9,Interval_7,Interval_7
Interval_2,Interval_11,Interval_10,Interval_9,Interval_7,Interval_7
Interval_2,Interval_11,Interval_10,Interval_9,Interval_7,Interval_7
Interval_2,Interval_12,Interval_5,Interval_9,Interval_7,Interval_7
Interval_2,Interval_12,Interval_5,Interval_9,Interval_7,Interval_7
Interval_2,Interval_12,Interval_5,Interval_9,Interval_7,Interval_7
Interval_2,Interval_12,Interval_5,Interval_9,Interval_7,Interval_7
Interval_2,Interval_12,Interval_5,Interval_9,Interval_7,Interval_7
Interval_2,Interval_12,Interval_5,Interval_9,Interval_7,Interval_7
Interval_2,Interval_12,Interval_5,Interval_9,Interval_7,Interval_7
Interval_2,Interval_12,Interval_5,Interval_9,Interval_7,Interval_7
Interval_2,Interval_12,Interval_5,Interval_9,Interval_7,Interval_7
Interval_2,Interval_12,Interval_5,Interval_9,Interval_7,Interval_7
Interval_2,Interval_12,Interval_5,Interval_9,Interval_7,Interval_7
Interval_2,Interval_11,Interval_5,Interval_9,Interval_7,Interval_7
Interval_2,Interval_11,Interval_4,Interval_10,Interval_7,Interval_7
Interval_2,Interval_11,Interval_4,Interval_9,Interval_6,Interval_7
Interval_2,Interval_11,Interval_4,Interval_9,Interval_6,Interval_7
Interval_2,Interval_12,Interval_4,Interval_8,Interval_6,Interval_7
Interval_2,Interval_12,Interval_4,Interval_9,Interval_7,Interval_7
Interval_2,Interval_12,Interval_4,Interval_8,Interval_7,Interval_7
Interval_2,Interval_12,Interval_4,Interval_9,Interval_7,Interval_7
Interval_2,Interval_12,Interval_4,Interval_8,Interval_7,Interval_7
Interval_2,Interval_11,Interval_5,Interval_8,Interval_7,Interval_7
Interval_2,Interval_11,Interval_5,Interval_9,Interval_6,Interval_7
Interval_2,Interval_12,Interval_5,Interval_9,Interval_7,Interval_7
Interval_2,Interval_11,Interval_5,Interval_9,Interval_7,Interval_7
Interval_2,Interval_11,Interval_5,Interval_9,Interval_7,Interval_7
Interval_2,Interval_11,Interval_4,Interval_9,Interval_7,Interval_7
Interval_2,Interval_12,Interval_4,Interval_9,Interval_6,Interval_7
Interval_2,Interval_12,Interval_4,Interval_8,Interval_6,Interval_7
Interval_2,Interval_12,Interval_4,Interval_9,Interval_7,Interval_7
Interval_2,Interval_12,Interval_4,Interval_9,Interval_7,Interval_7
Interval_2,Interval_12,Interval_4,Interval_9,Interval_7,Interval_7
Interval_2,Interval_12,Interval_4,Interval_7,Interval_7,Interval_7
Interval_2,Interval_10,Interval_5,Interval_8,Interval_7,Interval_7
Interval_2,Interval_11,Interval_5,Interval_9,Interval_6,Interval_7
Interval_2,Interval_12,Interval_5,Interval_9,Interval_7,Interval_7
Interval_2,Interval_12,Interval_5,Interval_9,Interval_7,Interval_7
Interval_2,Interval_11,Interval_5,Interval_9,Interval_7,Interval_7
Interval_2,Interval_11,Interval_4,Interval_9,Interval_7,Interval_7
Interval_2,Interval_12,Interval_4,Interval_9,Interval_6,Interval_7
Interval_2,Interval_12,Interval_4,Interval_8,Interval_6,Interval_7
Interval_2,Interval_13,Interval_4,Interval_9,Interval_7,Interval_7
Interval_2,Interval_12,Interval_5,Interval_9,Interval_7,Interval_7
Interval_2,Interval_12,Interval_4,Interval_9,Interval_7,Interval_7
Interval_2,Interval_11,Interval_4,Interval_7,Interval_7,Interval_7
Interval_2,Interval_10,Interval_5,Interval_8,Interval_6,Interval_7
Interval_2,Interval_12,Interval_5,Interval_9,Interval_7,Interval_7
Interval_2,Interval_11,Interval_5,Interval_9,Interval_7,Interval_7
Interval_2,Interval_12,Interval_5,Interval_9,Interval_7,Interval_7
Interval_2,Interval_11,Interval_5,Interval_9,Interval_7,Interval_7
Interval_2,Interval_11,Interval_4,Interval_9,Interval_7,Interval_7
Interval_2,Interval_12,Interval_4,Interval_9,Interval_6,Interval_7
Interval_2,Interval_12,Interval_4,Interval_8,Interval_6,Interval_7
Interval_2,Interval_12,Interval_4,Interval_9,Interval_7,Interval_7
Interval_2,Interval_12,Interval_4,Interval_9,Interval_7,Interval_7
Interval_2,Interval_12,Interval_4,Interval_9,Interval_7,Interval_7
Interval_2,Interval_12,Interval_4,Interval_8,Interval_7,Interval_7
Interval_2,Interval_10,Interval_5,Interval_8,Interval_7,Interval_7
Interval_2,Interval_11,Interval_5,Interval_9,Interval_7,Interval_7
Interval_2,Interval_11,Interval_5,Interval_9,Interval_7,Interval_7
Interval_2,Interval_12,Interval_5,Interval_9,Interval_7,Interval_7
Interval_2,Interval_11,Interval_5,Interval_9,Interval_7,Interval_7
Interval_2,Interval_11,Interval_4,Interval_10,Interval_7,Interval_7
Interval_2,Interval_12,Interval_4,Interval_8,Interval_6,Interval_7
Interval_2,Interval_12,Interval_4,Interval_8,Interval_6,Interval_7
Interval_2,Interval_12,Interval_4,Interval_9,Interval_7,Interval_7
Interval_2,Interval_12,Interval_4,Interval_9,Interval_7,Interval_7
Interval_2,Interval_12,Interval_4,Interval_8,Interval_7,Interval_7
Interval_2,Interval_11,Interval_5,Interval_7,Interval_7,Interval_7
Interval_2,Interval_10,Interval_5,Interval_9,Interval_6,Interval_7
Interval_2,Interval_12,Interval_4,Interval_7,Interval_7,Interval_7
Interval_2,Interval_10,Interval_5,Interval_8,Interval_7,Interval_7
Interval_2,Interval_12,Interval_5,Interval_9,Interval_7,Interval_7
Interval_2,Interval_11,Interval_5,Interval_9,Interval_7,Interval_7
Interval_2,Interval_11,Interval_5,Interval_9,Interval_7,Interval_7
Interval_2,Interval_11,Interval_4,Interval_9,Interval_6,Interval_7
Interval_2,Interval_11,Interval_4,Interval_9,Interval_7,Interval_7
Interval_2,Interval_11,Interval_4,Interval_8,Interval_6,Interval_7
Interval_2,Interval_13,Interval_4,Interval_8,Interval_6,Interval_7
Interval_2,Interval_13,Interval_4,Interval_9,Interval_7,Interval_7
Interval_2,Interval_12,Interval_4,Interval_8,Interval_7,Interval_7
Interval_2,Interval_12,Interval_4,Interval_8,Interval_7,Interval_7
Interval_2,Interval_10,Interval_5,Interval_8,Interval_7,Interval_7
Interval_2,Interval_12,Interval_5,Interval_9,Interval_7,Interval_7
Interval_2,Interval_12,Interval_5,Interval_9,Interval_7,Interval_7
Interval_2,Interval_12,Interval_5,Interval_9,Interval_7,Interval_7
Interval_2,Interval_11,Interval_5,Interval_9,Interval_7,Interval_7
Interval_2,Interval_11,Interval_4,Interval_9,Interval_7,Interval_7
Interval_2,Interval_11,Interval_4,Interval_9,Interval_6,Interval_7
Interval_2,Interval_12,Interval_4,Interval_8,Interval_6,Interval_7
Interval_2,Interval_13,Interval_5,Interval_9,Interval_7,Interval_7
Interval_2,Interval_12,Interval_4,Interval_9,Interval_7,Interval_7
Interval_2,Interval_12,Interval_4,Interval_8,Interval_7,Interval_7
Interval_2,Interval_11,Interval_5,Interval_8,Interval_7,Interval_7
Interval_2,Interval_10,Interval_5,Interval_9,Interval_6,Interval_7
Interval_2,Interval_12,Interval_5,Interval_9,Interval_7,Interval_7
Interval_2,Interval_11,Interval_5,Interval_9,Interval_7,Interval_7
Interval_2,Interval_11,Interval_5,Interval_9,Interval_7,Interval_7
Interval_2,Interval_11,Interval_4,Interval_9,Interval_6,Interval_7
Interval_2,Interval_11,Interval_4,Interval_9,Interval_7,Interval_7
Interval_2,Interval_11,Interval_4,Interval_9,Interval_6,Interval_7
Interval_2,Interval_12,Interval_4,Interval_8,Interval_6,Interval_7
Interval_2,Interval_13,Interval_4,Interval_9,Interval_7,Interval_7
Interval_2,Interval_12,Interval_4,Interval_8,Interval_7,Interval_7
Interval_2,Interval_11,Interval_4,Interval_8,Interval_7,Interval_7
Interval_2,Interval_11,Interval_5,Interval_8,Interval_7,Interval_7
Interval_2,Interval_11,Interval_5,Interval_9,Interval_6,Interval_7
Interval_2,Interval_12,Interval_5,Interval_9,Interval_7,Interval_7
Interval_2,Interval_12,Interval_5,Interval_9,Interval_7,Interval_7
Interval_2,Interval_12,Interval_5,Interval_9,Interval_7,Interval_7
Interval_2,Interval_12,Interval_5,Interval_9,Interval_7,Interval_7
Interval_2,Interval_12,Interval_5,Interval_9,Interval_7,Interval_7
Interval_2,Interval_12,Interval_5,Interval_9,Interval_7,Interval_7
Interval_2,Interval_12,Interval_5,Interval_9,Interval_7,Interval_7
Interval_2,Interval_12,Interval_5,Interval_9,Interval_7,Interval_7
Interval_2,Interval_12,Interval_5,Interval_9,Interval_7,Interval_7
Interval_2,Interval_12,Interval_5,Interval_9,Interval_7,Interval_7
Interval_2,Interval_11,Interval_5,Interval_9,Interval_7,Interval_7
Interval_2,Interval_11,Interval_4,Interval_9,Interval_7,Interval_7
Interval_2,Interval_11,Interval_4,Interval_9,Interval_7,Interval_7
Interval_2,Interval_11,Interval_4,Interval_9,Interval_7,Interval_7
Interval_2,Interval_12,Interval_3,Interval_8,Interval_6,Interval_7
Interval_2,Interval_12,Interval_4,Interval_8,Interval_6,Interval_7
Interval_2,Interval_12,Interval_4,Interval_8,Interval_7,Interval_7
Interval_2,Interval_12,Interval_4,Interval_9,Interval_7,Interval_7
Interval_2,Interval_13,Interval_4,Interval_9,Interval_7,Interval_7
Interval_2,Interval_11,Interval_4,Interval_8,Interval_7,Interval_7
Interval_2,Interval_10,Interval_4,Interval_8,Interval_7,Interval_7
Interval_2,Interval_11,Interval_5,Interval_9,Interval_7,Interval_7
Interval_2,Interval_12,Interval_5,Interval_9,Interval_7,Interval_7
Interval_2,Interval_11,Interval_5,Interval_9,Interval_7,Interval_7
Interval_2,Interval_11,Interval_4,Interval_10,Interval_7,Interval_7
Interval_2,Interval_11,Interval_4,Interval_9,Interval_7,Interval_7
Interval_2,Interval_12,Interval_4,Interval_8,Interval_6,Interval_7
Interval_2,Interval_13,Interval_4,Interval_8,Interval_7,Interval_7
Interval_2,Interval_11,Interval_4,Interval_9,Interval_7,Interval_7
Interval_2,Interval_13,Interval_4,Interval_9,Interval_7,Interval_7
Interval_2,Interval_12,Interval_4,Interval_8,Interval_7,Interval_7
Interval_2,Interval_10,Interval_5,Interval_8,Interval_7,Interval_7
Interval_2,Interval_11,Interval_5,Interval_9,Interval_7,Interval_7
Interval_2,Interval_12,Interval_5,Interval_9,Interval_7,Interval_7
Interval_2,Interval_11,Interval_5,Interval_9,Interval_7,Interval_7
Interval_2,Interval_11,Interval_4,Interval_10,Interval_7,Interval_7
Interval_2,Interval_11,Interval_4,Interval_9,Interval_7,Interval_7
Interval_2,Interval_12,Interval_4,Interval_8,Interval_6,Interval_7
Interval_2,Interval_13,Interval_4,Interval_8,Interval_7,Interval_7
Interval_2,Interval_12,Interval_4,Interval_9,Interval_7,Interval_7
Interval_2,Interval_13,Interval_4,Interval_9,Interval_7,Interval_7
Interval_2,Interval_12,Interval_4,Interval_8,Interval_7,Interval_7
Interval_2,Interval_10,Interval_5,Interval_7,Interval_7,Interval_7
Interval_2,Interval_11,Interval_5,Interval_9,Interval_6,Interval_7
Interval_2,Interval_11,Interval_5,Interval_9,Interval_7,Interval_7
Interval_2,Interval_11,Interval_5,Interval_9,Interval_7,Interval_7
Interval_2,Interval_11,Interval_4,Interval_10,Interval_7,Interval_7
Interval_2,Interval_11,Interval_4,Interval_9,Interval_7,Interval_7
Interval_2,Interval_12,Interval_4,Interval_8,Interval_6,Interval_7
Interval_2,Interval_12,Interval_4,Interval_8,Interval_6,Interval_7
Interval_2,Interval_12,Interval_4,Interval_9,Interval_7,Interval_7
Interval_2,Interval_12,Interval_4,Interval_9,Interval_7,Interval_7
Interval_2,Interval_12,Interval_4,Interval_9,Interval_7,Interval_7
Interval_2,Interval_12,Interval_4,Interval_7,Interval_7,Interval_7
Interval_2,Interval_9,Interval_5,Interval_8,Interval_7,Interval_7
Interval_2,Interval_12,Interval_5,Interval_9,Interval_6,Interval_7
Interval_2,Interval_11,Interval_5,Interval_9,Interval_7,Interval_7
Interval_2,Interval_11,Interval_5,Interval_9,Interval_7,Interval_7
Interval_2,Interval_11,Interval_4,Interval_10,Interval_7,Interval_7
Interval_2,Interval_11,Interval_3,Interval_9,Interval_6,Interval_7
Interval_2,Interval_12,Interval_4,Interval_8,Interval_6,Interval_7
Interval_2,Interval_12,Interval_4,Interval_8,Interval_7,Interval_7
Interval_2,Interval_12,Interval_4,Interval_9,Interval_7,Interval_7
Interval_2,Interval_13,Interval_4,Interval_9,Interval_7,Interval_7
Interval_2,Interval_11,Interval_4,Interval_8,Interval_7,Interval_7
Interval_2,Interval_10,Interval_5,Interval_8,Interval_7,Interval_7
Interval_2,Interval_11,Interval_5,Interval_9,Interval_6,Interval_7
Interval_2,Interval_11,Interval_5,Interval_9,Interval_7,Interval_7
Interval_2,Interval_11,Interval_5,Interval_9,Interval_7,Interval_7
Interval_2,Interval_11,Interval_4,Interval_9,Interval_7,Interval_7
Interval_2,Interval_12,Interval_4,Interval_9,Interval_6,Interval_7
Interval_2,Interval_12,Interval_4,Interval_8,Interval_6,Interval_7
Interval_2,Interval_13,Interval_4,Interval_8,Interval_7,Interval_7
Interval_2,Interval_12,Interval_4,Interval_9,Interval_7,Interval_7
Interval_2,Interval_13,Interval_5,Interval_9,Interval_7,Interval_7
Interval_2,Interval_12,Interval_4,Interval_9,Interval_7,Interval_7
Interval_2,Interval_12,Interval_4,Interval_7,Interval_7,Interval_7
Interval_2,Interval_10,Interval_5,Interval_9,Interval_6,Interval_7
Interval_2,Interval_12,Interval_5,Interval_9,Interval_7,Interval_7
Interval_2,Interval_11,Interval_5,Interval_9,Interval_7,Interval_7
Interval_2,Interval_11,Interval_4,Interval_9,Interval_7,Interval_7
Interval_2,Interval_11,Interval_4,Interval_9,Interval_7,Interval_7
Interval_2,Interval_11,Interval_4,Interval_8,Interval_6,Interval_7
Interval_2,Interval_12,Interval_5,Interval_8,Interval_6,Interval_7
Interval_2,Interval_13,Interval_4,Interval_8,Interval_7,Interval_7
Interval_2,Interval_12,Interval_5,Interval_8,Interval_7,Interval_7
Interval_2,Interval_13,Interval_5,Interval_9,Interval_7,Interval_7
Interval_2,Interval_12,Interval_4,Interval_9,Interval_7,Interval_7
Interval_2,Interval_11,Interval_4,Interval_7,Interval_7,Interval_7
Interval_2,Interval_10,Interval_5,Interval_9,Interval_6,Interval_7
Interval_2,Interval_12,Interval_5,Interval_9,Interval_7,Interval_7
Interval_2,Interval_11,Interval_5,Interval_9,Interval_7,Interval_7
Interval_2,Interval_11,Interval_5,Interval_9,Interval_7,Interval_7
Interval_2,Interval_11,Interval_4,Interval_9,Interval_6,Interval_7
Interval_2,Interval_12,Interval_4,Interval_8,Interval_6,Interval_7
Interval_2,Interval_12,Interval_4,Interval_8,Interval_7,Interval_7
Interval_2,Interval_13,Interval_4,Interval_9,Interval_7,Interval_7
Interval_2,Interval_12,Interval_4,Interval_9,Interval_7,Interval_7
Interval_2,Interval_12,Interval_4,Interval_9,Interval_7,Interval_7
Interval_2,Interval_12,Interval_4,Interval_8,Interval_7,Interval_7
Interval_2,Interval_11,Interval_4,Interval_8,Interval_7,Interval_7
Interval_2,Interval_10,Interval_5,Interval_9,Interval_6,Interval_7
Interval_2,Interval_12,Interval_5,Interval_9,Interval_7,Interval_7
Interval_2,Interval_12,Interval_5,Interval_9,Interval_7,Interval_7
Interval_2,Interval_11,Interval_5,Interval_9,Interval_6,Interval_7
Interval_2,Interval_11,Interval_4,Interval_10,Interval_7,Interval_7
Interval_2,Interval_12,Interval_4,Interval_9,Interval_7,Interval_7
Interval_2,Interval_12,Interval_4,Interval_8,Interval_6,Interval_7
Interval_2,Interval_12,Interval_4,Interval_9,Interval_7,Interval_7
Interval_2,Interval_12,Interval_4,Interval_8,Interval_7,Interval_7
Interval_2,Interval_13,Interval_4,Interval_9,Interval_7,Interval_7
Interval_2,Interval_12,Interval_4,Interval_8,Interval_7,Interval_7
Interval_2,Interval_11,Interval_5,Interval_8,Interval_7,Interval_7
Interval_2,Interval_10,Interval_5,Interval_8,Interval_6,Interval_7
Interval_2,Interval_12,Interval_5,Interval_9,Interval_7,Interval_7
Interval_2,Interval_11,Interval_5,Interval_9,Interval_7,Interval_7
Interval_2,Interval_11,Interval_5,Interval_9,Interval_7,Interval_7
Interval_2,Interval_11,Interval_4,Interval_9,Interval_7,Interval_7
Interval_2,Interval_11,Interval_4,Interval_9,Interval_6,Interval_7
Interval_2,Interval_12,Interval_4,Interval_8,Interval_6,Interval_7
Interval_2,Interval_13,Interval_5,Interval_8,Interval_7,Interval_7
Interval_2,Interval_12,Interval_5,Interval_9,Interval_7,Interval_7
Interval_2,Interval_13,Interval_5,Interval_9,Interval_7,Interval_7
Interval_2,Interval_12,Interval_4,Interval_9,Interval_7,Interval_7
Interval_2,Interval_11,Interval_4,Interval_8,Interval_7,Interval_7
Interval_2,Interval_11,Interval_4,Interval_8,Interval_7,Interval_7
Interval_2,Interval_11,Interval_5,Interval_9,Interval_6,Interval_7
Interval_2,Interval_12,Interval_5,Interval_9,Interval_7,Interval_7
Interval_2,Interval_12,Interval_5,Interval_9,Interval_7,Interval_7
Interval_2,Interval_12,Interval_5,Interval_9,Interval_7,Interval_7
Interval_2,Interval_12,Interval_5,Interval_9,Interval_7,Interval_7
Interval_2,Interval_12,Interval_5,Interval_9,Interval_7,Interval_7
Interval_2,Interval_12,Interval_5,Interval_9,Interval_7,Interval_7
Interval_2,Interval_12,Interval_5,Interval_9,Interval_7,Interval_7
Interval_2,Interval_7,Interval_4,Interval_9,Interval_7,Interval_7
Interval_2,Interval_7,Interval_4,Interval_9,Interval_7,Interval_7
Interval_2,Interval_7,Interval_4,Interval_9,Interval_7,Interval_7
Interval_2,Interval_7,Interval_4,Interval_9,Interval_7,Interval_7
Interval_2,Interval_7,Interval_4,Interval_9,Interval_7,Interval_7
Interval_2,Interval_7,Interval_5,Interval_9,Interval_7,Interval_7
Interval_2,Interval_7,Interval_5,Interval_10,Interval_8,Interval_7
Interval_2,Interval_7,Interval_6,Interval_9,Interval_8,Interval_7
Interval_2,Interval_7,Interval_7,Interval_8,Interval_7,Interval_7
Interval_2,Interval_7,Interval_7,Interval_9,Interval_7,Interval_7
Interval_2,Interval_7,Interval_7,Interval_9,Interval_7,Interval_7
Interval_2,Interval_7,Interval_7,Interval_9,Interval_7,Interval_7
Interval_2,Interval_7,Interval_7,Interval_9,Interval_7,Interval_7
Interval_2,Interval_7,Interval_7,Interval_9,Interval_7,Interval_7
Interval_2,Interval_6,Interval_8,Interval_8,Interval_7,Interval_7
Interval_2,Interval_7,Interval_8,Interval_9,Interval_7,Interval_7
Interval_2,Interval_7,Interval_9,Interval_9,Interval_6,Interval_7
Interval_2,Interval_7,Interval_9,Interval_8,Interval_10,Interval_7
Interval_2,Interval_6,Interval_11,Interval_8,Interval_8,Interval_7
Interval_2,Interval_6,Interval_11,Interval_8,Interval_6,Interval_7
Interval_2,Interval_6,Interval_11,Interval_8,Interval_7,Interval_7
Interval_2,Interval_5,Interval_11,Interval_8,Interval_7,Interval_7
Interval_2,Interval_5,Interval_11,Interval_9,Interval_7,Interval_7
Interval_2,Interval_6,Interval_11,Interval_9,Interval_6,Interval_7
Interval_2,Interval_6,Interval_11,Interval_8,Interval_7,Interval_7
Interval_2,Interval_5,Interval_11,Interval_9,Interval_7,Interval_7
Interval_2,Interval_6,Interval_11,Interval_9,Interval_7,Interval_7
Interval_2,Interval_6,Interval_11,Interval_9,Interval_7,Interval_7
Interval_2,Interval_6,Interval_11,Interval_9,Interval_7,Interval_7
Interval_2,Interval_6,Interval_11,Interval_9,Interval_7,Interval_7
Interval_2,Interval_6,Interval_11,Interval_9,Interval_7,Interval_7
Interval_2,Interval_6,Interval_11,Interval_9,Interval_7,Interval_7
Interval_2,Interval_6,Interval_11,Interval_9,Interval_7,Interval_7
Interval_2,Interval_6,Interval_11,Interval_9,Interval_7,Interval_7
Interval_2,Interval_6,Interval_11,Interval_9,Interval_7,Interval_7
Interval_2,Interval_6,Interval_11,Interval_9,Interval_7,Interval_7
Interval_2,Interval_6,Interval_11,Interval_9,Interval_7,Interval_7
Interval_2,Interval_6,Interval_11,Interval_9,Interval_7,Interval_7
Interval_2,Interval_6,Interval_11,Interval_9,Interval_7,Interval_7
Interval_2,Interval_6,Interval_11,Interval_9,Interval_7,Interval_7
Interval_2,Interval_6,Interval_11,Interval_9,Interval_7,Interval_7
Interval_2,Interval_6,Interval_11,Interval_9,Interval_7,Interval_7
Interval_2,Interval_6,Interval_11,Interval_9,Interval_7,Interval_7
Interval_2,Interval_6,Interval_11,Interval_9,Interval_7,Interval_7
Interval_2,Interval_6,Interval_11,Interval_9,Interval_7,Interval_7
Interval_2,Interval_6,Interval_11,Interval_9,Interval_7,Interval_7
Interval_2,Interval_6,Interval_11,Interval_8,Interval_7,Interval_7
Interval_2,Interval_6,Interval_11,Interval_9,Interval_7,Interval_7
Interval_2,Interval_6,Interval_11,Interval_9,Interval_7,Interval_7
Interval_2,Interval_6,Interval_11,Interval_9,Interval_7,Interval_7
Interval_2,Interval_6,Interval_11,Interval_9,Interval_7,Interval_7
Interval_2,Interval_6,Interval_11,Interval_9,Interval_7,Interval_7
Interval_2,Interval_6,Interval_11,Interval_9,Interval_7,Interval_7
Interval_2,Interval_6,Interval_11,Interval_8,Interval_7,Interval_7
Interval_2,Interval_6,Interval_11,Interval_9,Interval_6,Interval_7
Interval_2,Interval_6,Interval_9,Interval_8,Interval_2,Interval_7
Interval_2,Interval_6,Interval_6,Interval_8,Interval_4,Interval_7
Interval_2,Interval_6,Interval_4,Interval_9,Interval_7,Interval_7
Interval_2,Interval_6,Interval_5,Interval_9,Interval_8,Interval_7
Interval_2,Interval_6,Interval_6,Interval_8,Interval_6,Interval_7
Interval_2,Interval_6,Interval_5,Interval_9,Interval_5,Interval_7
Interval_2,Interval_6,Interval_3,Interval_8,Interval_6,Interval_7
Interval_2,Interval_6,Interval_3,Interval_9,Interval_7,Interval_7
Interval_2,Interval_6,Interval_3,Interval_9,Interval_7,Interval_7
Interval_2,Interval_6,Interval_4,Interval_9,Interval_7,Interval_7
Interval_2,Interval_6,Interval_4,Interval_9,Interval_7,Interval_7
Interval_2,Interval_7,Interval_4,Interval_9,Interval_7,Interval_7
Interval_2,Interval_7,Interval_4,Interval_9,Interval_7,Interval_7
Interval_2,Interval_7,Interval_4,Interval_8,Interval_7,Interval_7
Interval_2,Interval_7,Interval_4,Interval_8,Interval_7,Interval_7
Interval_2,Interval_7,Interval_5,Interval_9,Interval_8,Interval_7
Interval_2,Interval_7,Interval_7,Interval_11,Interval_8,Interval_7
Interval_2,Interval_6,Interval_6,Interval_12,Interval_7,Interval_7
Interval_2,Interval_6,Interval_5,Interval_9,Interval_8,Interval_8
Interval_2,Interval_4,Interval_7,Interval_7,Interval_9,Interval_8
Interval_2,Interval_3,Interval_9,Interval_7,Interval_12,Interval_7
Interval_2,Interval_3,Interval_9,Interval_9,Interval_6,Interval_7
Interval_2,Interval_3,Interval_9,Interval_9,Interval_7,Interval_7
Interval_2,Interval_3,Interval_8,Interval_9,Interval_6,Interval_7
Interval_2,Interval_3,Interval_9,Interval_8,Interval_6,Interval_7
Interval_2,Interval_3,Interval_9,Interval_8,Interval_7,Interval_7
Interval_2,Interval_3,Interval_9,Interval_9,Interval_7,Interval_7
Interval_2,Interval_3,Interval_8,Interval_9,Interval_7,Interval_7
Interval_2,Interval_3,Interval_9,Interval_9,Interval_6,Interval_7
Interval_2,Interval_3,Interval_8,Interval_9,Interval_7,Interval_7
Interval_2,Interval_3,Interval_9,Interval_9,Interval_6,Interval_7
Interval_2,Interval_3,Interval_8,Interval_8,Interval_7,Interval_7
Interval_2,Interval_3,Interval_9,Interval_8,Interval_7,Interval_7
Interval_2,Interval_3,Interval_8,Interval_9,Interval_7,Interval_7
Interval_2,Interval_3,Interval_8,Interval_9,Interval_7,Interval_7
Interval_2,Interval_3,Interval_8,Interval_9,Interval_7,Interval_7
Interval_2,Interval_3,Interval_9,Interval_9,Interval_7,Interval_7
Interval_2,Interval_3,Interval_9,Interval_9,Interval_7,Interval_7
Interval_2,Interval_3,Interval_10,Interval_10,Interval_5,Interval_7
Interval_2,Interval_4,Interval_9,Interval_10,Interval_4,Interval_7
Interval_2,Interval_5,Interval_8,Interval_9,Interval_7,Interval_7
Interval_2,Interval_6,Interval_9,Interval_7,Interval_6,Interval_7
Interval_2,Interval_6,Interval_9,Interval_7,Interval_4,Interval_7
Interval_2,Interval_6,Interval_7,Interval_8,Interval_4,Interval_7
Interval_2,Interval_6,Interval_4,Interval_8,Interval_5,Interval_7
Interval_2,Interval_6,Interval_3,Interval_8,Interval_8,Interval_7
Interval_2,Interval_6,Interval_4,Interval_9,Interval_7,Interval_7
Interval_2,Interval_6,Interval_4,Interval_9,Interval_7,Interval_7
Interval_2,Interval_6,Interval_5,Interval_9,Interval_7,Interval_7
Interval_2,Interval_6,Interval_5,Interval_9,Interval_7,Interval_7
Interval_2,Interval_6,Interval_5,Interval_9,Interval_7,Interval_7
Interval_2,Interval_6,Interval_5,Interval_9,Interval_7,Interval_7
Interval_2,Interval_6,Interval_5,Interval_9,Interval_7,Interval_7
Interval_2,Interval_6,Interval_6,Interval_9,Interval_7,Interval_7
Interval_2,Interval_6,Interval_5,Interval_9,Interval_7,Interval_7
Interval_2,Interval_6,Interval_5,Interval_9,Interval_7,Interval_7
Interval_2,Interval_6,Interval_6,Interval_9,Interval_7,Interval_7
Interval_2,Interval_6,Interval_6,Interval_9,Interval_7,Interval_7
Interval_2,Interval_6,Interval_6,Interval_9,Interval_7,Interval_7
Interval_2,Interval_6,Interval_6,Interval_9,Interval_7,Interval_7
Interval_2,Interval_6,Interval_6,Interval_9,Interval_7,Interval_7
Interval_2,Interval_6,Interval_6,Interval_9,Interval_7,Interval_7
Interval_2,Interval_6,Interval_6,Interval_9,Interval_7,Interval_7
Interval_2,Interval_7,Interval_6,Interval_7,Interval_6,Interval_7
Interval_2,Interval_9,Interval_7,Interval_5,Interval_6,Interval_7
Interval_2,Interval_10,Interval_8,Interval_8,Interval_8,Interval_7
Interval_2,Interval_11,Interval_9,Interval_9,Interval_6,Interval_7
Interval_2,Interval_11,Interval_8,Interval_9,Interval_4,Interval_7
Interval_2,Interval_11,Interval_8,Interval_9,Interval_4,Interval_7
Interval_2,Interval_11,Interval_7,Interval_9,Interval_9,Interval_7
Interval_2,Interval_11,Interval_8,Interval_9,Interval_11,Interval_7
Interval_2,Interval_10,Interval_9,Interval_9,Interval_7,Interval_7
Interval_2,Interval_11,Interval_9,Interval_9,Interval_8,Interval_7
Interval_2,Interval_11,Interval_9,Interval_9,Interval_6,Interval_7
Interval_2,Interval_11,Interval_9,Interval_9,Interval_5,Interval_7
Interval_2,Interval_10,Interval_8,Interval_10,Interval_9,Interval_8
Interval_2,Interval_8,Interval_8,Interval_9,Interval_7,Interval_8
Interval_2,Interval_7,Interval_9,Interval_9,Interval_4,Interval_8
Interval_2,Interval_6,Interval_5,Interval_8,Interval_6,Interval_7
Interval_2,Interval_6,Interval_6,Interval_8,Interval_8,Interval_7
Interval_2,Interval_6,Interval_6,Interval_8,Interval_6,Interval_7
Interval_2,Interval_6,Interval_5,Interval_9,Interval_6,Interval_7
Interval_2,Interval_6,Interval_4,Interval_9,Interval_7,Interval_7
Interval_2,Interval_6,Interval_5,Interval_9,Interval_7,Interval_7
Interval_2,Interval_6,Interval_5,Interval_9,Interval_7,Interval_7
Interval_2,Interval_6,Interval_5,Interval_9,Interval_7,Interval_7
Interval_2,Interval_6,Interval_5,Interval_9,Interval_7,Interval_7
Interval_2,Interval_6,Interval_5,Interval_9,Interval_7,Interval_7
Interval_2,Interval_6,Interval_6,Interval_9,Interval_7,Interval_7
Interval_2,Interval_6,Interval_6,Interval_9,Interval_7,Interval_7
Interval_2,Interval_6,Interval_6,Interval_9,Interval_7,Interval_7
Interval_2,Interval_6,Interval_6,Interval_9,Interval_7,Interval_7
Interval_2,Interval_6,Interval_6,Interval_9,Interval_7,Interval_7
Interval_2,Interval_6,Interval_6,Interval_9,Interval_7,Interval_7
Interval_2,Interval_6,Interval_6,Interval_9,Interval_7,Interval_7
Interval_2,Interval_6,Interval_6,Interval_9,Interval_7,Interval_7
Interval_2,Interval_6,Interval_6,Interval_9,Interval_7,Interval_7
Interval_2,Interval_6,Interval_6,Interval_9,Interval_7,Interval_7
Interval_2,Interval_6,Interval_6,Interval_9,Interval_7,Interval_7
Interval_2,Interval_6,Interval_6,Interval_9,Interval_7,Interval_7
Interval_2,Interval_6,Interval_6,Interval_9,Interval_7,Interval_7
Interval_2,Interval_6,Interval_6,Interval_9,Interval_7,Interval_7
Interval_2,Interval_6,Interval_6,Interval_9,Interval_7,Interval_7
Interval_2,Interval_6,Interval_6,Interval_9,Interval_7,Interval_7
Interval_2,Interval_6,Interval_6,Interval_9,Interval_7,Interval_7
Interval_2,Interval_6,Interval_6,Interval_9,Interval_6,Interval_7
Interval_2,Interval_6,Interval_6,Interval_9,Interval_7,Interval_7
Interval_2,Interval_6,Interval_6,Interval_9,Interval_7,Interval_7
Interval_2,Interval_6,Interval_6,Interval_9,Interval_7,Interval_7
Interval_2,Interval_6,Interval_6,Interval_9,Interval_6,Interval_7
Interval_2,Interval_6,Interval_7,Interval_10,Interval_7,Interval_7
Interval_2,Interval_6,Interval_7,Interval_11,Interval_7,Interval_7
Interval_2,Interval_6,Interval_7,Interval_11,Interval_9,Interval_7
Interval_2,Interval_6,Interval_7,Interval_7,Interval_8,Interval_8
Interval_2,Interval_4,Interval_9,Interval_7,Interval_7,Interval_8
Interval_2,Interval_12,Interval_5,Interval_9,Interval_7,Interval_7
Interval_2,Interval_12,Interval_5,Interval_9,Interval_7,Interval_7
Interval_2,Interval_12,Interval_5,Interval_9,Interval_7,Interval_7
Interval_2,Interval_12,Interval_5,Interval_9,Interval_7,Interval_7
Interval_2,Interval_12,Interval_5,Interval_9,Interval_7,Interval_7
Interval_2,Interval_12,Interval_5,Interval_9,Interval_7,Interval_7
Interval_2,Interval_12,Interval_5,Interval_9,Interval_7,Interval_7
Interval_2,Interval_12,Interval_5,Interval_9,Interval_7,Interval_7
Interval_2,Interval_12,Interval_5,Interval_9,Interval_7,Interval_7
Interval_2,Interval_11,Interval_5,Interval_9,Interval_7,Interval_7
Interval_2,Interval_11,Interval_4,Interval_9,Interval_7,Interval_7
Interval_2,Interval_11,Interval_4,Interval_9,Interval_7,Interval_7
Interval_2,Interval_11,Interval_4,Interval_8,Interval_6,Interval_7
Interval_2,Interval_12,Interval_4,Interval_8,Interval_6,Interval_7
Interval_2,Interval_13,Interval_5,Interval_9,Interval_7,Interval_7
Interval_2,Interval_12,Interval_4,Interval_9,Interval_7,Interval_7
Interval_2,Interval_12,Interval_4,Interval_8,Interval_7,Interval_7
Interval_2,Interval_11,Interval_4,Interval_8,Interval_7,Interval_7
Interval_2,Interval_11,Interval_4,Interval_9,Interval_6,Interval_7
Interval_2,Interval_12,Interval_4,Interval_8,Interval_7,Interval_7
Interval_2,Interval_11,Interval_4,Interval_9,Interval_7,Interval_7
Interval_2,Interval_10,Interval_4,Interval_10,Interval_6,Interval_7
Interval_2,Interval_12,Interval_3,Interval_8,Interval_6,Interval_7
Interval_2,Interval_12,Interval_4,Interval_8,Interval_6,Interval_7
Interval_2,Interval_13,Interval_5,Interval_9,Interval_7,Interval_7
Interval_2,Interval_12,Interval_4,Interval_9,Interval_7,Interval_7
Interval_2,Interval_12,Interval_4,Interval_8,Interval_7,Interval_7
Interval_2,Interval_10,Interval_4,Interval_8,Interval_7,Interval_7
Interval_2,Interval_11,Interval_4,Interval_9,Interval_7,Interval_7
Interval_2,Interval_12,Interval_4,Interval_9,Interval_7,Interval_7
Interval_2,Interval_11,Interval_4,Interval_9,Interval_7,Interval_7
Interval_2,Interval_11,Interval_4,Interval_9,Interval_7,Interval_7
Interval_2,Interval_11,Interval_4,Interval_9,Interval_7,Interval_7
Interval_2,Interval_12,Interval_4,Interval_8,Interval_6,Interval_7
Interval_2,Interval_13,Interval_4,Interval_8,Interval_7,Interval_7
Interval_2,Interval_12,Interval_4,Interval_9,Interval_7,Interval_7
Interval_2,Interval_12,Interval_4,Interval_8,Interval_7,Interval_7
Interval_2,Interval_11,Interval_5,Interval_8,Interval_7,Interval_7
Interval_2,Interval_11,Interval_4,Interval_9,Interval_6,Interval_7
Interval_2,Interval_11,Interval_5,Interval_9,Interval_7,Interval_7
Interval_2,Interval_11,Interval_5,Interval_9,Interval_7,Interval_7
Interval_2,Interval_11,Interval_4,Interval_9,Interval_7,Interval_7
Interval_2,Interval_11,Interval_4,Interval_9,Interval_6,Interval_7
Interval_2,Interval_12,Interval_4,Interval_8,Interval_6,Interval_7
Interval_2,Interval_13,Interval_5,Interval_9,Interval_7,Interval_7
Interval_2,Interval_12,Interval_4,Interval_9,Interval_7,Interval_7
Interval_2,Interval_12,Interval_4,Interval_8,Interval_7,Interval_7
Interval_2,Interval_11,Interval_5,Interval_8,Interval_7,Interval_7
Interval_2,Interval_11,Interval_5,Interval_9,Interval_6,Interval_7
Interval_2,Interval_11,Interval_5,Interval_9,Interval_7,Interval_7
Interval_2,Interval_11,Interval_5,Interval_9,Interval_7,Interval_7
Interval_2,Interval_11,Interval_4,Interval_9,Interval_7,Interval_7
Interval_2,Interval_11,Interval_4,Interval_9,Interval_7,Interval_7
Interval_2,Interval_12,Interval_4,Interval_8,Interval_6,Interval_7
Interval_2,Interval_13,Interval_5,Interval_9,Interval_7,Interval_7
Interval_2,Interval_12,Interval_5,Interval_9,Interval_7,Interval_7
Interval_2,Interval_12,Interval_4,Interval_8,Interval_7,Interval_7
Interval_2,Interval_11,Interval_4,Interval_8,Interval_7,Interval_7
Interval_2,Interval_11,Interval_4,Interval_8,Interval_7,Interval_7
Interval_2,Interval_12,Interval_5,Interval_9,Interval_7,Interval_7
Interval_2,Interval_11,Interval_5,Interval_9,Interval_7,Interval_7
Interval_2,Interval_11,Interval_4,Interval_9,Interval_7,Interval_7
Interval_2,Interval_11,Interval_4,Interval_9,Interval_7,Interval_7
Interval_2,Interval_12,Interval_4,Interval_8,Interval_6,Interval_7
Interval_2,Interval_12,Interval_5,Interval_8,Interval_6,Interval_7
Interval_2,Interval_13,Interval_5,Interval_9,Interval_7,Interval_7
Interval_2,Interval_12,Interval_4,Interval_9,Interval_7,Interval_7
Interval_2,Interval_11,Interval_4,Interval_8,Interval_7,Interval_7
Interval_2,Interval_11,Interval_4,Interval_8,Interval_7,Interval_7
Interval_2,Interval_10,Interval_4,Interval_9,Interval_6,Interval_7
Interval_2,Interval_12,Interval_5,Interval_9,Interval_6,Interval_7
Interval_2,Interval_12,Interval_5,Interval_9,Interval_7,Interval_7
Interval_2,Interval_11,Interval_4,Interval_9,Interval_7,Interval_7
Interval_2,Interval_11,Interval_4,Interval_9,Interval_7,Interval_7
Interval_2,Interval_12,Interval_4,Interval_8,Interval_6,Interval_7
Interval_2,,Interval_4,Interval_8,Interval_7,Interval_7
Interval_2,Interval_12,Interval_4,Interval_9,Interval_7,Interval_7
Interval_2,Interval_12,Interval_4,Interval_8,Interval_7,Interval_7
Interval_2,Interval_11,Interval_4,Interval_8,Interval_7,Interval_7
Interval_2,Interval_10,Interval_5,Interval_9,Interval_6,Interval_7
Interval_2,Interval_12,Interval_5,Interval_9,Interval_7,Interval_7
Interval_2,Interval_11,Interval_5,Interval_9,Interval_7,Interval_7
Interval_2,Interval_11,Interval_4,Interval_9,Interval_7,Interval_7
Interval_2,Interval_12,Interval_4,Interval_9,Interval_7,Interval_7
Interval_2,Interval_12,Interval_4,Interval_8,Interval_6,Interval_7
Interval_2,Interval_13,Interval_5,Interval_9,Interval_7,Interval_7
Interval_2,Interval_12,Interval_5,Interval_9,Interval_7,Interval_7
Interval_2,Interval_12,Interval_4,Interval_8,Interval_7,Interval_7
Interval_2,Interval_11,Interval_5,Interval_8,Interval_7,Interval_7
Interval_2,Interval_10,Interval_4,Interval_9,Interval_6,Interval_7
Interval_2,Interval_12,Interval_5,Interval_9,Interval_7,Interval_7
Interval_2,Interval_11,Interval_5,Interval_9,Interval_7,Interval_7
Interval_2,Interval_11,Interval_4,Interval_9,Interval_7,Interval_7
Interval_2,Interval_11,Interval_4,Interval_9,Interval_7,Interval_7
Interval_2,Interval_12,Interval_4,Interval_8,Interval_6,Interval_7
Interval_2,Interval_13,Interval_5,Interval_8,Interval_7,Interval_7
Interval_2,Interval_13,Interval_5,Interval_9,Interval_7,Interval_7
Interval_2,Interval_12,Interval_4,Interval_9,Interval_7,Interval_7
Interval_2,Interval_11,Interval_4,Interval_8,Interval_7,Interval_7
Interval_2,Interval_11,Interval_5,Interval_8,Interval_7,Interval_7
Interval_2,Interval_11,Interval_5,Interval_9,Interval_6,Interval_7
Interval_2,Interval_11,Interval_5,Interval_9,Interval_7,Interval_7
Interval_2,Interval_11,Interval_5,Interval_9,Interval_7,Interval_7
Interval_2,Interval_11,Interval_4,Interval_9,Interval_7,Interval_7
Interval_2,Interval_11,Interval_4,Interval_9,Interval_6,Interval_7
Interval_2,Interval_12,Interval_5,Interval_8,Interval_6,Interval_7
Interval_2,Interval_13,Interval_5,Interval_9,Interval_7,Interval_7
Interval_2,Interval_12,Interval_5,Interval_9,Interval_7,Interval_7
Interval_2,Interval_11,Interval_4,Interval_8,Interval_7,Interval_7
Interval_2,Interval_11,Interval_5,Interval_8,Interval_7,Interval_7
Interval_2,Interval_11,Interval_5,Interval_8,Interval_7,Interval_7
Interval_2,Interval_10,Interval_5,Interval_9,Interval_7,Interval_7
Interval_2,Interval_12,Interval_5,Interval_9,Interval_7,Interval_7
Interval_2,Interval_11,Interval_5,Interval_9,Interval_7,Interval_7
Interval_2,Interval_12,Interval_5,Interval_9,Interval_7,Interval_7
Interval_2,Interval_12,Interval_5,Interval_9,Interval_7,Interval_7
Interval_2,Interval_12,Interval_5,Interval_9,Interval_7,Interval_7
Interval_2,Interval_8,Interval_7,Interval_9,Interval_7,Interval_7
Interval_2,Interval_8,Interval_7,Interval_9,Interval_7,Interval_7
Interval_2,Interval_8,Interval_8,Interval_9,Interval_7,Interval_7
Interval_2,Interval_6,Interval_8,Interval_8,Interval_9,Interval_8
Interval_2,Interval_3,Interval_9,Interval_7,Interval_10,Interval_8
Interval_2,Interval_3,Interval_10,Interval_9,Interval_5,Interval_7
Interval_2,Interval_4,Interval_10,Interval_10,Interval_6,Interval_7
Interval_2,Interval_4,Interval_10,Interval_8,Interval_8,Interval_7
Interval_2,Interval_3,Interval_10,Interval_8,Interval_8,Interval_7
Interval_2,Interval_4,Interval_9,Interval_8,Interval_8,Interval_7
Interval_2,Interval_3,Interval_10,Interval_8,Interval_7,Interval_7
Interval_2,Interval_3,Interval_9,Interval_9,Interval_8,Interval_7
Interval_2,Interval_3,Interval_8,Interval_9,Interval_8,Interval_7
Interval_2,Interval_3,Interval_8,Interval_9,Interval_6,Interval_7
Interval_2,Interval_3,Interval_8,Interval_8,Interval_6,Interval_7
Interval_2,Interval_3,Interval_9,Interval_8,Interval_5,Interval_7
Interval_2,Interval_3,Interval_9,Interval_9,Interval_3,Interval_7
Interval_2,Interval_3,Interval_9,Interval_10,Interval_5,Interval_7
Interval_2,Interval_4,Interval_10,Interval_11,Interval_5,Interval_7
Interval_2,Interval_4,Interval_10,Interval_8,Interval_6,Interval_7
Interval_2,Interval_3,Interval_10,Interval_7,Interval_7,Interval_7
Interval_2,Interval_3,Interval_10,Interval_8,Interval_7,Interval_7
Interval_2,Interval_3,Interval_10,Interval_10,Interval_7,Interval_7
Interval_2,Interval_3,Interval_8,Interval_10,Interval_7,Interval_7
Interval_2,Interval_3,Interval_8,Interval_8,Interval_6,Interval_7
Interval_2,Interval_3,Interval_9,Interval_7,Interval_6,Interval_8
Interval_2,Interval_3,Interval_10,Interval_9,Interval_4,Interval_7
Interval_2,Interval_3,Interval_9,Interval_11,Interval_4,Interval_7
Interval_2,Interval_4,Interval_10,Interval_9,Interval_5,Interval_7
Interval_2,Interval_4,Interval_10,Interval_9,Interval_5,Interval_7
Interval_2,Interval_3,Interval_10,Interval_8,Interval_5,Interval_7
Interval_2,Interval_3,Interval_10,Interval_9,Interval_5,Interval_7
Interval_2,Interval_3,Interval_9,Interval_9,Interval_6,Interval_7
Interval_2,Interval_3,Interval_8,Interval_10,Interval_5,Interval_7
Interval_2,Interval_3,Interval_8,Interval_9,Interval_5,Interval_7
Interval_2,Interval_3,Interval_8,Interval_8,Interval_5,Interval_7
Interval_2,Interval_3,Interval_9,Interval_9,Interval_5,Interval_7
Interval_2,Interval_3,Interval_9,Interval_10,Interval_5,Interval_7
Interval_2,Interval_3,Interval_9,Interval_10,Interval_6,Interval_7
Interval_2,Interval_3,Interval_9,Interval_10,Interval_5,Interval_7
Interval_2,Interval_4,Interval_9,Interval_8,Interval_5,Interval_8
Interval_2,Interval_3,Interval_10,Interval_8,Interval_7,Interval_7
Interval_2,Interval_3,Interval_11,Interval_9,Interval_7,Interval_7
Interval_2,Interval_3,Interval_10,Interval_10,Interval_7,Interval_7
Interval_2,Interval_3,Interval_9,Interval_9,Interval_7,Interval_7
Interval_2,Interval_4,Interval_8,Interval_7,Interval_8,Interval_7
Interval_2,Interval_3,Interval_9,Interval_7,Interval_7,Interval_7
Interval_2,Interval_3,Interval_10,Interval_9,Interval_7,Interval_7
Interval_2,Interval_3,Interval_10,Interval_10,Interval_8,Interval_7
Interval_2,Interval_4,Interval_9,Interval_9,Interval_8,Interval_7
Interval_2,Interval_3,Interval_9,Interval_8,Interval_8,Interval_7
Interval_2,Interval_3,Interval_10,Interval_7,Interval_10,Interval_7
Interval_2,Interval_3,Interval_9,Interval_8,Interval_8,Interval_7
Interval_2,Interval_3,Interval_9,Interval_7,Interval_8,Interval_7
Interval_2,Interval_3,Interval_9,Interval_8,Interval_7,Interval_7
Interval_2,Interval_3,Interval_9,Interval_9,Interval_7,Interval_7
Interval_2,Interval_3,Interval_9,Interval_9,Interval_6,Interval_7
Interval_2,Interval_4,Interval_9,Interval_9,Interval_7,Interval_7
Interval_2,Interval_3,Interval_10,Interval_9,Interval_7,Interval_7
Interval_2,Interval_4,Interval_10,Interval_9,Interval_7,Interval_7
Interval_2,Interval_3,Interval_10,Interval_9,Interval_7,Interval_7
Interval_2,Interval_4,Interval_10,Interval_8,Interval_7,Interval_7
Interval_2,Interval_4,Interval_10,Interval_8,Interval_7,Interval_7
Interval_2,Interval_3,Interval_10,Interval_8,Interval_8,Interval_7
Interval_2,Interval_3,Interval_10,Interval_8,Interval_8,Interval_7
Interval_2,Interval_3,Interval_10,Interval_8,Interval_8,Interval_7
Interval_2,Interval_3,Interval_9,Interval_8,Interval_8,Interval_7
Interval_2,Interval_3,Interval_9,Interval_8,Interval_8,Interval_7
Interval_2,Interval_3,Interval_9,Interval_8,Interval_7,Interval_7
Interval_2,Interval_3,Interval_9,Interval_9,Interval_7,Interval_7
Interval_2,Interval_3,Interval_9,Interval_9,Interval_6,Interval_7
Interval_2,Interval_3,Interval_9,Interval_9,Interval_7,Interval_7
Interval_2,Interval_3,Interval_9,Interval_9,Interval_7,Interval_7
Interval_2,Interval_3,Interval_9,Interval_9,Interval_7,Interval_7
Interval_2,Interval_3,Interval_9,Interval_9,Interval_6,Interval_7
Interval_2,Interval_3,Interval_9,Interval_9,Interval_6,Interval_7
Interval_2,Interval_3,Interval_9,Interval_8,Interval_6,Interval_7
Interval_2,Interval_4,Interval_9,Interval_8,Interval_6,Interval_7
Interval_2,Interval_3,Interval_10,Interval_8,Interval_8,Interval_7
Interval_2,Interval_3,Interval_9,Interval_9,Interval_8,Interval_7
Interval_2,Interval_3,Interval_9,Interval_8,Interval_9,Interval_7
Interval_2,Interval_3,Interval_9,Interval_8,Interval_8,Interval_7
Interval_2,Interval_3,Interval_9,Interval_8,Interval_8,Interval_7
Interval_2,Interval_3,Interval_9,Interval_9,Interval_7,Interval_7
Interval_2,Interval_3,Interval_9,Interval_9,Interval_6,Interval_7
Interval_2,Interval_3,Interval_9,Interval_9,Interval_5,Interval_7
Interval_2,Interval_3,Interval_9,Interval_9,Interval_4,Interval_7
Interval_2,Interval_3,Interval_9,Interval_9,Interval_5,Interval_7
Interval_2,Interval_3,Interval_10,Interval_8,Interval_7,Interval_7
Interval_2,Interval_3,Interval_10,Interval_8,Interval_9,Interval_7
Interval_2,Interval_3,Interval_9,Interval_8,Interval_9,Interval_7
Interval_2,Interval_3,Interval_9,Interval_10,Interval_8,Interval_7
Interval_2,Interval_3,Interval_8,Interval_9,Interval_7,Interval_7
Interval_2,Interval_4,Interval_9,Interval_8,Interval_8,Interval_7
Interval_2,Interval_3,Interval_11,Interval_8,Interval_7,Interval_7
Interval_2,Interval_4,Interval_10,Interval_8,Interval_8,Interval_7
Interval_2,Interval_3,Interval_10,Interval_9,Interval_8,Interval_7
Interval_2,Interval_4,Interval_10,Interval_8,Interval_8,Interval_7
Interval_2,Interval_4,Interval_10,Interval_8,Interval_7,Interval_7
Interval_2,Interval_3,Interval_10,Interval_8,Interval_7,Interval_7
Interval_2,Interval_3,Interval_10,Interval_9,Interval_7,Interval_7
Interval_2,Interval_3,Interval_9,Interval_8,Interval_8,Interval_7
Interval_2,Interval_3,Interval_9,Interval_8,Interval_8,Interval_7
Interval_2,Interval_3,Interval_9,Interval_8,Interval_6,Interval_7
Interval_2,Interval_3,Interval_9,Interval_9,Interval_7,Interval_7
Interval_2,Interval_3,Interval_9,Interval_10,Interval_4,Interval_7
Interval_2,Interval_3,Interval_9,Interval_9,Interval_5,Interval_7
Interval_2,Interval_3,Interval_9,Interval_9,Interval_6,Interval_7
Interval_2,Interval_3,Interval_9,Interval_9,Interval_5,Interval_7
Interval_2,Interval_4,Interval_10,Interval_8,Interval_6,Interval_7
Interval_2,Interval_3,Interval_10,Interval_9,Interval_4,Interval_7
Interval_2,Interval_3,Interval_10,Interval_8,Interval_7,Interval_7
Interval_2,Interval_3,Interval_9,Interval_10,Interval_5,Interval_7
Interval_2,Interval_3,Interval_8,Interval_9,Interval_7,Interval_7
Interval_2,Interval_3,Interval_8,Interval_8,Interval_7,Interval_7
Interval_2,Interval_3,Interval_8,Interval_9,Interval_4,Interval_7
Interval_2,Interval_3,Interval_9,Interval_9,Interval_4,Interval_7
Interval_2,Interval_3,Interval_10,Interval_11,Interval_3,Interval_7
Interval_2,Interval_3,Interval_9,Interval_10,Interval_5,Interval_7
Interval_2,Interval_4,Interval_9,Interval_9,Interval_5,Interval_7
Interval_2,Interval_3,Interval_9,Interval_7,Interval_6,Interval_7
Interval_2,Interval_3,Interval_10,Interval_8,Interval_8,Interval_7
Interval_2,Interval_3,Interval_10,Interval_10,Interval_9,Interval_7
Interval_2,Interval_3,Interval_8,Interval_10,Interval_7,Interval_7
Interval_2,Interval_3,Interval_8,Interval_9,Interval_6,Interval_7
Interval_2,Interval_4,Interval_12,Interval_12,Interval_7,Interval_7
Interval_2,Interval_7,Interval_11,Interval_12,Interval_11,Interval_7
Interval_2,Interval_9,Interval_9,Interval_10,Interval_11,Interval_7
Interval_2,Interval_10,Interval_10,Interval_10,Interval_9,Interval_7
Interval_2,Interval_10,Interval_8,Interval_9,Interval_8,Interval_7
Interval_2,Interval_10,Interval_7,Interval_9,Interval_7,Interval_7
Interval_2,Interval_10,Interval_7,Interval_9,Interval_8,Interval_7
Interval_2,Interval_10,Interval_7,Interval_9,Interval_6,Interval_7
Interval_2,Interval_10,Interval_6,Interval_9,Interval_7,Interval_7
Interval_2,Interval_10,Interval_6,Interval_9,Interval_7,Interval_7
Interval_2,Interval_10,Interval_6,Interval_9,Interval_6,Interval_7
Interval_2,Interval_10,Interval_6,Interval_9,Interval_6,Interval_7
Interval_2,Interval_10,Interval_6,Interval_8,Interval_4,Interval_7
Interval_2,Interval_9,Interval_8,Interval_5,Interval_3,Interval_8
Interval_2,Interval_6,Interval_11,Interval_1,Interval_4,Interval_8
Interval_2,Interval_2,Interval_12,Interval_6,Interval_3,Interval_8
Interval_2,Interval_3,Interval_10,Interval_9,Interval_9,Interval_7
Interval_2,Interval_3,Interval_10,Interval_10,Interval_6,Interval_7
Interval_2,Interval_4,Interval_9,Interval_8,Interval_7,Interval_7
Interval_2,Interval_4,Interval_10,Interval_7,Interval_9,Interval_7
Interval_2,Interval_3,Interval_11,Interval_8,Interval_9,Interval_7
Interval_2,Interval_3,Interval_9,Interval_9,Interval_7,Interval_7
Interval_2,Interval_4,Interval_8,Interval_8,Interval_9,Interval_7
Interval_2,Interval_3,Interval_8,Interval_8,Interval_5,Interval_7
Interval_2,Interval_3,Interval_6,Interval_4,Interval_4,Interval_7
Interval_2,Interval_7,Interval_5,,,Interval_7
Interval_2,Interval_9,Interval_7,Interval_7,Interval_4,Interval_7
Interval_2,Interval_10,Interval_7,Interval_9,Interval_6,Interval_7
Interval_2,Interval_10,Interval_5,Interval_9,Interval_6,Interval_7
Interval_2,Interval_10,Interval_5,Interval_8,Interval_5,Interval_7
Interval_2,Interval_11,Interval_5,Interval_8,Interval_6,Interval_7
Interval_2,Interval_11,Interval_5,Interval_8,Interval_6,Interval_7
Interval_2,Interval_10,Interval_5,Interval_8,Interval_5,Interval_7
Interval_2,Interval_9,Interval_4,Interval_12,Interval_9,Interval_7
Interval_2,Interval_8,Interval_4,,Interval_10,Interval_8
Interval_2,Interval_4,Interval_4,Interval_6,,Interval_8
Interval_2,Interval_1,Interval_10,Interval_9,Interval_9,Interval_7
Interval_2,Interval_3,Interval_8,Interval_12,Interval_4,Interval_7
Interval_2,Interval_4,Interval_6,Interval_8,Interval_8,Interval_7
Interval_2,Interval_3,Interval_8,Interval_7,Interval_9,Interval_7
Interval_2,Interval_3,Interval_10,Interval_9,Interval_7,Interval_7
Interval_2,Interval_3,Interval_10,Interval_10,Interval_6,Interval_7
Interval_2,Interval_3,Interval_9,Interval_9,Interval_7,Interval_7
Interval_2,Interval_4,Interval_10,Interval_8,Interval_7,Interval_7
Interval_2,Interval_4,Interval_10,Interval_7,Interval_8,Interval_7
Interval_2,Interval_4,Interval_10,Interval_8,Interval_8,Interval_7
Interval_2,Interval_3,Interval_10,Interval_9,Interval_8,Interval_7
Interval_2,Interval_3,Interval_9,Interval_9,Interval_8,Interval_7
Interval_2,Interval_4,Interval_8,Interval_8,Interval_8,Interval_7
Interval_2,Interval_3,Interval_8,Interval_8,Interval_8,Interval_7
Interval_2,Interval_3,Interval_9,Interval_8,Interval_7,Interval_7
Interval_2,Interval_3,Interval_9,Interval_9,Interval_6,Interval_7
Interval_2,Interval_3,Interval_9,Interval_9,Interval_6,Interval_7
Interval_2,Interval_3,Interval_10,Interval_10,Interval_7,Interval_7
Interval_2,Interval_3,Interval_9,Interval_9,Interval_5,Interval_7
Interval_2,Interval_4,Interval_10,Interval_8,Interval_8,Interval_7
Interval_2,Interval_3,Interval_11,Interval_8,Interval_7,Interval_7
Interval_2,Interval_4,Interval_10,Interval_9,Interval_7,Interval_7
Interval_2,Interval_3,Interval_10,Interval_9,Interval_6,Interval_7
Interval_2,Interval_4,Interval_9,Interval_9,Interval_6,Interval_7
Interval_2,Interval_3,Interval_9,Interval_8,Interval_6,Interval_7
Interval_2,Interval_3,Interval_9,Interval_8,Interval_6,Interval_7
Interval_2,Interval_3,Interval_9,Interval_9,Interval_6,Interval_7
Interval_2,Interval_3,Interval_9,Interval_9,Interval_7,Interval_7
Interval_2,Interval_3,Interval_10,Interval_9,Interval_8,Interval_7
Interval_2,Interval_3,Interval_9,Interval_10,Interval_6,Interval_7
Interval_2,Interval_4,Interval_10,Interval_8,Interval_8,Interval_7
Interval_2,Interval_3,Interval_10,Interval_8,Interval_7,Interval_7
Interval_2,Interval_4,Interval_10,Interval_8,Interval_8,Interval_7
Interval_2,Interval_3,Interval_10,Interval_8,Interval_8,Interval_7
Interval_2,Interval_3,Interval_9,Interval_9,Interval_7,Interval_7
Interval_2,Interval_3,Interval_9,Interval_8,Interval_8,Interval_7
Interval_2,Interval_3,Interval_9,Interval_8,Interval_8,Interval_7
Interval_2,Interval_3,Interval_9,Interval_9,Interval_7,Interval_7
Interval_2,Interval_3,Interval_9,Interval_9,Interval_7,Interval_7
Interval_2,Interval_3,Interval_5,Interval_9,Interval_7,Interval_7
Interval_2,Interval_3,Interval_5,Interval_9,Interval_7,Interval_7
Interval_2,Interval_3,Interval_5,Interval_9,Interval_7,Interval_7
Interval_2,Interval_3,Interval_5,Interval_9,Interval_7,Interval_7
Interval_2,Interval_3,Interval_5,Interval_9,Interval_7,Interval_7
Interval_2,Interval_3,Interval_5,Interval_9,Interval_7,Interval_7
Interval_2,Interval_3,Interval_5,Interval_9,Interval_7,Interval_7
Interval_2,Interval_3,Interval_5,Interval_9,Interval_7,Interval_7
Interval_2,Interval_3,Interval_5,Interval_9,Interval_7,Interval_7
Interval_2,Interval_2,Interval_5,Interval_9,Interval_6,Interval_7
Interval_2,Interval_1,Interval_5,Interval_10,Interval_6,Interval_7
Interval_2,Interval_3,Interval_7,Interval_9,Interval_7,Interval_7
Interval_2,Interval_5,Interval_7,Interval_9,Interval_7,Interval_7
Interval_2,Interval_4,Interval_7,Interval_8,Interval_7,Interval_7
Interval_2,Interval_3,Interval_6,Interval_8,Interval_7,Interval_7
Interval_2,Interval_2,Interval_6,Interval_8,Interval_7,Interval_7
Interval_2,Interval_2,Interval_4,Interval_9,Interval_7,Interval_7
Interval_2,Interval_3,Interval_5,Interval_9,Interval_7,Interval_7
Interval_2,Interval_1,Interval_5,Interval_10,Interval_6,Interval_7
Interval_2,Interval_2,Interval_6,Interval_10,Interval_6,Interval_7
Interval_2,Interval_5,Interval_7,Interval_9,Interval_7,Interval_7
Interval_2,Interval_5,Interval_7,Interval_8,Interval_7,Interval_7
Interval_2,Interval_3,Interval_7,Interval_8,Interval_7,Interval_7
Interval_2,Interval_2,Interval_6,Interval_8,Interval_7,Interval_7
Interval_2,Interval_2,Interval_5,Interval_8,Interval_7,Interval_7
Interval_2,Interval_3,Interval_5,Interval_9,Interval_7,Interval_7
Interval_2,Interval_2,Interval_5,Interval_9,Interval_7,Interval_7
Interval_2,Interval_1,Interval_5,Interval_10,Interval_7,Interval_7
Interval_2,Interval_2,Interval_6,Interval_9,Interval_7,Interval_7
Interval_2,Interval_5,Interval_7,Interval_9,Interval_7,Interval_7
Interval_2,Interval_4,Interval_7,Interval_8,Interval_7,Interval_7
Interval_2,Interval_2,Interval_6,Interval_8,Interval_7,Interval_7
Interval_2,Interval_2,Interval_5,Interval_8,Interval_7,Interval_7
Interval_2,Interval_2,Interval_5,Interval_9,Interval_7,Interval_7
Interval_2,Interval_3,Interval_5,Interval_9,Interval_6,Interval_7
Interval_2,Interval_2,Interval_5,Interval_9,Interval_6,Interval_7
Interval_2,Interval_1,Interval_5,Interval_9,Interval_7,Interval_7
Interval_2,Interval_3,Interval_7,Interval_9,Interval_7,Interval_7
Interval_2,Interval_5,Interval_7,Interval_8,Interval_7,Interval_7
Interval_2,Interval_3,Interval_6,Interval_9,Interval_7,Interval_7
Interval_2,Interval_2,Interval_6,Interval_8,Interval_7,Interval_7
Interval_2,Interval_2,Interval_5,Interval_8,Interval_7,Interval_7
Interval_2,Interval_2,Interval_5,Interval_9,Interval_7,Interval_7
Interval_2,Interval_3,Interval_5,Interval_9,Interval_7,Interval_7
Interval_2,Interval_2,Interval_5,Interval_9,Interval_7,Interval_7
Interval_2,Interval_1,Interval_5,Interval_10,Interval_7,Interval_7
Interval_2,Interval_3,Interval_7,Interval_9,Interval_7,Interval_7
Interval_2,Interval_6,Interval_7,Interval_9,Interval_7,Interval_7
Interval_2,Interval_3,Interval_7,Interval_8,Interval_7,Interval_7
Interval_2,Interval_2,Interval_6,Interval_7,Interval_7,Interval_7
Interval_2,Interval_2,Interval_5,Interval_8,Interval_7,Interval_7
Interval_2,Interval_3,Interval_5,Interval_9,Interval_7,Interval_7
Interval_2,Interval_3,Interval_5,Interval_9,Interval_7,Interval_7
Interval_2,Interval_2,Interval_5,Interval_9,Interval_7,Interval_7
Interval_2,Interval_1,Interval_5,Interval_9,Interval_7,Interval_7
Interval_2,Interval_2,Interval_6,Interval_9,Interval_7,Interval_7
Interval_2,Interval_5,Interval_7,Interval_9,Interval_6,Interval_7
Interval_2,Interval_5,Interval_7,Interval_8,Interval_7,Interval_7
Interval_2,Interval_2,Interval_6,Interval_8,Interval_7,Interval_7
Interval_2,Interval_2,Interval_5,Interval_8,Interval_7,Interval_7
Interval_2,Interval_2,Interval_4,Interval_9,Interval_7,Interval_7
Interval_2,Interval_3,Interval_5,Interval_9,Interval_6,Interval_7
Interval_2,Interval_3,Interval_5,Interval_9,Interval_7,Interval_7
Interval_2,Interval_3,Interval_5,Interval_9,Interval_7,Interval_7
Interval_2,Interval_2,Interval_5,Interval_10,Interval_6,Interval_7
Interval_2,Interval_2,Interval_6,Interval_9,Interval_7,Interval_7
Interval_2,Interval_4,Interval_7,Interval_9,Interval_7,Interval_7
Interval_2,Interval_5,Interval_7,Interval_8,Interval_7,Interval_7
Interval_2,Interval_3,Interval_6,Interval_8,Interval_7,Interval_7
Interval_2,Interval_2,Interval_6,Interval_8,Interval_7,Interval_7
Interval_2,Interval_2,Interval_5,Interval_8,Interval_7,Interval_7
Interval_2,Interval_3,Interval_5,Interval_9,Interval_7,Interval_7
Interval_2,Interval_3,Interval_5,Interval_8,Interval_7,Interval_7
Interval_2,Interval_3,Interval_5,Interval_9,Interval_7,Interval_7
Interval_2,Interval_2,Interval_5,Interval_9,Interval_7,Interval_7
Interval_2,Interval_1,Interval_5,Interval_10,Interval_7,Interval_7
Interval_2,Interval_3,Interval_7,Interval_9,Interval_7,Interval_7
Interval_2,Interval_6,Interval_7,Interval_8,Interval_7,Interval_7
Interval_2,Interval_3,Interval_7,Interval_8,Interval_7,Interval_7
Interval_2,Interval_2,Interval_6,Interval_8,Interval_7,Interval_7
Interval_2,Interval_2,Interval_5,Interval_8,Interval_7,Interval_7
Interval_2,Interval_3,Interval_5,Interval_9,Interval_7,Interval_7
Interval_2,Interval_3,Interval_5,Interval_9,Interval_7,Interval_7
Interval_2,Interval_3,Interval_5,Interval_9,Interval_7,Interval_7
Interval_2,Interval_2,Interval_5,Interval_9,Interval_7,Interval_7
Interval_2,Interval_1,Interval_5,Interval_10,Interval_6,Interval_7
Interval_2,Interval_3,Interval_6,Interval_9,Interval_7,Interval_7
Interval_2,Interval_5,Interval_7,Interval_9,Interval_7,Interval_7
Interval_2,Interval_4,Interval_7,Interval_8,Interval_7,Interval_7
Interval_2,Interval_2,Interval_6,Interval_8,Interval_7,Interval_7
Interval_2,Interval_2,Interval_5,Interval_8,Interval_7,Interval_7
Interval_2,Interval_2,Interval_5,Interval_9,Interval_7,Interval_7
Interval_2,Interval_3,Interval_5,Interval_9,Interval_7,Interval_7
Interval_2,Interval_3,Interval_5,Interval_9,Interval_7,Interval_7
Interval_2,Interval_3,Interval_5,Interval_9,Interval_7,Interval_7
Interval_2,Interval_2,Interval_5,Interval_9,Interval_6,Interval_7
Interval_2,Interval_2,Interval_6,Interval_10,Interval_7,Interval_7
Interval_2,Interval_4,Interval_7,Interval_10,Interval_7,Interval_7
Interval_2,Interval_5,Interval_7,Interval_8,Interval_7,Interval_7
Interval_2,Interval_3,Interval_6,Interval_7,Interval_7,Interval_7
Interval_2,Interval_2,Interval_5,Interval_8,Interval_7,Interval_7
Interval_2,Interval_2,Interval_4,Interval_8,Interval_7,Interval_7
Interval_2,Interval_3,Interval_5,Interval_9,Interval_7,Interval_7
Interval_2,Interval_3,Interval_5,Interval_9,Interval_7,Interval_7
Interval_2,Interval_3,Interval_5,Interval_9,Interval_6,Interval_7
Interval_2,Interval_3,Interval_5,Interval_9,Interval_7,Interval_7
Interval_2,Interval_3,Interval_5,Interval_9,Interval_7,Interval_7
Interval_2,Interval_3,Interval_5,Interval_9,Interval_7,Interval_7
Interval_2,Interval_3,Interval_5,Interval_9,Interval_7,Interval_7
Interval_2,Interval_3,Interval_5,Interval_9,Interval_7,Interval_7
Interval_2,Interval_3,Interval_5,Interval_9,Interval_7,Interval_7
Interval_2,Interval_3,Interval_5,Interval_9,Interval_7,Interval_7
Interval_2,Interval_2,Interval_5,Interval_9,Interval_7,Interval_7
Interval_2,Interval_1,Interval_5,Interval_10,Interval_6,Interval_7
Interval_2,Interval_3,Interval_7,Interval_9,Interval_7,Interval_7
Interval_2,Interval_6,Interval_7,Interval_8,Interval_7,Interval_7
Interval_2,Interval_4,Interval_7,Interval_8,Interval_7,Interval_7
Interval_2,Interval_2,Interval_6,Interval_8,Interval_7,Interval_7
Interval_2,Interval_2,Interval_5,Interval_8,Interval_7,Interval_7
Interval_2,Interval_3,Interval_5,Interval_9,Interval_7,Interval_7
Interval_2,Interval_2,Interval_5,Interval_9,Interval_6,Interval_7
Interval_2,Interval_1,Interval_5,Interval_10,Interval_6,Interval_7
Interval_2,Interval_3,Interval_7,Interval_10,Interval_6,Interval_7
Interval_2,Interval_6,Interval_8,Interval_8,Interval_7,Interval_7
Interval_2,Interval_3,Interval_7,Interval_8,Interval_7,Interval_7
Interval_2,Interval_2,Interval_5,Interval_7,Interval_7,Interval_7
Interval_2,Interval_2,Interval_5,Interval_9,Interval_7,Interval_7
Interval_2,Interval_3,Interval_5,Interval_9,Interval_6,Interval_7
Interval_2,Interval_3,Interval_5,Interval_9,Interval_7,Interval_7
Interval_2,Interval_1,Interval_4,Interval_9,Interval_7,Interval_7
Interval_2,Interval_2,Interval_6,Interval_10,Interval_6,Interval_7
Interval_2,Interval_5,Interval_7,Interval_9,Interval_6,Interval_7
Interval_2,Interval_5,Interval_7,Interval_8,Interval_7,Interval_7
Interval_2,Interval_2,Interval_6,Interval_7,Interval_7,Interval_7
Interval_2,Interval_2,Interval_5,Interval_8,Interval_7,Interval_7
Interval_2,Interval_2,Interval_5,Interval_9,Interval_7,Interval_7
Interval_2,Interval_3,Interval_5,Interval_9,Interval_7,Interval_7
Interval_2,Interval_2,Interval_5,Interval_9,Interval_7,Interval_7
Interval_2,Interval_1,Interval_5,Interval_10,Interval_6,Interval_7
Interval_2,Interval_3,Interval_7,Interval_9,Interval_6,Interval_7
Interval_2,Interval_6,Interval_7,Interval_8,Interval_7,Interval_7
Interval_2,Interval_3,Interval_7,Interval_8,Interval_7,Interval_7
Interval_2,Interval_2,Interval_6,Interval_7,Interval_7,Interval_7
Interval_2,Interval_2,Interval_5,Interval_8,Interval_7,Interval_7
Interval_2,Interval_3,Interval_5,Interval_9,Interval_7,Interval_7
Interval_2,Interval_3,Interval_5,Interval_9,Interval_7,Interval_7
Interval_2,Interval_2,Interval_4,Interval_9,Interval_6,Interval_7
Interval_2,Interval_1,Interval_6,Interval_10,Interval_6,Interval_7
Interval_2,Interval_4,Interval_7,Interval_9,Interval_7,Interval_7
Interval_2,Interval_6,Interval_8,Interval_8,Interval_7,Interval_7
Interval_2,Interval_3,Interval_7,Interval_7,Interval_7,Interval_7
Interval_2,Interval_2,Interval_5,Interval_8,Interval_7,Interval_7
Interval_2,Interval_2,Interval_5,Interval_9,Interval_7,Interval_7
Interval_2,Interval_3,Interval_5,Interval_9,Interval_7,Interval_7
Interval_2,Interval_3,Interval_5,Interval_9,Interval_7,Interval_7
Interval_2,Interval_2,Interval_5,Interval_9,Interval_6,Interval_7
Interval_2,Interval_1,Interval_6,Interval_10,Interval_7,Interval_7
Interval_2,Interval_4,Interval_7,Interval_9,Interval_6,Interval_7
Interval_2,Interval_5,Interval_8,Interval_8,Interval_7,Interval_7
Interval_2,Interval_3,Interval_7,Interval_7,Interval_7,Interval_7
Interval_2,Interval_2,Interval_5,Interval_8,Interval_7,Interval_7
Interval_2,Interval_2,Interval_5,Interval_9,Interval_7,Interval_7
Interval_2,Interval_3,Interval_5,Interval_9,Interval_7,Interval_7
Interval_2,Interval_3,Interval_5,Interval_9,Interval_6,Interval_7
Interval_2,Interval_2,Interval_5,Interval_9,Interval_6,Interval_7
Interval_2,Interval_2,Interval_6,Interval_10,Interval_7,Interval_7
Interval_2,Interval_4,Interval_7,Interval_9,Interval_6,Interval_7
Interval_2,Interval_6,Interval_8,Interval_8,Interval_7,Interval_7
Interval_2,Interval_3,Interval_7,Interval_8,Interval_7,Interval_7
Interval_2,Interval_2,Interval_6,Interval_8,Interval_7,Interval_7
Interval_2,Interval_2,Interval_5,Interval_9,Interval_7,Interval_7
Interval_2,Interval_3,Interval_5,Interval_9,Interval_7,Interval_7
Interval_2,Interval_3,Interval_5,Interval_9,Interval_6,Interval_7
Interval_2,Interval_2,Interval_4,Interval_9,Interval_6,Interval_7
Interval_2,Interval_2,Interval_6,Interval_10,Interval_7,Interval_7
Interval_2,Interval_4,Interval_7,Interval_9,Interval_6,Interval_7
Interval_2,Interval_5,Interval_7,Interval_8,Interval_7,Interval_7
Interval_2,Interval_3,Interval_7,Interval_7,Interval_7,Interval_7
Interval_2,Interval_2,Interval_5,Interval_8,Interval_7,Interval_7
Interval_2,Interval_2,Interval_5,Interval_9,Interval_7,Interval_7
Interval_2,Interval_3,Interval_5,Interval_9,Interval_7,Interval_7
Interval_2,Interval_3,Interval_5,Interval_9,Interval_7,Interval_7
Interval_2,Interval_2,Interval_5,Interval_9,Interval_6,Interval_7
Interval_2,Interval_2,Interval_6,Interval_10,Interval_7,Interval_7
Interval_2,Interval_4,Interval_7,Interval_9,Interval_6,Interval_7
Interval_2,Interval_6,Interval_8,Interval_8,Interval_7,Interval_7
Interval_2,Interval_3,Interval_7,Interval_7,Interval_7,Interval_7
Interval_2,Interval_2,Interval_6,Interval_7,Interval_7,Interval_7
Interval_2,Interval_2,Interval_5,Interval_9,Interval_6,Interval_7
Interval_2,Interval_3,Interval_5,Interval_9,Interval_6,Interval_7
Interval_2,Interval_3,Interval_5,Interval_9,Interval_7,Interval_7
Interval_2,Interval_2,Interval_5,Interval_9,Interval_6,Interval_7
Interval_2,Interval_2,Interval_6,Interval_10,Interval_7,Interval_7
Interval_2,Interval_4,Interval_7,Interval_9,Interval_6,Interval_7
Interval_2,Interval_5,Interval_7,Interval_8,Interval_7,Interval_7
Interval_2,Interval_3,Interval_7,Interval_7,Interval_7,Interval_7
Interval_2,Interval_2,Interval_5,Interval_8,Interval_7,Interval_7
Interval_2,Interval_2,Interval_5,Interval_9,Interval_7,Interval_7
Interval_2,Interval_3,Interval_5,Interval_9,Interval_7,Interval_7
Interval_2,Interval_3,Interval_5,Interval_9,Interval_7,Interval_7
Interval_2,Interval_3,Interval_5,Interval_8,Interval_7,Interval_7
Interval_2,Interval_3,Interval_5,Interval_9,Interval_7,Interval_7
Interval_2,Interval_3,Interval_5,Interval_9,Interval_7,Interval_7
Interval_2,Interval_3,Interval_5,Interval_9,Interval_7,Interval_7
Interval_2,Interval_3,Interval_5,Interval_9,Interval_7,Interval_7
Interval_2,Interval_3,Interval_5,Interval_9,Interval_7,Interval_7
Interval_2,Interval_3,Interval_5,Interval_9,Interval_7,Interval_7
Interval_2,Interval_3,Interval_5,Interval_9,Interval_7,Interval_7
Interval_2,Interval_3,Interval_5,Interval_9,Interval_7,Interval_7
Interval_2,Interval_3,Interval_5,Interval_9,Interval_7,Interval_7
Interval_2,Interval_3,Interval_5,Interval_9,Interval_7,Interval_7
Interval_2,Interval_3,Interval_5,Interval_9,Interval_7,Interval_7
Interval_2,Interval_2,Interval_5,Interval_10,Interval_6,Interval_7
Interval_2,Interval_2,Interval_6,Interval_10,Interval_6,Interval_7
Interval_2,Interval_4,Interval_7,Interval_9,Interval_7,Interval_7
Interval_2,Interval_6,Interval_7,Interval_8,Interval_7,Interval_7
Interval_2,Interval_3,Interval_7,Interval_8,Interval_7,Interval_7
Interval_2,Interval_2,Interval_6,Interval_8,Interval_7,Interval_7
Interval_2,Interval_2,Interval_5,Interval_9,Interval_7,Interval_7
Interval_2,Interval_3,Interval_5,Interval_9,Interval_6,Interval_7
Interval_2,Interval_3,Interval_5,Interval_9,Interval_6,Interval_7
Interval_2,Interval_2,Interval_5,Interval_9,Interval_6,Interval_7
Interval_2,Interval_2,Interval_6,Interval_10,Interval_6,Interval_7
Interval_2,Interval_4,Interval_7,Interval_9,Interval_7,Interval_7
Interval_2,Interval_5,Interval_7,Interval_8,Interval_7,Interval_7
Interval_2,Interval_3,Interval_7,Interval_8,Interval_7,Interval_7
Interval_2,Interval_2,Interval_6,Interval_8,Interval_7,Interval_7
Interval_2,Interval_2,Interval_5,Interval_8,Interval_7,Interval_7
Interval_2,Interval_3,Interval_5,Interval_9,Interval_7,Interval_7
Interval_2,Interval_3,Interval_6,Interval_9,Interval_6,Interval_7
Interval_2,Interval_2,Interval_5,Interval_9,Interval_7,Interval_7
Interval_2,Interval_1,Interval_6,Interval_10,Interval_6,Interval_7
Interval_2,Interval_3,Interval_7,Interval_9,Interval_7,Interval_7
Interval_2,Interval_6,Interval_7,Interval_8,Interval_7,Interval_7
Interval_2,Interval_4,Interval_7,Interval_8,Interval_7,Interval_7
Interval_2,Interval_2,Interval_6,Interval_8,Interval_7,Interval_7
Interval_2,Interval_2,Interval_5,Interval_8,Interval_7,Interval_7
Interval_2,Interval_3,Interval_5,Interval_9,Interval_7,Interval_7
Interval_2,Interval_3,Interval_5,Interval_9,Interval_7,Interval_7
Interval_2,Interval_2,Interval_5,Interval_9,Interval_7,Interval_7
Interval_2,Interval_1,Interval_5,Interval_10,Interval_6,Interval_7
Interval_2,Interval_3,Interval_7,Interval_10,Interval_6,Interval_7
Interval_2,Interval_5,Interval_8,Interval_9,Interval_7,Interval_7
Interval_2,Interval_4,Interval_7,Interval_8,Interval_7,Interval_7
Interval_2,Interval_2,Interval_6,Interval_8,Interval_7,Interval_7
Interval_2,Interval_2,Interval_5,Interval_8,Interval_7,Interval_7
Interval_2,Interval_2,Interval_5,Interval_9,Interval_7,Interval_7
Interval_2,Interval_3,Interval_5,Interval_9,Interval_7,Interval_7
Interval_2,Interval_2,Interval_5,Interval_9,Interval_7,Interval_7
Interval_2,Interval_1,Interval_5,Interval_10,Interval_6,Interval_7
Interval_2,Interval_2,Interval_6,Interval_10,Interval_6,Interval_7
Interval_2,Interval_5,Interval_7,Interval_9,Interval_7,Interval_7
Interval_2,Interval_5,Interval_7,Interval_8,Interval_7,Interval_7
Interval_2,Interval_2,Interval_7,Interval_8,Interval_7,Interval_7
Interval_2,Interval_2,Interval_6,Interval_8,Interval_7,Interval_7
Interval_2,Interval_2,Interval_5,Interval_9,Interval_7,Interval_7
Interval_2,Interval_3,Interval_5,Interval_9,Interval_7,Interval_7
Interval_2,Interval_3,Interval_5,Interval_9,Interval_7,Interval_7
Interval_2,Interval_3,Interval_5,Interval_9,Interval_7,Interval_7
Interval_2,Interval_1,Interval_5,Interval_10,Interval_6,Interval_7
Interval_2,Interval_2,Interval_7,Interval_10,Interval_6,Interval_7
Interval_2,Interval_5,Interval_7,Interval_8,Interval_7,Interval_7
Interval_2,Interval_4,Interval_7,Interval_8,Interval_7,Interval_7
Interval_2,Interval_2,Interval_6,Interval_8,Interval_7,Interval_7
Interval_2,Interval_2,Interval_5,Interval_8,Interval_7,Interval_7
Interval_2,Interval_2,Interval_5,Interval_9,Interval_7,Interval_7
Interval_2,Interval_3,Interval_5,Interval_9,Interval_7,Interval_7
Interval_2,Interval_3,Interval_5,Interval_9,Interval_7,Interval_7
Interval_2,Interval_2,Interval_5,Interval_9,Interval_7,Interval_7
Interval_2,Interval_2,Interval_5,Interval_9,Interval_6,Interval_7
Interval_2,Interval_2,Interval_6,Interval_10,Interval_6,Interval_7
Interval_2,Interval_4,Interval_7,Interval_9,Interval_7,Interval_7
Interval_2,Interval_5,Interval_8,Interval_8,Interval_7,Interval_7
Interval_2,Interval_3,Interval_7,Interval_7,Interval_7,Interval_7
Interval_2,Interval_2,Interval_5,Interval_8,Interval_7,Interval_7
Interval_2,Interval_2,Interval_5,Interval_9,Interval_6,Interval_7
Interval_2,Interval_3,Interval_5,Interval_9,Interval_7,Interval_7
Interval_2,Interval_3,Interval_5,Interval_9,Interval_7,Interval_7
Interval_2,Interval_2,Interval_5,Interval_9,Interval_6,Interval_7
Interval_2,Interval_2,Interval_6,Interval_10,Interval_6,Interval_7
Interval_2,Interval_3,Interval_7,Interval_10,Interval_7,Interval_7
Interval_2,Interval_5,Interval_8,Interval_8,Interval_7,Interval_7
Interval_2,Interval_4,Interval_7,Interval_7,Interval_7,Interval_7
Interval_2,Interval_2,Interval_7,Interval_7,Interval_7,Interval_7
Interval_2,Interval_2,Interval_5,Interval_8,Interval_7,Interval_7
Interval_2,Interval_3,Interval_5,Interval_9,Interval_7,Interval_7
Interval_2,Interval_3,Interval_6,Interval_9,Interval_6,Interval_7
Interval_2,Interval_3,Interval_5,Interval_9,Interval_6,Interval_7
Interval_2,Interval_2,Interval_5,Interval_9,Interval_7,Interval_7
Interval_2,Interval_2,Interval_5,Interval_9,Interval_7,Interval_7
Interval_2,Interval_2,Interval_7,Interval_9,Interval_7,Interval_7
Interval_2,Interval_5,Interval_7,Interval_9,Interval_6,Interval_7
Interval_2,Interval_4,Interval_8,Interval_8,Interval_7,Interval_7
Interval_2,Interval_2,Interval_7,Interval_7,Interval_7,Interval_7
Interval_2,Interval_2,Interval_5,Interval_8,Interval_7,Interval_7
Interval_2,Interval_2,Interval_5,Interval_9,Interval_7,Interval_7
Interval_2,Interval_3,Interval_5,Interval_9,Interval_7,Interval_7
Interval_2,Interval_3,Interval_5,Interval_9,Interval_7,Interval_7
Interval_2,Interval_2,Interval_5,Interval_9,Interval_7,Interval_7
Interval_2,Interval_1,Interval_6,Interval_10,Interval_6,Interval_7
Interval_2,Interval_3,Interval_7,Interval_10,Interval_7,Interval_7
Interval_2,Interval_6,Interval_8,Interval_9,Interval_7,Interval_7
Interval_2,Interval_4,Interval_8,Interval_8,Interval_7,Interval_7
Interval_2,Interval_2,Interval_7,Interval_7,Interval_7,Interval_7
Interval_2,Interval_2,Interval_5,Interval_8,Interval_7,Interval_7
Interval_2,Interval_3,Interval_5,Interval_9,Interval_7,Interval_7
Interval_2,Interval_3,Interval_5,Interval_9,Interval_7,Interval_7
Interval_2,Interval_3,Interval_5,Interval_9,Interval_7,Interval_7
Interval_2,Interval_3,Interval_5,Interval_9,Interval_7,Interval_7
Interval_2,Interval_12,Interval_5,Interval_9,Interval_7,Interval_7
Interval_2,Interval_12,Interval_5,Interval_9,Interval_7,Interval_7
Interval_2,Interval_12,Interval_5,Interval_9,Interval_7,Interval_7
Interval_2,Interval_12,Interval_5,Interval_9,Interval_7,Interval_7
Interval_2,Interval_12,Interval_5,Interval_9,Interval_7,Interval_7
Interval_2,Interval_12,Interval_5,Interval_9,Interval_7,Interval_7
Interval_2,Interval_12,Interval_5,Interval_9,Interval_7,Interval_7
Interval_2,Interval_12,Interval_5,Interval_9,Interval_7,Interval_7
Interval_2,Interval_12,Interval_5,Interval_9,Interval_7,Interval_7
Interval_2,Interval_12,Interval_5,Interval_9,Interval_7,Interval_7
Interval_2,Interval_12,Interval_5,Interval_9,Interval_7,Interval_7
Interval_2,Interval_12,Interval_5,Interval_9,Interval_7,Interval_7
Interval_2,Interval_12,Interval_5,Interval_9,Interval_7,Interval_7
Interval_2,Interval_11,Interval_5,Interval_9,Interval_7,Interval_7
Interval_2,Interval_11,Interval_4,Interval_10,Interval_7,Interval_7
Interval_2,Interval_11,Interval_4,Interval_9,Interval_6,Interval_7
Interval_2,Interval_11,Interval_4,Interval_9,Interval_6,Interval_7
Interval_2,Interval_12,Interval_4,Interval_8,Interval_6,Interval_7
Interval_2,Interval_12,Interval_4,Interval_9,Interval_7,Interval_7
Interval_2,Interval_12,Interval_4,Interval_8,Interval_7,Interval_7
Interval_2,Interval_12,Interval_4,Interval_9,Interval_7,Interval_7
Interval_2,Interval_12,Interval_4,Interval_8,Interval_7,Interval_7
Interval_2,Interval_11,Interval_5,Interval_8,Interval_7,Interval_7
Interval_2,Interval_11,Interval_5,Interval_9,Interval_6,Interval_7
Interval_2,Interval_12,Interval_5,Interval_9,Interval_7,Interval_7
Interval_2,Interval_11,Interval_5,Interval_9,Interval_7,Interval_7
Interval_2,Interval_11,Interval_5,Interval_9,Interval_7,Interval_7
Interval_2,Interval_11,Interval_4,Interval_9,Interval_7,Interval_7
Interval_2,Interval_12,Interval_4,Interval_9,Interval_6,Interval_7
Interval_2,Interval_12,Interval_4,Interval_8,Interval_6,Interval_7
Interval_2,Interval_12,Interval_4,Interval_9,Interval_7,Interval_7
Interval_2,Interval_12,Interval_4,Interval_9,Interval_7,Interval_7
Interval_2,Interval_12,Interval_4,Interval_9,Interval_7,Interval_7
Interval_2,Interval_12,Interval_4,Interval_7,Interval_7,Interval_7
Interval_2,Interval_10,Interval_5,Interval_8,Interval_7,Interval_7
Interval_2,Interval_11,Interval_5,Interval_9,Interval_6,Interval_7
Interval_2,Interval_12,Interval_5,Interval_9,Interval_7,Interval_7
Interval_2,Interval_12,Interval_5,Interval_9,Interval_7,Interval_7
Interval_2,Interval_11,Interval_5,Interval_9,Interval_7,Interval_7
Interval_2,Interval_11,Interval_4,Interval_9,Interval_7,Interval_7
Interval_2,Interval_12,Interval_4,Interval_9,Interval_6,Interval_7
Interval_2,Interval_12,Interval_4,Interval_8,Interval_6,Interval_7
Interval_2,Interval_13,Interval_4,Interval_9,Interval_7,Interval_7
Interval_2,Interval_12,Interval_5,Interval_9,Interval_7,Interval_7
Interval_2,Interval_12,Interval_4,Interval_9,Interval_7,Interval_7
Interval_2,Interval_11,Interval_4,Interval_7,Interval_7,Interval_7
Interval_2,Interval_10,Interval_5,Interval_8,Interval_6,Interval_7
Interval_2,Interval_12,Interval_5,Interval_9,Interval_7,Interval_7
Interval_2,Interval_11,Interval_5,Interval_9,Interval_7,Interval_7
Interval_2,Interval_12,Interval_5,Interval_9,Interval_7,Interval_7
Interval_2,Interval_11,Interval_5,Interval_9,Interval_7,Interval_7
Interval_2,Interval_11,Interval_4,Interval_9,Interval_7,Interval_7
Interval_2,Interval_12,Interval_4,Interval_9,Interval_6,Interval_7
Interval_2,Interval_12,Interval_4,Interval_8,Interval_6,Interval_7
Interval_2,Interval_12,Interval_4,Interval_9,Interval_7,Interval_7
Interval_2,Interval_12,Interval_4,Interval_9,Interval_7,Interval_7
Interval_2,Interval_12,Interval_4,Interval_9,Interval_7,Interval_7
Interval_2,Interval_12,Interval_4,Interval_8,Interval_7,Interval_7
Interval_2,Interval_10,Interval_5,Interval_8,Interval_7,Interval_7
Interval_2,Interval_11,Interval_5,Interval_9,Interval_7,Interval_7
Interval_2,Interval_11,Interval_5,Interval_9,Interval_7,Interval_7
Interval_2,Interval_12,Interval_5,Interval_9,Interval_7,Interval_7
Interval_2,Interval_11,Interval_5,Interval_9,Interval_7,Interval_7
Interval_2,Interval_11,Interval_4,Interval_10,Interval_7,Interval_7
Interval_2,Interval_12,Interval_4,Interval_8,Interval_6,Interval_7
Interval_2,Interval_12,Interval_4,Interval_8,Interval_6,Interval_7
Interval_2,Interval_12,Interval_4,Interval_9,Interval_7,Interval_7
Interval_2,Interval_12,Interval_4,Interval_9,Interval_7,Interval_7
Interval_2,Interval_12,Interval_4,Interval_8,Interval_7,Interval_7
Interval_2,Interval_11,Interval_5,Interval_7,Interval_7,Interval_7
Interval_2,Interval_10,Interval_5,Interval_9,Interval_6,Interval_7
Interval_2,Interval_12,Interval_4,Interval_7,Interval_7,Interval_7
Interval_2,Interval_10,Interval_5,Interval_8,Interval_7,Interval_7
Interval_2,Interval_12,Interval_5,Interval_9,Interval_7,Interval_7
Interval_2,Interval_11,Interval_5,Interval_9,Interval_7,Interval_7
Interval_2,Interval_11,Interval_5,Interval_9,Interval_7,Interval_7
Interval_2,Interval_11,Interval_4,Interval_9,Interval_6,Interval_7
Interval_2,Interval_11,Interval_4,Interval_9,Interval_7,Interval_7
Interval_2,Interval_11,Interval_4,Interval_8,Interval_6,Interval_7
Interval_2,Interval_13,Interval_4,Interval_8,Interval_6,Interval_7
Interval_2,Interval_13,Interval_4,Interval_9,Interval_7,Interval_7
Interval_2,Interval_12,Interval_4,Interval_8,Interval_7,Interval_7
Interval_2,Interval_12,Interval_4,Interval_8,Interval_7,Interval_7
Interval_2,Interval_10,Interval_5,Interval_8,Interval_7,Interval_7
Interval_2,Interval_12,Interval_5,Interval_9,Interval_7,Interval_7
Interval_2,Interval_12,Interval_5,Interval_9,Interval_7,Interval_7
Interval_2,Interval_12,Interval_5,Interval_9,Interval_7,Interval_7
Interval_2,Interval_11,Interval_5,Interval_9,Interval_7,Interval_7
Interval_2,Interval_11,Interval_4,Interval_9,Interval_7,Interval_7
Interval_2,Interval_11,Interval_4,Interval_9,Interval_6,Interval_7
Interval_2,Interval_12,Interval_4,Interval_8,Interval_6,Interval_7
Interval_2,Interval_13,Interval_5,Interval_9,Interval_7,Interval_7
Interval_2,Interval_12,Interval_4,Interval_9,Interval_7,Interval_7
Interval_2,Interval_12,Interval_4,Interval_8,Interval_7,Interval_7
Interval_2,Interval_11,Interval_5,Interval_8,Interval_7,Interval_7
Interval_2,Interval_10,Interval_5,Interval_9,Interval_6,Interval_7
Interval_2,Interval_12,Interval_5,Interval_9,Interval_7,Interval_7
Interval_2,Interval_11,Interval_5,Interval_9,Interval_7,Interval_7
Interval_2,Interval_11,Interval_5,Interval_9,Interval_7,Interval_7
Interval_2,Interval_11,Interval_4,Interval_9,Interval_6,Interval_7
Interval_2,Interval_11,Interval_4,Interval_9,Interval_7,Interval_7
Interval_2,Interval_11,Interval_4,Interval_9,Interval_6,Interval_7
Interval_2,Interval_12,Interval_4,Interval_8,Interval_6,Interval_7
Interval_2,Interval_13,Interval_4,Interval_9,Interval_7,Interval_7
Interval_2,Interval_12,Interval_4,Interval_8,Interval_7,Interval_7
Interval_2,Interval_11,Interval_4,Interval_8,Interval_7,Interval_7
Interval_2,Interval_11,Interval_5,Interval_8,Interval_7,Interval_7
Interval_2,Interval_11,Interval_5,Interval_9,Interval_6,Interval_7
Interval_2,Interval_12,Interval_5,Interval_9,Interval_7,Interval_7
Interval_2,Interval_12,Interval_5,Interval_9,Interval_7,Interval_7
Interval_2,Interval_12,Interval_5,Interval_9,Interval_7,Interval_7
Interval_2,Interval_12,Interval_5,Interval_9,Interval_7,Interval_7
Interval_2,Interval_12,Interval_5,Interval_9,Interval_7,Interval_7
Interval_2,Interval_12,Interval_5,Interval_9,Interval_7,Interval_7
Interval_2,Interval_12,Interval_5,Interval_9,Interval_7,Interval_7
Interval_2,Interval_12,Interval_5,Interval_9,Interval_7,Interval_7
Interval_2,Interval_12,Interval_5,Interval_9,Interval_7,Interval_7
Interval_2,Interval_12,Interval_5,Interval_9,Interval_7,Interval_7
Interval_2,Interval_11,Interval_5,Interval_9,Interval_7,Interval_7
Interval_2,Interval_11,Interval_4,Interval_9,Interval_7,Interval_7
Interval_2,Interval_11,Interval_4,Interval_9,Interval_7,Interval_7
Interval_2,Interval_11,Interval_4,Interval_9,Interval_7,Interval_7
Interval_2,Interval_12,Interval_3,Interval_8,Interval_6,Interval_7
Interval_2,Interval_12,Interval_4,Interval_8,Interval_6,Interval_7
Interval_2,Interval_12,Interval_4,Interval_8,Interval_7,Interval_7
Interval_2,Interval_12,Interval_4,Interval_9,Interval_7,Interval_7
Interval_2,Interval_13,Interval_4,Interval_9,Interval_7,Interval_7
Interval_2,Interval_11,Interval_4,Interval_8,Interval_7,Interval_7
Interval_2,Interval_10,Interval_4,Interval_8,Interval_7,Interval_7
Interval_2,Interval_11,Interval_5,Interval_9,Interval_7,Interval_7
Interval_2,Interval_12,Interval_5,Interval_9,Interval_7,Interval_7
Interval_2,Interval_11,Interval_5,Interval_9,Interval_7,Interval_7
Interval_2,Interval_11,Interval_4,Interval_10,Interval_7,Interval_7
Interval_2,Interval_11,Interval_4,Interval_9,Interval_7,Interval_7
Interval_2,Interval_12,Interval_4,Interval_8,Interval_6,Interval_7
Interval_2,Interval_13,Interval_4,Interval_8,Interval_7,Interval_7
Interval_2,Interval_11,Interval_4,Interval_9,Interval_7,Interval_7
Interval_2,Interval_13,Interval_4,Interval_9,Interval_7,Interval_7
Interval_2,Interval_12,Interval_4,Interval_8,Interval_7,Interval_7
Interval_2,Interval_10,Interval_5,Interval_8,Interval_7,Interval_7
Interval_2,Interval_11,Interval_5,Interval_9,Interval_7,Interval_7
Interval_2,Interval_12,Interval_5,Interval_9,Interval_7,Interval_7
Interval_2,Interval_11,Interval_5,Interval_9,Interval_7,Interval_7
Interval_2,Interval_11,Interval_4,Interval_10,Interval_7,Interval_7
Interval_2,Interval_11,Interval_4,Interval_9,Interval_7,Interval_7
Interval_2,Interval_12,Interval_4,Interval_8,Interval_6,Interval_7
Interval_2,Interval_13,Interval_4,Interval_8,Interval_7,Interval_7
Interval_2,Interval_12,Interval_4,Interval_9,Interval_7,Interval_7
Interval_2,Interval_13,Interval_4,Interval_9,Interval_7,Interval_7
Interval_2,Interval_12,Interval_4,Interval_8,Interval_7,Interval_7
Interval_2,Interval_10,Interval_5,Interval_7,Interval_7,Interval_7
Interval_2,Interval_11,Interval_5,Interval_9,Interval_6,Interval_7
Interval_2,Interval_11,Interval_5,Interval_9,Interval_7,Interval_7
Interval_2,Interval_11,Interval_5,Interval_9,Interval_7,Interval_7
Interval_2,Interval_11,Interval_4,Interval_10,Interval_7,Interval_7
Interval_2,Interval_11,Interval_4,Interval_9,Interval_7,Interval_7
Interval_2,Interval_12,Interval_4,Interval_8,Interval_6,Interval_7
Interval_2,Interval_12,Interval_4,Interval_8,Interval_6,Interval_7
Interval_2,Interval_12,Interval_4,Interval_9,Interval_7,Interval_7
Interval_2,Interval_12,Interval_4,Interval_9,Interval_7,Interval_7
Interval_2,Interval_12,Interval_4,Interval_9,Interval_7,Interval_7
Interval_2,Interval_12,Interval_4,Interval_7,Interval_7,Interval_7
Interval_2,Interval_9,Interval_5,Interval_8,Interval_7,Interval_7
Interval_2,Interval_12,Interval_5,Interval_9,Interval_6,Interval_7
Interval_2,Interval_11,Interval_5,Interval_9,Interval_7,Interval_7
Interval_2,Interval_11,Interval_5,Interval_9,Interval_7,Interval_7
Interval_2,Interval_11,Interval_4,Interval_10,Interval_7,Interval_7
Interval_2,Interval_11,Interval_3,Interval_9,Interval_6,Interval_7
Interval_2,Interval_12,Interval_4,Interval_8,Interval_6,Interval_7
Interval_2,Interval_12,Interval_4,Interval_8,Interval_7,Interval_7
Interval_2,Interval_12,Interval_4,Interval_9,Interval_7,Interval_7
Interval_2,Interval_13,Interval_4,Interval_9,Interval_7,Interval_7
Interval_2,Interval_11,Interval_4,Interval_8,Interval_7,Interval_7
Interval_2,Interval_10,Interval_5,Interval_8,Interval_7,Interval_7
Interval_2,Interval_11,Interval_5,Interval_9,Interval_6,Interval_7
Interval_2,Interval_11,Interval_5,Interval_9,Interval_7,Interval_7
Interval_2,Interval_11,Interval_5,Interval_9,Interval_7,Interval_7
Interval_2,Interval_11,Interval_4,Interval_9,Interval_7,Interval_7
Interval_2,Interval_12,Interval_4,Interval_9,Interval_6,Interval_7
Interval_2,Interval_12,Interval_4,Interval_8,Interval_6,Interval_7
Interval_2,Interval_13,Interval_4,Interval_8,Interval_7,Interval_7
Interval_2,Interval_12,Interval_4,Interval_9,Interval_7,Interval_7
Interval_2,Interval_13,Interval_5,Interval_9,Interval_7,Interval_7
Interval_2,Interval_12,Interval_4,Interval_9,Interval_7,Interval_7
Interval_2,Interval_12,Interval_4,Interval_7,Interval_7,Interval_7
Interval_2,Interval_10,Interval_5,Interval_9,Interval_6,Interval_7
Interval_2,Interval_12,Interval_5,Interval_9,Interval_7,Interval_7
Interval_2,Interval_11,Interval_5,Interval_9,Interval_7,Interval_7
Interval_2,Interval_11,Interval_4,Interval_9,Interval_7,Interval_7
Interval_2,Interval_11,Interval_4,Interval_9,Interval_7,Interval_7
Interval_2,Interval_11,Interval_4,Interval_8,Interval_6,Interval_7
Interval_2,Interval_12,Interval_5,Interval_8,Interval_6,Interval_7
Interval_2,Interval_13,Interval_4,Interval_8,Interval_7,Interval_7
Interval_2,Interval_12,Interval_5,Interval_8,Interval_7,Interval_7
Interval_2,Interval_13,Interval_5,Interval_9,Interval_7,Interval_7
Interval_2,Interval_12,Interval_4,Interval_9,Interval_7,Interval_7
Interval_2,Interval_11,Interval_4,Interval_7,Interval_7,Interval_7
Interval_2,Interval_10,Interval_5,Interval_9,Interval_6,Interval_7
Interval_2,Interval_12,Interval_5,Interval_9,Interval_7,Interval_7
Interval_2,Interval_11,Interval_5,Interval_9,Interval_7,Interval_7
Interval_2,Interval_11,Interval_5,Interval_9,Interval_7,Interval_7
Interval_2,Interval_11,Interval_4,Interval_9,Interval_6,Interval_7
Interval_2,Interval_12,Interval_4,Interval_8,Interval_6,Interval_7
Interval_2,Interval_12,Interval_4,Interval_8,Interval_7,Interval_7
Interval_2,Interval_13,Interval_4,Interval_9,Interval_7,Interval_7
Interval_2,Interval_12,Interval_4,Interval_9,Interval_7,Interval_7
Interval_2,Interval_12,Interval_4,Interval_9,Interval_7,Interval_7
Interval_2,Interval_12,Interval_4,Interval_8,Interval_7,Interval_7
Interval_2,Interval_11,Interval_4,Interval_8,Interval_7,Interval_7
Interval_2,Interval_10,Interval_5,Interval_9,Interval_6,Interval_7
Interval_2,Interval_12,Interval_5,Interval_9,Interval_7,Interval_7
Interval_2,Interval_12,Interval_5,Interval_9,Interval_7,Interval_7
Interval_2,Interval_11,Interval_5,Interval_9,Interval_6,Interval_7
Interval_2,Interval_11,Interval_4,Interval_10,Interval_7,Interval_7
Interval_2,Interval_12,Interval_4,Interval_9,Interval_7,Interval_7
Interval_2,Interval_12,Interval_4,Interval_8,Interval_6,Interval_7
Interval_2,Interval_12,Interval_4,Interval_9,Interval_7,Interval_7
Interval_2,Interval_12,Interval_4,Interval_8,Interval_7,Interval_7
Interval_2,Interval_13,Interval_4,Interval_9,Interval_7,Interval_7
Interval_2,Interval_12,Interval_4,Interval_8,Interval_7,Interval_7
Interval_2,Interval_11,Interval_5,Interval_8,Interval_7,Interval_7
Interval_2,Interval_10,Interval_5,Interval_8,Interval_6,Interval_7
Interval_2,Interval_12,Interval_5,Interval_9,Interval_7,Interval_7
Interval_2,Interval_11,Interval_5,Interval_9,Interval_7,Interval_7
Interval_2,Interval_11,Interval_5,Interval_9,Interval_7,Interval_7
Interval_2,Interval_11,Interval_4,Interval_9,Interval_7,Interval_7
Interval_2,Interval_11,Interval_4,Interval_9,Interval_6,Interval_7
Interval_2,Interval_12,Interval_4,Interval_8,Interval_6,Interval_7
Interval_2,Interval_13,Interval_5,Interval_8,Interval_7,Interval_7
Interval_2,Interval_12,Interval_5,Interval_9,Interval_7,Interval_7
Interval_2,Interval_13,Interval_5,Interval_9,Interval_7,Interval_7
Interval_2,Interval_12,Interval_4,Interval_9,Interval_7,Interval_7
Interval_2,Interval_11,Interval_4,Interval_8,Interval_7,Interval_7
Interval_2,Interval_11,Interval_4,Interval_8,Interval_7,Interval_7
Interval_2,Interval_11,Interval_5,Interval_9,Interval_6,Interval_7
Interval_2,Interval_12,Interval_5,Interval_9,Interval_7,Interval_7
Interval_2,Interval_12,Interval_5,Interval_9,Interval_7,Interval_7
Interval_2,Interval_12,Interval_5,Interval_9,Interval_7,Interval_7
Interval_2,Interval_12,Interval_5,Interval_9,Interval_7,Interval_7
Interval_2,Interval_12,Interval_5,Interval_9,Interval_7,Interval_7
Interval_2,Interval_12,Interval_5,Interval_9,Interval_7,Interval_7
Interval_2,Interval_12,Interval_5,Interval_9,Interval_7,Interval_7
Interval_2,Interval_7,Interval_4,Interval_9,Interval_7,Interval_7
Interval_2,Interval_7,Interval_4,Interval_9,Interval_7,Interval_7
Interval_2,Interval_7,Interval_4,Interval_9,Interval_7,Interval_7
Interval_2,Interval_7,Interval_4,Interval_9,Interval_7,Interval_7
Interval_2,Interval_7,Interval_4,Interval_9,Interval_7,Interval_7
Interval_2,Interval_7,Interval_5,Interval_9,Interval_7,Interval_7
Interval_2,Interval_7,Interval_5,Interval_10,Interval_8,Interval_7
Interval_2,Interval_7,Interval_6,Interval_9,Interval_8,Interval_7
Interval_2,Interval_7,Interval_7,Interval_8,Interval_7,Interval_7
Interval_2,Interval_7,Interval_7,Interval_9,Interval_7,Interval_7
Interval_2,Interval_7,Interval_7,Interval_9,Interval_7,Interval_7
Interval_2,Interval_7,Interval_7,Interval_9,Interval_7,Interval_7
Interval_2,Interval_7,Interval_7,Interval_9,Interval_7,Interval_7
Interval_2,Interval_7,Interval_7,Interval_9,Interval_7,Interval_7
Interval_2,Interval_6,Interval_8,Interval_8,Interval_7,Interval_7
Interval_2,Interval_7,Interval_8,Interval_9,Interval_7,Interval_7
Interval_2,Interval_7,Interval_9,Interval_9,Interval_6,Interval_7
Interval_2,Interval_7,Interval_9,Interval_8,Interval_10,Interval_7
Interval_2,Interval_6,Interval_11,Interval_8,Interval_8,Interval_7
Interval_2,Interval_6,Interval_11,Interval_8,Interval_6,Interval_7
Interval_2,Interval_6,Interval_11,Interval_8,Interval_7,Interval_7
Interval_2,Interval_5,Interval_11,Interval_8,Interval_7,Interval_7
Interval_2,Interval_5,Interval_11,Interval_9,Interval_7,Interval_7
Interval_2,Interval_6,Interval_11,Interval_9,Interval_6,Interval_7
Interval_2,Interval_6,Interval_11,Interval_8,Interval_7,Interval_7
Interval_2,Interval_5,Interval_11,Interval_9,Interval_7,Interval_7
Interval_2,Interval_6,Interval_11,Interval_9,Interval_7,Interval_7
Interval_2,Interval_6,Interval_11,Interval_9,Interval_7,Interval_7
Interval_2,Interval_6,Interval_11,Interval_9,Interval_7,Interval_7
Interval_2,Interval_6,Interval_11,Interval_9,Interval_7,Interval_7
Interval_2,Interval_6,Interval_11,Interval_9,Interval_7,Interval_7
Interval_2,Interval_6,Interval_11,Interval_9,Interval_7,Interval_7
Interval_2,Interval_6,Interval_11,Interval_9,Interval_7,Interval_7
Interval_2,Interval_6,Interval_11,Interval_9,Interval_7,Interval_7
Interval_2,Interval_6,Interval_11,Interval_9,Interval_7,Interval_7
Interval_2,Interval_6,Interval_11,Interval_9,Interval_7,Interval_7
Interval_2,Interval_6,Interval_11,Interval_9,Interval_7,Interval_7
Interval_2,Interval_6,Interval_11,Interval_9,Interval_7,Interval_7
Interval_2,Interval_6,Interval_11,Interval_9,Interval_7,Interval_7
Interval_2,Interval_6,Interval_11,Interval_9,Interval_7,Interval_7
Interval_2,Interval_6,Interval_11,Interval_9,Interval_7,Interval_7
Interval_2,Interval_6,Interval_11,Interval_9,Interval_7,Interval_7
Interval_2,Interval_6,Interval_11,Interval_9,Interval_7,Interval_7
Interval_2,Interval_6,Interval_11,Interval_9,Interval_7,Interval_7
Interval_2,Interval_6,Interval_11,Interval_9,Interval_7,Interval_7
Interval_2,Interval_6,Interval_11,Interval_9,Interval_7,Interval_7
Interval_2,Interval_6,Interval_11,Interval_8,Interval_7,Interval_7
Interval_2,Interval_6,Interval_11,Interval_9,Interval_7,Interval_7
Interval_2,Interval_6,Interval_11,Interval_9,Interval_7,Interval_7
Interval_2,Interval_6,Interval_11,Interval_9,Interval_7,Interval_7
Interval_2,Interval_6,Interval_11,Interval_9,Interval_7,Interval_7
Interval_2,Interval_6,Interval_11,Interval_9,Interval_7,Interval_7
Interval_2,Interval_6,Interval_11,Interval_9,Interval_7,Interval_7
Interval_2,Interval_6,Interval_11,Interval_8,Interval_7,Interval_7
Interval_2,Interval_6,Interval_11,Interval_9,Interval_6,Interval_7
Interval_2,Interval_6,Interval_9,Interval_8,Interval_2,Interval_7
Interval_2,Interval_6,Interval_6,Interval_8,Interval_4,Interval_7
Interval_2,Interval_6,Interval_4,Interval_9,Interval_7,Interval_7
Interval_2,Interval_6,Interval_5,Interval_9,Interval_8,Interval_7
Interval_2,Interval_6,Interval_6,Interval_8,Interval_6,Interval_7
Interval_2,Interval_6,Interval_5,Interval_9,Interval_5,Interval_7
Interval_2,Interval_6,Interval_3,Interval_8,Interval_6,Interval_7
Interval_2,Interval_6,Interval_3,Interval_9,Interval_7,Interval_7
Interval_2,Interval_6,Interval_3,Interval_9,Interval_7,Interval_7
Interval_2,Interval_6,Interval_4,Interval_9,Interval_7,Interval_7
Interval_2,Interval_6,Interval_4,Interval_9,Interval_7,Interval_7
Interval_2,Interval_7,Interval_4,Interval_9,Interval_7,Interval_7
Interval_2,Interval_7,Interval_4,Interval_9,Interval_7,Interval_7
Interval_2,Interval_7,Interval_4,Interval_8,Interval_7,Interval_7
Interval_2,Interval_7,Interval_4,Interval_8,Interval_7,Interval_7
Interval_2,Interval_7,Interval_5,Interval_9,Interval_8,Interval_7
Interval_2,Interval_7,Interval_7,Interval_11,Interval_8,Interval_7
Interval_2,Interval_6,Interval_6,Interval_12,Interval_7,Interval_7
Interval_2,Interval_6,Interval_5,Interval_9,Interval_8,Interval_8
Interval_2,Interval_4,Interval_7,Interval_7,Interval_9,Interval_8
Interval_2,Interval_3,Interval_9,Interval_7,Interval_12,Interval_7
Interval_2,Interval_3,Interval_9,Interval_9,Interval_6,Interval_7
Interval_2,Interval_3,Interval_9,Interval_9,Interval_7,Interval_7
Interval_2,Interval_3,Interval_8,Interval_9,Interval_6,Interval_7
Interval_2,Interval_3,Interval_9,Interval_8,Interval_6,Interval_7
Interval_2,Interval_3,Interval_9,Interval_8,Interval_7,Interval_7
Interval_2,Interval_3,Interval_9,Interval_9,Interval_7,Interval_7
Interval_2,Interval_3,Interval_8,Interval_9,Interval_7,Interval_7
Interval_2,Interval_3,Interval_9,Interval_9,Interval_6,Interval_7
Interval_2,Interval_3,Interval_8,Interval_9,Interval_7,Interval_7
Interval_2,Interval_3,Interval_9,Interval_9,Interval_6,Interval_7
Interval_2,Interval_3,Interval_8,Interval_8,Interval_7,Interval_7
Interval_2,Interval_3,Interval_9,Interval_8,Interval_7,Interval_7
Interval_2,Interval_3,Interval_8,Interval_9,Interval_7,Interval_7
Interval_2,Interval_3,Interval_8,Interval_9,Interval_7,Interval_7
Interval_2,Interval_3,Interval_8,Interval_9,Interval_7,Interval_7
Interval_2,Interval_3,Interval_9,Interval_9,Interval_7,Interval_7
Interval_2,Interval_3,Interval_9,Interval_9,Interval_7,Interval_7
Interval_2,Interval_3,Interval_10,Interval_10,Interval_5,Interval_7
Interval_2,Interval_4,Interval_9,Interval_10,Interval_4,Interval_7
Interval_2,Interval_5,Interval_8,Interval_9,Interval_7,Interval_7
Interval_2,Interval_6,Interval_9,Interval_7,Interval_6,Interval_7
Interval_2,Interval_6,Interval_9,Interval_7,Interval_4,Interval_7
Interval_2,Interval_6,Interval_7,Interval_8,Interval_4,Interval_7
Interval_2,Interval_6,Interval_4,Interval_8,Interval_5,Interval_7
Interval_2,Interval_6,Interval_3,Interval_8,Interval_8,Interval_7
Interval_2,Interval_6,Interval_4,Interval_9,Interval_7,Interval_7
Interval_2,Interval_6,Interval_4,Interval_9,Interval_7,Interval_7
Interval_2,Interval_6,Interval_5,Interval_9,Interval_7,Interval_7
Interval_2,Interval_6,Interval_5,Interval_9,Interval_7,Interval_7
Interval_2,Interval_6,Interval_5,Interval_9,Interval_7,Interval_7
Interval_2,Interval_6,Interval_5,Interval_9,Interval_7,Interval_7
Interval_2,Interval_6,Interval_5,Interval_9,Interval_7,Interval_7
Interval_2,Interval_6,Interval_6,Interval_9,Interval_7,Interval_7
Interval_2,Interval_6,Interval_5,Interval_9,Interval_7,Interval_7
Interval_2,Interval_6,Interval_5,Interval_9,Interval_7,Interval_7
Interval_2,Interval_6,Interval_6,Interval_9,Interval_7,Interval_7
Interval_2,Interval_6,Interval_6,Interval_9,Interval_7,Interval_7
Interval_2,Interval_6,Interval_6,Interval_9,Interval_7,Interval_7
Interval_2,Interval_6,Interval_6,Interval_9,Interval_7,Interval_7
Interval_2,Interval_6,Interval_6,Interval_9,Interval_7,Interval_7
Interval_2,Interval_6,Interval_6,Interval_9,Interval_7,Interval_7
Interval_2,Interval_6,Interval_6,Interval_9,Interval_7,Interval_7
Interval_2,Interval_7,Interval_6,Interval_7,Interval_6,Interval_7
Interval_2,Interval_9,Interval_7,Interval_5,Interval_6,Interval_7
Interval_2,Interval_10,Interval_8,Interval_8,Interval_8,Interval_7
Interval_2,Interval_11,Interval_9,Interval_9,Interval_6,Interval_7
Interval_2,Interval_11,Interval_8,Interval_9,Interval_4,Interval_7
Interval_2,Interval_11,Interval_8,Interval_9,Interval_4,Interval_7
Interval_2,Interval_11,Interval_7,Interval_9,Interval_9,Interval_7
Interval_2,Interval_11,Interval_8,Interval_9,Interval_11,Interval_7
Interval_2,Interval_10,Interval_9,Interval_9,Interval_7,Interval_7
Interval_2,Interval_11,Interval_9,Interval_9,Interval_8,Interval_7
Interval_2,Interval_11,Interval_9,Interval_9,Interval_6,Interval_7
Interval_2,Interval_11,Interval_9,Interval_9,Interval_5,Interval_7
Interval_2,Interval_10,Interval_8,Interval_10,Interval_9,Interval_8
Interval_2,Interval_8,Interval_8,Interval_9,Interval_7,Interval_8
Interval_2,Interval_7,Interval_9,Interval_9,Interval_4,Interval_8
Interval_2,Interval_6,Interval_5,Interval_8,Interval_6,Interval_7
Interval_2,Interval_6,Interval_6,Interval_8,Interval_8,Interval_7
Interval_2,Interval_6,Interval_6,Interval_8,Interval_6,Interval_7
Interval_2,Interval_6,Interval_5,Interval_9,Interval_6,Interval_7
Interval_2,Interval_6,Interval_4,Interval_9,Interval_7,Interval_7
Interval_2,Interval_6,Interval_5,Interval_9,Interval_7,Interval_7
Interval_2,Interval_6,Interval_5,Interval_9,Interval_7,Interval_7
Interval_2,Interval_6,Interval_5,Interval_9,Interval_7,Interval_7
Interval_2,Interval_6,Interval_5,Interval_9,Interval_7,Interval_7
Interval_2,Interval_6,Interval_5,Interval_9,Interval_7,Interval_7
Interval_2,Interval_6,Interval_6,Interval_9,Interval_7,Interval_7
Interval_2,Interval_6,Interval_6,Interval_9,Interval_7,Interval_7
Interval_2,Interval_6,Interval_6,Interval_9,Interval_7,Interval_7
Interval_2,Interval_6,Interval_6,Interval_9,Interval_7,Interval_7
Interval_2,Interval_6,Interval_6,Interval_9,Interval_7,Interval_7
Interval_2,Interval_6,Interval_6,Interval_9,Interval_7,Interval_7
Interval_2,Interval_6,Interval_6,Interval_9,Interval_7,Interval_7
Interval_2,Interval_6,Interval_6,Interval_9,Interval_7,Interval_7
Interval_2,Interval_6,Interval_6,Interval_9,Interval_7,Interval_7
Interval_2,Interval_6,Interval_6,Interval_9,Interval_7,Interval_7
Interval_2,Interval_6,Interval_6,Interval_9,Interval_7,Interval_7
Interval_2,Interval_6,Interval_6,Interval_9,Interval_7,Interval_7
Interval_2,Interval_6,Interval_6,Interval_9,Interval_7,Interval_7
Interval_2,Interval_6,Interval_6,Interval_9,Interval_7,Interval_7
Interval_2,Interval_6,Interval_6,Interval_9,Interval_7,Interval_7
Interval_2,Interval_6,Interval_6,Interval_9,Interval_7,Interval_7
Interval_2,Interval_6,Interval_6,Interval_9,Interval_7,Interval_7
Interval_2,Interval_6,Interval_6,Interval_9,Interval_6,Interval_7
Interval_2,Interval_6,Interval_6,Interval_9,Interval_7,Interval_7
Interval_2,Interval_6,Interval_6,Interval_9,Interval_7,Interval_7
Interval_2,Interval_6,Interval_6,Interval_9,Interval_7,Interval_7
Interval_2,Interval_6,Interval_6,Interval_9,Interval_6,Interval_7
Interval_2,Interval_6,Interval_7,Interval_10,Interval_7,Interval_7
Interval_2,Interval_6,Interval_7,Interval_11,Interval_7,Interval_7
Interval_2,Interval_6,Interval_7,Interval_11,Interval_9,Interval_7
Interval_2,Interval_6,Interval_7,Interval_7,Interval_8,Interval_8
Interval_2,Interval_4,Interval_9,Interval_7,Interval_7,Interval_8
Interval_2,Interval_12,Interval_5,Interval_9,Interval_7,Interval_7
Interval_2,Interval_12,Interval_5,Interval_9,Interval_7,Interval_7
Interval_2,Interval_12,Interval_5,Interval_9,Interval_7,Interval_7
Interval_2,Interval_12,Interval_5,Interval_9,Interval_7,Interval_7
Interval_2,Interval_12,Interval_5,Interval_9,Interval_7,Interval_7
Interval_2,Interval_12,Interval_5,Interval_9,Interval_7,Interval_7
Interval_2,Interval_12,Interval_5,Interval_9,Interval_7,Interval_7
Interval_2,Interval_12,Interval_5,Interval_9,Interval_7,Interval_7
Interval_2,Interval_12,Interval_5,Interval_9,Interval_7,Interval_7
Interval_2,Interval_11,Interval_5,Interval_9,Interval_7,Interval_7
Interval_2,Interval_11,Interval_4,Interval_9,Interval_7,Interval_7
Interval_2,Interval_11,Interval_4,Interval_9,Interval_7,Interval_7
Interval_2,Interval_11,Interval_4,Interval_8,Interval_6,Interval_7
Interval_2,Interval_12,Interval_4,Interval_8,Interval_6,Interval_7
Interval_2,Interval_13,Interval_5,Interval_9,Interval_7,Interval_7
Interval_2,Interval_12,Interval_4,Interval_9,Interval_7,Interval_7
Interval_2,Interval_12,Interval_4,Interval_8,Interval_7,Interval_7
Interval_2,Interval_11,Interval_4,Interval_8,Interval_7,Interval_7
Interval_2,Interval_11,Interval_4,Interval_9,Interval_6,Interval_7
Interval_2,Interval_12,Interval_4,Interval_8,Interval_7,Interval_7
Interval_2,Interval_11,Interval_4,Interval_9,Interval_7,Interval_7
Interval_2,Interval_10,Interval_4,Interval_10,Interval_6,Interval_7
Interval_2,Interval_12,Interval_3,Interval_8,Interval_6,Interval_7
Interval_2,Interval_12,Interval_4,Interval_8,Interval_6,Interval_7
Interval_2,Interval_13,Interval_5,Interval_9,Interval_7,Interval_7
Interval_2,Interval_12,Interval_4,Interval_9,Interval_7,Interval_7
Interval_2,Interval_12,Interval_4,Interval_8,Interval_7,Interval_7
Interval_2,Interval_10,Interval_4,Interval_8,Interval_7,Interval_7
Interval_2,Interval_11,Interval_4,Interval_9,Interval_7,Interval_7
Interval_2,Interval_12,Interval_4,Interval_9,Interval_7,Interval_7
Interval_2,Interval_11,Interval_4,Interval_9,Interval_7,Interval_7
Interval_2,Interval_11,Interval_4,Interval_9,Interval_7,Interval_7
Interval_2,Interval_11,Interval_4,Interval_9,Interval_7,Interval_7
Interval_2,Interval_12,Interval_4,Interval_8,Interval_6,Interval_7
Interval_2,Interval_13,Interval_4,Interval_8,Interval_7,Interval_7
Interval_2,Interval_12,Interval_4,Interval_9,Interval_7,Interval_7
Interval_2,Interval_12,Interval_4,Interval_8,Interval_7,Interval_7
Interval_2,Interval_11,Interval_5,Interval_8,Interval_7,Interval_7
Interval_2,Interval_11,Interval_4,Interval_9,Interval_6,Interval_7
Interval_2,Interval_11,Interval_5,Interval_9,Interval_7,Interval_7
Interval_2,Interval_11,Interval_5,Interval_9,Interval_7,Interval_7
Interval_2,Interval_11,Interval_4,Interval_9,Interval_7,Interval_7
Interval_2,Interval_11,Interval_4,Interval_9,Interval_6,Interval_7
Interval_2,Interval_12,Interval_4,Interval_8,Interval_6,Interval_7
Interval_2,Interval_13,Interval_5,Interval_9,Interval_7,Interval_7
Interval_2,Interval_12,Interval_4,Interval_9,Interval_7,Interval_7
Interval_2,Interval_12,Interval_4,Interval_8,Interval_7,Interval_7
Interval_2,Interval_11,Interval_5,Interval_8,Interval_7,Interval_7
Interval_2,Interval_11,Interval_5,Interval_9,Interval_6,Interval_7
Interval_2,Interval_11,Interval_5,Interval_9,Interval_7,Interval_7
Interval_2,Interval_11,Interval_5,Interval_9,Interval_7,Interval_7
Interval_2,Interval_11,Interval_4,Interval_9,Interval_7,Interval_7
Interval_2,Interval_11,Interval_4,Interval_9,Interval_7,Interval_7
Interval_2,Interval_12,Interval_4,Interval_8,Interval_6,Interval_7
Interval_2,Interval_13,Interval_5,Interval_9,Interval_7,Interval_7
Interval_2,Interval_12,Interval_5,Interval_9,Interval_7,Interval_7
Interval_2,Interval_12,Interval_4,Interval_8,Interval_7,Interval_7
Interval_2,Interval_11,Interval_4,Interval_8,Interval_7,Interval_7
Interval_2,Interval_11,Interval_4,Interval_8,Interval_7,Interval_7
Interval_2,Interval_12,Interval_5,Interval_9,Interval_7,Interval_7
Interval_2,Interval_11,Interval_5,Interval_9,Interval_7,Interval_7
Interval_2,Interval_11,Interval_4,Interval_9,Interval_7,Interval_7
Interval_2,Interval_11,Interval_4,Interval_9,Interval_7,Interval_7
Interval_2,Interval_12,Interval_4,Interval_8,Interval_6,Interval_7
Interval_2,Interval_12,Interval_5,Interval_8,Interval_6,Interval_7
Interval_2,Interval_13,Interval_5,Interval_9,Interval_7,Interval_7
Interval_2,Interval_12,Interval_4,Interval_9,Interval_7,Interval_7
Interval_2,Interval_11,Interval_4,Interval_8,Interval_7,Interval_7
Interval_2,Interval_11,Interval_4,Interval_8,Interval_7,Interval_7
Interval_2,Interval_10,Interval_4,Interval_9,Interval_6,Interval_7
Interval_2,Interval_12,Interval_5,Interval_9,Interval_6,Interval_7
Interval_2,Interval_12,Interval_5,Interval_9,Interval_7,Interval_7
Interval_2,Interval_11,Interval_4,Interval_9,Interval_7,Interval_7
Interval_2,Interval_11,Interval_4,Interval_9,Interval_7,Interval_7
Interval_2,Interval_12,Interval_4,Interval_8,Interval_6,Interval_7
Interval_2,,Interval_4,Interval_8,Interval_7,Interval_7
Interval_2,Interval_12,Interval_4,Interval_9,Interval_7,Interval_7
Interval_2,Interval_12,Interval_4,Interval_8,Interval_7,Interval_7
Interval_2,Interval_11,Interval_4,Interval_8,Interval_7,Interval_7
Interval_2,Interval_10,Interval_5,Interval_9,Interval_6,Interval_7
Interval_2,Interval_12,Interval_5,Interval_9,Interval_7,Interval_7
Interval_2,Interval_11,Interval_5,Interval_9,Interval_7,Interval_7
Interval_2,Interval_11,Interval_4,Interval_9,Interval_7,Interval_7
Interval_2,Interval_12,Interval_4,Interval_9,Interval_7,Interval_7
Interval_2,Interval_12,Interval_4,Interval_8,Interval_6,Interval_7
Interval_2,Interval_13,Interval_5,Interval_9,Interval_7,Interval_7
Interval_2,Interval_12,Interval_5,Interval_9,Interval_7,Interval_7
Interval_2,Interval_12,Interval_4,Interval_8,Interval_7,Interval_7
Interval_2,Interval_11,Interval_5,Interval_8,Interval_7,Interval_7
Interval_2,Interval_10,Interval_4,Interval_9,Interval_6,Interval_7
Interval_2,Interval_12,Interval_5,Interval_9,Interval_7,Interval_7
Interval_2,Interval_11,Interval_5,Interval_9,Interval_7,Interval_7
Interval_2,Interval_11,Interval_4,Interval_9,Interval_7,Interval_7
Interval_2,Interval_11,Interval_4,Interval_9,Interval_7,Interval_7
Interval_2,Interval_12,Interval_4,Interval_8,Interval_6,Interval_7
Interval_2,Interval_13,Interval_5,Interval_8,Interval_7,Interval_7
Interval_2,Interval_13,Interval_5,Interval_9,Interval_7,Interval_7
Interval_2,Interval_12,Interval_4,Interval_9,Interval_7,Interval_7
Interval_2,Interval_11,Interval_4,Interval_8,Interval_7,Interval_7
Interval_2,Interval_11,Interval_5,Interval_8,Interval_7,Interval_7
Interval_2,Interval_11,Interval_5,Interval_9,Interval_6,Interval_7
Interval_2,Interval_11,Interval_5,Interval_9,Interval_7,Interval_7
Interval_2,Interval_11,Interval_5,Interval_9,Interval_7,Interval_7
Interval_2,Interval_11,Interval_4,Interval_9,Interval_7,Interval_7
Interval_2,Interval_11,Interval_4,Interval_9,Interval_6,Interval_7
Interval_2,Interval_12,Interval_5,Interval_8,Interval_6,Interval_7
Interval_2,Interval_13,Interval_5,Interval_9,Interval_7,Interval_7
Interval_2,Interval_12,Interval_5,Interval_9,Interval_7,Interval_7
Interval_2,Interval_11,Interval_4,Interval_8,Interval_7,Interval_7
Interval_2,Interval_11,Interval_5,Interval_8,Interval_7,Interval_7
Interval_2,Interval_11,Interval_5,Interval_8,Interval_7,Interval_7
Interval_2,Interval_10,Interval_5,Interval_9,Interval_7,Interval_7
Interval_2,Interval_12,Interval_5,Interval_9,Interval_7,Interval_7
Interval_2,Interval_11,Interval_5,Interval_9,Interval_7,Interval_7
Interval_2,Interval_12,Interval_5,Interval_9,Interval_7,Interval_7
Interval_2,Interval_12,Interval_5,Interval_9,Interval_7,Interval_7
Interval_2,Interval_12,Interval_5,Interval_9,Interval_7,Interval_7
Interval_2,Interval_8,Interval_7,Interval_9,Interval_7,Interval_7
Interval_2,Interval_8,Interval_7,Interval_9,Interval_7,Interval_7
Interval_2,Interval_8,Interval_8,Interval_9,Interval_7,Interval_7
Interval_2,Interval_6,Interval_8,Interval_8,Interval_9,Interval_8
Interval_2,Interval_3,Interval_9,Interval_7,Interval_10,Interval_8
Interval_2,Interval_3,Interval_10,Interval_9,Interval_5,Interval_7
Interval_2,Interval_4,Interval_10,Interval_10,Interval_6,Interval_7
Interval_2,Interval_4,Interval_10,Interval_8,Interval_8,Interval_7
Interval_2,Interval_3,Interval_10,Interval_8,Interval_8,Interval_7
Interval_2,Interval_4,Interval_9,Interval_8,Interval_8,Interval_7
Interval_2,Interval_3,Interval_10,Interval_8,Interval_7,Interval_7
Interval_2,Interval_3,Interval_9,Interval_9,Interval_8,Interval_7
Interval_2,Interval_3,Interval_8,Interval_9,Interval_8,Interval_7
Interval_2,Interval_3,Interval_8,Interval_9,Interval_6,Interval_7
Interval_2,Interval_3,Interval_8,Interval_8,Interval_6,Interval_7
Interval_2,Interval_3,Interval_9,Interval_8,Interval_5,Interval_7
Interval_2,Interval_3,Interval_9,Interval_9,Interval_3,Interval_7
Interval_2,Interval_3,Interval_9,Interval_10,Interval_5,Interval_7
Interval_2,Interval_4,Interval_10,Interval_11,Interval_5,Interval_7
Interval_2,Interval_4,Interval_10,Interval_8,Interval_6,Interval_7
Interval_2,Interval_3,Interval_10,Interval_7,Interval_7,Interval_7
Interval_2,Interval_3,Interval_10,Interval_8,Interval_7,Interval_7
Interval_2,Interval_3,Interval_10,Interval_10,Interval_7,Interval_7
Interval_2,Interval_3,Interval_8,Interval_10,Interval_7,Interval_7
Interval_2,Interval_3,Interval_8,Interval_8,Interval_6,Interval_7
Interval_2,Interval_3,Interval_9,Interval_7,Interval_6,Interval_8
Interval_2,Interval_3,Interval_10,Interval_9,Interval_4,Interval_7
Interval_2,Interval_3,Interval_9,Interval_11,Interval_4,Interval_7
Interval_2,Interval_4,Interval_10,Interval_9,Interval_5,Interval_7
Interval_2,Interval_4,Interval_10,Interval_9,Interval_5,Interval_7
Interval_2,Interval_3,Interval_10,Interval_8,Interval_5,Interval_7
Interval_2,Interval_3,Interval_10,Interval_9,Interval_5,Interval_7
Interval_2,Interval_3,Interval_9,Interval_9,Interval_6,Interval_7
Interval_2,Interval_3,Interval_8,Interval_10,Interval_5,Interval_7
Interval_2,Interval_3,Interval_8,Interval_9,Interval_5,Interval_7
Interval_2,Interval_3,Interval_8,Interval_8,Interval_5,Interval_7
Interval_2,Interval_3,Interval_9,Interval_9,Interval_5,Interval_7
Interval_2,Interval_3,Interval_9,Interval_10,Interval_5,Interval_7
Interval_2,Interval_3,Interval_9,Interval_10,Interval_6,Interval_7
Interval_2,Interval_3,Interval_9,Interval_10,Interval_5,Interval_7
Interval_2,Interval_4,Interval_9,Interval_8,Interval_5,Interval_8
Interval_2,Interval_3,Interval_10,Interval_8,Interval_7,Interval_7
Interval_2,Interval_3,Interval_11,Interval_9,Interval_7,Interval_7
Interval_2,Interval_3,Interval_10,Interval_10,Interval_7,Interval_7
Interval_2,Interval_3,Interval_9,Interval_9,Interval_7,Interval_7
Interval_2,Interval_4,Interval_8,Interval_7,Interval_8,Interval_7
Interval_2,Interval_3,Interval_9,Interval_7,Interval_7,Interval_7
Interval_2,Interval_3,Interval_10,Interval_9,Interval_7,Interval_7
Interval_2,Interval_3,Interval_10,Interval_10,Interval_8,Interval_7
Interval_2,Interval_4,Interval_9,Interval_9,Interval_8,Interval_7
Interval_2,Interval_3,Interval_9,Interval_8,Interval_8,Interval_7
Interval_2,Interval_3,Interval_10,Interval_7,Interval_10,Interval_7
Interval_2,Interval_3,Interval_9,Interval_8,Interval_8,Interval_7
Interval_2,Interval_3,Interval_9,Interval_7,Interval_8,Interval_7
Interval_2,Interval_3,Interval_9,Interval_8,Interval_7,Interval_7
Interval_2,Interval_3,Interval_9,Interval_9,Interval_7,Interval_7
Interval_2,Interval_3,Interval_9,Interval_9,Interval_6,Interval_7
Interval_2,Interval_4,Interval_9,Interval_9,Interval_7,Interval_7
Interval_2,Interval_3,Interval_10,Interval_9,Interval_7,Interval_7
Interval_2,Interval_4,Interval_10,Interval_9,Interval_7,Interval_7
Interval_2,Interval_3,Interval_10,Interval_9,Interval_7,Interval_7
Interval_2,Interval_4,Interval_10,Interval_8,Interval_7,Interval_7
Interval_2,Interval_4,Interval_10,Interval_8,Interval_7,Interval_7
Interval_2,Interval_3,Interval_10,Interval_8,Interval_8,Interval_7
Interval_2,Interval_3,Interval_10,Interval_8,Interval_8,Interval_7
Interval_2,Interval_3,Interval_10,Interval_8,Interval_8,Interval_7
Interval_2,Interval_3,Interval_9,Interval_8,Interval_8,Interval_7
Interval_2,Interval_3,Interval_9,Interval_8,Interval_8,Interval_7
Interval_2,Interval_3,Interval_9,Interval_8,Interval_7,Interval_7
Interval_2,Interval_3,Interval_9,Interval_9,Interval_7,Interval_7
Interval_2,Interval_3,Interval_9,Interval_9,Interval_6,Interval_7
Interval_2,Interval_3,Interval_9,Interval_9,Interval_7,Interval_7
Interval_2,Interval_3,Interval_9,Interval_9,Interval_7,Interval_7
Interval_2,Interval_3,Interval_9,Interval_9,Interval_7,Interval_7
Interval_2,Interval_3,Interval_9,Interval_9,Interval_6,Interval_7
Interval_2,Interval_3,Interval_9,Interval_9,Interval_6,Interval_7
Interval_2,Interval_3,Interval_9,Interval_8,Interval_6,Interval_7
Interval_2,Interval_4,Interval_9,Interval_8,Interval_6,Interval_7
Interval_2,Interval_3,Interval_10,Interval_8,Interval_8,Interval_7
Interval_2,Interval_3,Interval_9,Interval_9,Interval_8,Interval_7
Interval_2,Interval_3,Interval_9,Interval_8,Interval_9,Interval_7
Interval_2,Interval_3,Interval_9,Interval_8,Interval_8,Interval_7
Interval_2,Interval_3,Interval_9,Interval_8,Interval_8,Interval_7
Interval_2,Interval_3,Interval_9,Interval_9,Interval_7,Interval_7
Interval_2,Interval_3,Interval_9,Interval_9,Interval_6,Interval_7
Interval_2,Interval_3,Interval_9,Interval_9,Interval_5,Interval_7
Interval_2,Interval_3,Interval_9,Interval_9,Interval_4,Interval_7
Interval_2,Interval_3,Interval_9,Interval_9,Interval_5,Interval_7
Interval_2,Interval_3,Interval_10,Interval_8,Interval_7,Interval_7
Interval_2,Interval_3,Interval_10,Interval_8,Interval_9,Interval_7
Interval_2,Interval_3,Interval_9,Interval_8,Interval_9,Interval_7
Interval_2,Interval_3,Interval_9,Interval_10,Interval_8,Interval_7
Interval_2,Interval_3,Interval_8,Interval_9,Interval_7,Interval_7
Interval_2,Interval_4,Interval_9,Interval_8,Interval_8,Interval_7
Interval_2,Interval_3,Interval_11,Interval_8,Interval_7,Interval_7
Interval_2,Interval_4,Interval_10,Interval_8,Interval_8,Interval_7
Interval_2,Interval_3,Interval_10,Interval_9,Interval_8,Interval_7
Interval_2,Interval_4,Interval_10,Interval_8,Interval_8,Interval_7
Interval_2,Interval_4,Interval_10,Interval_8,Interval_7,Interval_7
Interval_2,Interval_3,Interval_10,Interval_8,Interval_7,Interval_7
Interval_2,Interval_3,Interval_10,Interval_9,Interval_7,Interval_7
Interval_2,Interval_3,Interval_9,Interval_8,Interval_8,Interval_7
Interval_2,Interval_3,Interval_9,Interval_8,Interval_8,Interval_7
Interval_2,Interval_3,Interval_9,Interval_8,Interval_6,Interval_7
Interval_2,Interval_3,Interval_9,Interval_9,Interval_7,Interval_7
Interval_2,Interval_3,Interval_9,Interval_10,Interval_4,Interval_7
Interval_2,Interval_3,Interval_9,Interval_9,Interval_5,Interval_7
Interval_2,Interval_3,Interval_9,Interval_9,Interval_6,Interval_7
Interval_2,Interval_3,Interval_9,Interval_9,Interval_5,Interval_7
Interval_2,Interval_4,Interval_10,Interval_8,Interval_6,Interval_7
Interval_2,Interval_3,Interval_10,Interval_9,Interval_4,Interval_7
Interval_2,Interval_3,Interval_10,Interval_8,Interval_7,Interval_7
Interval_2,Interval_3,Interval_9,Interval_10,Interval_5,Interval_7
Interval_2,Interval_3,Interval_8,Interval_9,Interval_7,Interval_7
Interval_2,Interval_3,Interval_8,Interval_8,Interval_7,Interval_7
Interval_2,Interval_3,Interval_8,Interval_9,Interval_4,Interval_7
Interval_2,Interval_3,Interval_9,Interval_9,Interval_4,Interval_7
Interval_2,Interval_3,Interval_10,Interval_11,Interval_3,Interval_7
Interval_2,Interval_3,Interval_9,Interval_10,Interval_5,Interval_7
Interval_2,Interval_4,Interval_9,Interval_9,Interval_5,Interval_7
Interval_2,Interval_3,Interval_9,Interval_7,Interval_6,Interval_7
Interval_2,Interval_3,Interval_10,Interval_8,Interval_8,Interval_7
Interval_2,Interval_3,Interval_10,Interval_10,Interval_9,Interval_7
Interval_2,Interval_3,Interval_8,Interval_10,Interval_7,Interval_7
Interval_2,Interval_3,Interval_8,Interval_9,Interval_6,Interval_7
Interval_2,Interval_4,Interval_12,Interval_12,Interval_7,Interval_7
Interval_2,Interval_7,Interval_11,Interval_12,Interval_11,Interval_7
Interval_2,Interval_9,Interval_9,Interval_10,Interval_11,Interval_7
Interval_2,Interval_10,Interval_10,Interval_10,Interval_9,Interval_7
Interval_2,Interval_10,Interval_8,Interval_9,Interval_8,Interval_7
Interval_2,Interval_10,Interval_7,Interval_9,Interval_7,Interval_7
Interval_2,Interval_10,Interval_7,Interval_9,Interval_8,Interval_7
Interval_2,Interval_10,Interval_7,Interval_9,Interval_6,Interval_7
Interval_2,Interval_10,Interval_6,Interval_9,Interval_7,Interval_7
Interval_2,Interval_10,Interval_6,Interval_9,Interval_7,Interval_7
Interval_2,Interval_10,Interval_6,Interval_9,Interval_6,Interval_7
Interval_2,Interval_10,Interval_6,Interval_9,Interval_6,Interval_7
Interval_2,Interval_10,Interval_6,Interval_8,Interval_4,Interval_7
Interval_2,Interval_9,Interval_8,Interval_5,Interval_3,Interval_8
Interval_2,Interval_6,Interval_11,Interval_1,Interval_4,Interval_8
Interval_2,Interval_2,Interval_12,Interval_6,Interval_3,Interval_8
Interval_2,Interval_3,Interval_10,Interval_9,Interval_9,Interval_7
Interval_2,Interval_3,Interval_10,Interval_10,Interval_6,Interval_7
Interval_2,Interval_4,Interval_9,Interval_8,Interval_7,Interval_7
Interval_2,Interval_4,Interval_10,Interval_7,Interval_9,Interval_7
Interval_2,Interval_3,Interval_11,Interval_8,Interval_9,Interval_7
Interval_2,Interval_3,Interval_9,Interval_9,Interval_7,Interval_7
Interval_2,Interval_4,Interval_8,Interval_8,Interval_9,Interval_7
Interval_2,Interval_3,Interval_8,Interval_8,Interval_5,Interval_7
Interval_2,Interval_3,Interval_6,Interval_4,Interval_4,Interval_7
Interval_2,Interval_7,Interval_5,,,Interval_7
Interval_2,Interval_9,Interval_7,Interval_7,Interval_4,Interval_7
Interval_2,Interval_10,Interval_7,Interval_9,Interval_6,Interval_7
Interval_2,Interval_10,Interval_5,Interval_9,Interval_6,Interval_7
Interval_2,Interval_10,Interval_5,Interval_8,Interval_5,Interval_7
Interval_2,Interval_11,Interval_5,Interval_8,Interval_6,Interval_7
Interval_2,Interval_11,Interval_5,Interval_8,Interval_6,Interval_7
Interval_2,Interval_10,Interval_5,Interval_8,Interval_5,Interval_7
Interval_2,Interval_9,Interval_4,Interval_12,Interval_9,Interval_7
Interval_2,Interval_8,Interval_4,,Interval_10,Interval_8
Interval_2,Interval_4,Interval_4,Interval_6,,Interval_8
Interval_2,Interval_1,Interval_10,Interval_9,Interval_9,Interval_7
Interval_2,Interval_3,Interval_8,Interval_12,Interval_4,Interval_7
Interval_2,Interval_4,Interval_6,Interval_8,Interval_8,Interval_7
Interval_2,Interval_3,Interval_8,Interval_7,Interval_9,Interval_7
Interval_2,Interval_3,Interval_10,Interval_9,Interval_7,Interval_7
Interval_2,Interval_3,Interval_10,Interval_10,Interval_6,Interval_7
Interval_2,Interval_3,Interval_9,Interval_9,Interval_7,Interval_7
Interval_2,Interval_4,Interval_10,Interval_8,Interval_7,Interval_7
Interval_2,Interval_4,Interval_10,Interval_7,Interval_8,Interval_7
Interval_2,Interval_4,Interval_10,Interval_8,Interval_8,Interval_7
Interval_2,Interval_3,Interval_10,Interval_9,Interval_8,Interval_7
Interval_2,Interval_3,Interval_9,Interval_9,Interval_8,Interval_7
Interval_2,Interval_4,Interval_8,Interval_8,Interval_8,Interval_7
Interval_2,Interval_3,Interval_8,Interval_8,Interval_8,Interval_7
Interval_2,Interval_3,Interval_9,Interval_8,Interval_7,Interval_7
Interval_2,Interval_3,Interval_9,Interval_9,Interval_6,Interval_7
Interval_2,Interval_3,Interval_9,Interval_9,Interval_6,Interval_7
Interval_2,Interval_3,Interval_10,Interval_10,Interval_7,Interval_7
Interval_2,Interval_3,Interval_9,Interval_9,Interval_5,Interval_7
Interval_2,Interval_4,Interval_10,Interval_8,Interval_8,Interval_7
Interval_2,Interval_3,Interval_11,Interval_8,Interval_7,Interval_7
Interval_2,Interval_4,Interval_10,Interval_9,Interval_7,Interval_7
Interval_2,Interval_3,Interval_10,Interval_9,Interval_6,Interval_7
Interval_2,Interval_4,Interval_9,Interval_9,Interval_6,Interval_7
Interval_2,Interval_3,Interval_9,Interval_8,Interval_6,Interval_7
Interval_2,Interval_3,Interval_9,Interval_8,Interval_6,Interval_7
Interval_2,Interval_3,Interval_9,Interval_9,Interval_6,Interval_7
Interval_2,Interval_3,Interval_9,Interval_9,Interval_7,Interval_7
Interval_2,Interval_3,Interval_10,Interval_9,Interval_8,Interval_7
Interval_2,Interval_3,Interval_9,Interval_10,Interval_6,Interval_7
Interval_2,Interval_4,Interval_10,Interval_8,Interval_8,Interval_7
Interval_2,Interval_3,Interval_10,Interval_8,Interval_7,Interval_7
Interval_2,Interval_4,Interval_10,Interval_8,Interval_8,Interval_7
Interval_2,Interval_3,Interval_10,Interval_8,Interval_8,Interval_7
Interval_2,Interval_3,Interval_9,Interval_9,Interval_7,Interval_7
Interval_2,Interval_3,Interval_9,Interval_8,Interval_8,Interval_7
Interval_2,Interval_3,Interval_9,Interval_8,Interval_8,Interval_7
Interval_2,Interval_3,Interval_9,Interval_9,Interval_7,Interval_7
Interval_2,Interval_3,Interval_9,Interval_9,Interval_7,Interval_7
Interval_2,Interval_3,Interval_5,Interval_9,Interval_7,Interval_7
Interval_2,Interval_3,Interval_5,Interval_9,Interval_7,Interval_7
Interval_2,Interval_3,Interval_5,Interval_9,Interval_7,Interval_7
Interval_2,Interval_3,Interval_5,Interval_9,Interval_7,Interval_7
Interval_2,Interval_3,Interval_5,Interval_9,Interval_7,Interval_7
Interval_2,Interval_3,Interval_5,Interval_9,Interval_7,Interval_7
Interval_2,Interval_3,Interval_5,Interval_9,Interval_7,Interval_7
Interval_2,Interval_3,Interval_5,Interval_9,Interval_7,Interval_7
Interval_2,Interval_3,Interval_5,Interval_9,Interval_7,Interval_7
Interval_2,Interval_2,Interval_5,Interval_9,Interval_6,Interval_7
Interval_2,Interval_1,Interval_5,Interval_10,Interval_6,Interval_7
Interval_2,Interval_3,Interval_7,Interval_9,Interval_7,Interval_7
Interval_2,Interval_5,Interval_7,Interval_9,Interval_7,Interval_7
Interval_2,Interval_4,Interval_7,Interval_8,Interval_7,Interval_7
Interval_2,Interval_3,Interval_6,Interval_8,Interval_7,Interval_7
Interval_2,Interval_2,Interval_6,Interval_8,Interval_7,Interval_7
Interval_2,Interval_2,Interval_4,Interval_9,Interval_7,Interval_7
Interval_2,Interval_3,Interval_5,Interval_9,Interval_7,Interval_7
Interval_2,Interval_1,Interval_5,Interval_10,Interval_6,Interval_7
Interval_2,Interval_2,Interval_6,Interval_10,Interval_6,Interval_7
Interval_2,Interval_5,Interval_7,Interval_9,Interval_7,Interval_7
Interval_2,Interval_5,Interval_7,Interval_8,Interval_7,Interval_7
Interval_2,Interval_3,Interval_7,Interval_8,Interval_7,Interval_7
Interval_2,Interval_2,Interval_6,Interval_8,Interval_7,Interval_7
Interval_2,Interval_2,Interval_5,Interval_8,Interval_7,Interval_7
Interval_2,Interval_3,Interval_5,Interval_9,Interval_7,Interval_7
Interval_2,Interval_2,Interval_5,Interval_9,Interval_7,Interval_7
Interval_2,Interval_1,Interval_5,Interval_10,Interval_7,Interval_7
Interval_2,Interval_2,Interval_6,Interval_9,Interval_7,Interval_7
Interval_2,Interval_5,Interval_7,Interval_9,Interval_7,Interval_7
Interval_2,Interval_4,Interval_7,Interval_8,Interval_7,Interval_7
Interval_2,Interval_2,Interval_6,Interval_8,Interval_7,Interval_7
Interval_2,Interval_2,Interval_5,Interval_8,Interval_7,Interval_7
Interval_2,Interval_2,Interval_5,Interval_9,Interval_7,Interval_7
Interval_2,Interval_3,Interval_5,Interval_9,Interval_6,Interval_7
Interval_2,Interval_2,Interval_5,Interval_9,Interval_6,Interval_7
Interval_2,Interval_1,Interval_5,Interval_9,Interval_7,Interval_7
Interval_2,Interval_3,Interval_7,Interval_9,Interval_7,Interval_7
Interval_2,Interval_5,Interval_7,Interval_8,Interval_7,Interval_7
Interval_2,Interval_3,Interval_6,Interval_9,Interval_7,Interval_7
Interval_2,Interval_2,Interval_6,Interval_8,Interval_7,Interval_7
Interval_2,Interval_2,Interval_5,Interval_8,Interval_7,Interval_7
Interval_2,Interval_2,Interval_5,Interval_9,Interval_7,Interval_7
Interval_2,Interval_3,Interval_5,Interval_9,Interval_7,Interval_7
Interval_2,Interval_2,Interval_5,Interval_9,Interval_7,Interval_7
Interval_2,Interval_1,Interval_5,Interval_10,Interval_7,Interval_7
Interval_2,Interval_3,Interval_7,Interval_9,Interval_7,Interval_7
Interval_2,Interval_6,Interval_7,Interval_9,Interval_7,Interval_7
Interval_2,Interval_3,Interval_7,Interval_8,Interval_7,Interval_7
Interval_2,Interval_2,Interval_6,Interval_7,Interval_7,Interval_7
Interval_2,Interval_2,Interval_5,Interval_8,Interval_7,Interval_7
Interval_2,Interval_3,Interval_5,Interval_9,Interval_7,Interval_7
Interval_2,Interval_3,Interval_5,Interval_9,Interval_7,Interval_7
Interval_2,Interval_2,Interval_5,Interval_9,Interval_7,Interval_7
Interval_2,Interval_1,Interval_5,Interval_9,Interval_7,Interval_7
Interval_2,Interval_2,Interval_6,Interval_9,Interval_7,Interval_7
Interval_2,Interval_5,Interval_7,Interval_9,Interval_6,Interval_7
Interval_2,Interval_5,Interval_7,Interval_8,Interval_7,Interval_7
Interval_2,Interval_2,Interval_6,Interval_8,Interval_7,Interval_7
Interval_2,Interval_2,Interval_5,Interval_8,Interval_7,Interval_7
Interval_2,Interval_2,Interval_4,Interval_9,Interval_7,Interval_7
Interval_2,Interval_3,Interval_5,Interval_9,Interval_6,Interval_7
Interval_2,Interval_3,Interval_5,Interval_9,Interval_7,Interval_7
Interval_2,Interval_3,Interval_5,Interval_9,Interval_7,Interval_7
Interval_2,Interval_2,Interval_5,Interval_10,Interval_6,Interval_7
Interval_2,Interval_2,Interval_6,Interval_9,Interval_7,Interval_7
Interval_2,Interval_4,Interval_7,Interval_9,Interval_7,Interval_7
Interval_2,Interval_5,Interval_7,Interval_8,Interval_7,Interval_7
Interval_2,Interval_3,Interval_6,Interval_8,Interval_7,Interval_7
Interval_2,Interval_2,Interval_6,Interval_8,Interval_7,Interval_7
Interval_2,Interval_2,Interval_5,Interval_8,Interval_7,Interval_7
Interval_2,Interval_3,Interval_5,Interval_9,Interval_7,Interval_7
Interval_2,Interval_3,Interval_5,Interval_8,Interval_7,Interval_7
Interval_2,Interval_3,Interval_5,Interval_9,Interval_7,Interval_7
Interval_2,Interval_2,Interval_5,Interval_9,Interval_7,Interval_7
Interval_2,Interval_1,Interval_5,Interval_10,Interval_7,Interval_7
Interval_2,Interval_3,Interval_7,Interval_9,Interval_7,Interval_7
Interval_2,Interval_6,Interval_7,Interval_8,Interval_7,Interval_7
Interval_2,Interval_3,Interval_7,Interval_8,Interval_7,Interval_7
Interval_2,Interval_2,Interval_6,Interval_8,Interval_7,Interval_7
Interval_2,Interval_2,Interval_5,Interval_8,Interval_7,Interval_7
Interval_2,Interval_3,Interval_5,Interval_9,Interval_7,Interval_7
Interval_2,Interval_3,Interval_5,Interval_9,Interval_7,Interval_7
Interval_2,Interval_3,Interval_5,Interval_9,Interval_7,Interval_7
Interval_2,Interval_2,Interval_5,Interval_9,Interval_7,Interval_7
Interval_2,Interval_1,Interval_5,Interval_10,Interval_6,Interval_7
Interval_2,Interval_3,Interval_6,Interval_9,Interval_7,Interval_7
Interval_2,Interval_5,Interval_7,Interval_9,Interval_7,Interval_7
Interval_2,Interval_4,Interval_7,Interval_8,Interval_7,Interval_7
Interval_2,Interval_2,Interval_6,Interval_8,Interval_7,Interval_7
Interval_2,Interval_2,Interval_5,Interval_8,Interval_7,Interval_7
Interval_2,Interval_2,Interval_5,Interval_9,Interval_7,Interval_7
Interval_2,Interval_3,Interval_5,Interval_9,Interval_7,Interval_7
Interval_2,Interval_3,Interval_5,Interval_9,Interval_7,Interval_7
Interval_2,Interval_3,Interval_5,Interval_9,Interval_7,Interval_7
Interval_2,Interval_2,Interval_5,Interval_9,Interval_6,Interval_7
Interval_2,Interval_2,Interval_6,Interval_10,Interval_7,Interval_7
Interval_2,Interval_4,Interval_7,Interval_10,Interval_7,Interval_7
Interval_2,Interval_5,Interval_7,Interval_8,Interval_7,Interval_7
Interval_2,Interval_3,Interval_6,Interval_7,Interval_7,Interval_7
Interval_2,Interval_2,Interval_5,Interval_8,Interval_7,Interval_7
Interval_2,Interval_2,Interval_4,Interval_8,Interval_7,Interval_7
Interval_2,Interval_3,Interval_5,Interval_9,Interval_7,Interval_7
Interval_2,Interval_3,Interval_5,Interval_9,Interval_7,Interval_7
Interval_2,Interval_3,Interval_5,Interval_9,Interval_6,Interval_7
Interval_2,Interval_3,Interval_5,Interval_9,Interval_7,Interval_7
Interval_2,Interval_3,Interval_5,Interval_9,Interval_7,Interval_7
Interval_2,Interval_3,Interval_5,Interval_9,Interval_7,Interval_7
Interval_2,Interval_3,Interval_5,Interval_9,Interval_7,Interval_7
Interval_2,Interval_3,Interval_5,Interval_9,Interval_7,Interval_7
Interval_2,Interval_3,Interval_5,Interval_9,Interval_7,Interval_7
Interval_2,Interval_3,Interval_5,Interval_9,Interval_7,Interval_7
Interval_2,Interval_1,Interval_5,Interval_10,Interval_6,Interval_7
Interval_2,Interval_3,Interval_7,Interval_9,Interval_7,Interval_7
Interval_2,Interval_6,Interval_7,Interval_8,Interval_7,Interval_7
Interval_2,Interval_4,Interval_7,Interval_8,Interval_7,Interval_7
Interval_2,Interval_2,Interval_6,Interval_8,Interval_7,Interval_7
Interval_2,Interval_2,Interval_5,Interval_8,Interval_7,Interval_7
Interval_2,Interval_3,Interval_5,Interval_9,Interval_7,Interval_7
Interval_2,Interval_2,Interval_5,Interval_9,Interval_6,Interval_7
Interval_2,Interval_1,Interval_5,Interval_10,Interval_6,Interval_7
Interval_2,Interval_3,Interval_7,Interval_10,Interval_6,Interval_7
Interval_2,Interval_6,Interval_8,Interval_8,Interval_7,Interval_7
,Interval_3,Interval_7,Interval_8,Interval_7,Interval_7
Interval_2,Interval_2,Interval_5,Interval_7,Interval_7,Interval_7
Interval_2,Interval_2,Interval_5,Interval_9,Interval_7,Interval_7
Interval_2,Interval_3,Interval_5,Interval_9,Interval_6,Interval_7
Interval_2,Interval_3,Interval_5,Interval_9,Interval_7,Interval_7
Interval_2,Interval_1,Interval_4,Interval_9,Interval_7,Interval_7
Interval_2,Interval_2,Interval_6,Interval_10,Interval_6,Interval_7
Interval_2,Interval_5,Interval_7,Interval_9,Interval_6,Interval_7
Interval_2,Interval_5,Interval_7,Interval_8,Interval_7,Interval_7
Interval_2,Interval_2,Interval_6,Interval_7,Interval_7,Interval_7
Interval_2,Interval_2,Interval_5,Interval_8,Interval_7,Interval_7
Interval_2,Interval_2,Interval_5,Interval_9,Interval_7,Interval_7
Interval_2,Interval_3,Interval_5,Interval_9,Interval_7,Interval_7
Interval_2,Interval_2,Interval_5,Interval_9,Interval_7,Interval_7
Interval_2,Interval_1,Interval_5,Interval_10,Interval_6,Interval_7
Interval_2,Interval_3,Interval_7,Interval_9,Interval_6,Interval_7
Interval_2,Interval_6,Interval_7,Interval_8,Interval_7,Interval_7
Interval_2,Interval_3,Interval_7,Interval_8,Interval_7,Interval_7
Interval_2,Interval_2,Interval_6,Interval_7,Interval_7,Interval_7
Interval_2,Interval_2,Interval_5,Interval_8,Interval_7,Interval_7
Interval_2,Interval_3,Interval_5,Interval_9,Interval_7,Interval_7
Interval_2,Interval_3,Interval_5,Interval_9,Interval_7,Interval_7
Interval_2,Interval_2,Interval_4,Interval_9,Interval_6,Interval_7
Interval_2,Interval_1,Interval_6,Interval_10,Interval_6,Interval_7
Interval_2,Interval_4,Interval_7,Interval_9,Interval_7,Interval_7
Interval_2,Interval_6,Interval_8,Interval_8,Interval_7,Interval_7
Interval_2,Interval_3,Interval_7,Interval_7,Interval_7,Interval_7
Interval_2,Interval_2,Interval_5,Interval_8,Interval_7,Interval_7
Interval_2,Interval_2,Interval_5,Interval_9,Interval_7,Interval_7
Interval_2,Interval_3,Interval_5,Interval_9,Interval_7,Interval_7
Interval_2,Interval_3,Interval_5,Interval_9,Interval_7,Interval_7
Interval_2,Interval_2,Interval_5,Interval_9,Interval_6,Interval_7
Interval_2,Interval_1,Interval_6,Interval_10,Interval_7,Interval_7
Interval_2,Interval_4,Interval_7,Interval_9,Interval_6,Interval_7
Interval_2,Interval_5,Interval_8,Interval_8,Interval_7,Interval_7
Interval_2,Interval_3,Interval_7,Interval_7,Interval_7,Interval_7
Interval_2,Interval_2,Interval_5,Interval_8,Interval_7,Interval_7
Interval_2,Interval_2,Interval_5,Interval_9,Interval_7,Interval_7
Interval_2,Interval_3,Interval_5,Interval_9,Interval_7,Interval_7
Interval_2,Interval_3,Interval_5,Interval_9,Interval_6,Interval_7
Interval_2,Interval_2,Interval_5,Interval_9,Interval_6,Interval_7
Interval_2,Interval_2,Interval_6,Interval_10,Interval_7,Interval_7
Interval_2,Interval_4,Interval_7,Interval_9,Interval_6,Interval_7
Interval_2,Interval_6,Interval_8,Interval_8,Interval_7,Interval_7
Interval_2,Interval_3,Interval_7,Interval_8,Interval_7,Interval_7
Interval_2,Interval_2,Interval_6,Interval_8,Interval_7,Interval_7
Interval_2,Interval_2,Interval_5,Interval_9,Interval_7,Interval_7
Interval_2,Interval_3,Interval_5,Interval_9,Interval_7,Interval_7
Interval_2,Interval_3,Interval_5,Interval_9,Interval_6,Interval_7
Interval_2,Interval_2,Interval_4,Interval_9,Interval_6,Interval_7
Interval_2,Interval_2,Interval_6,Interval_10,Interval_7,Interval_7
Interval_2,Interval_4,Interval_7,Interval_9,Interval_6,Interval_7
Interval_2,Interval_5,Interval_7,Interval_8,Interval_7,Interval_7
Interval_2,Interval_3,Interval_7,Interval_7,Interval_7,Interval_7
Interval_2,Interval_2,Interval_5,Interval_8,Interval_7,Interval_7
Interval_2,Interval_2,Interval_5,Interval_9,Interval_7,Interval_7
Interval_2,Interval_3,Interval_5,Interval_9,Interval_7,Interval_7
Interval_2,Interval_3,Interval_5,Interval_9,Interval_7,Interval_7
Interval_2,Interval_2,Interval_5,Interval_9,Interval_6,Interval_7
Interval_2,Interval_2,Interval_6,Interval_10,Interval_7,Interval_7
Interval_2,Interval_4,Interval_7,Interval_9,Interval_6,Interval_7
Interval_2,Interval_6,Interval_8,Interval_8,Interval_7,Interval_7
Interval_2,Interval_3,Interval_7,Interval_7,Interval_7,Interval_7
Interval_2,Interval_2,Interval_6,Interval_7,Interval_7,Interval_7
Interval_2,Interval_2,Interval_5,Interval_9,Interval_6,Interval_7
Interval_2,Interval_3,Interval_5,Interval_9,Interval_6,Interval_7
Interval_2,Interval_3,Interval_5,Interval_9,Interval_7,Interval_7
Interval_2,Interval_2,Interval_5,Interval_9,Interval_6,Interval_7
Interval_2,Interval_2,Interval_6,Interval_10,Interval_7,Interval_7
Interval_2,Interval_5,Interval_7,Interval_8,Interval_7,Interval_7
Interval_2,Interval_3,Interval_7,Interval_7,Interval_7,Interval_7
Interval_2,Interval_2,Interval_5,Interval_8,Interval_7,Interval_7
Interval_2,Interval_2,Interval_5,Interval_9,Interval_7,Interval_7
Interval_2,Interval_3,Interval_5,Interval_9,Interval_7,Interval_7
Interval_2,Interval_3,Interval_5,Interval_9,Interval_7,Interval_7
Interval_2,Interval_3,Interval_5,Interval_8,Interval_7,Interval_7
Interval_2,Interval_3,Interval_5,Interval_9,Interval_7,Interval_7
Interval_2,Interval_3,Interval_5,Interval_9,Interval_7,Interval_7
Interval_2,Interval_3,Interval_5,Interval_9,Interval_7,Interval_7
Interval_2,Interval_3,Interval_5,Interval_9,Interval_7,Interval_7
Interval_2,Interval_3,Interval_5,Interval_9,Interval_7,Interval_7
Interval_2,Interval_3,Interval_5,Interval_9,Interval_7,Interval_7
Interval_2,Interval_3,Interval_5,Interval_9,Interval_7,Interval_7
Interval_2,Interval_3,Interval_5,Interval_9,Interval_7,Interval_7
Interval_2,Interval_3,Interval_5,Interval_9,Interval_7,Interval_7
Interval_2,Interval_3,Interval_5,Interval_9,Interval_7,Interval_7
Interval_2,Interval_3,Interval_5,Interval_9,Interval_7,Interval_7
Interval_2,Interval_2,Interval_5,Interval_10,Interval_6,Interval_7
Interval_2,Interval_2,Interval_6,Interval_10,Interval_6,Interval_7
Interval_2,Interval_4,Interval_7,Interval_9,Interval_7,Interval_7
Interval_2,Interval_6,Interval_7,Interval_8,Interval_7,Interval_7
Interval_2,Interval_3,Interval_7,Interval_8,Interval_7,Interval_7
Interval_2,Interval_2,Interval_6,Interval_8,Interval_7,Interval_7
Interval_2,Interval_2,Interval_5,Interval_9,Interval_7,Interval_7
Interval_2,Interval_3,Interval_5,Interval_9,Interval_6,Interval_7
Interval_2,Interval_3,Interval_5,Interval_9,Interval_6,Interval_7
Interval_2,Interval_2,Interval_5,Interval_9,Interval_6,Interval_7
Interval_2,Interval_2,Interval_6,Interval_10,Interval_6,Interval_7
Interval_2,Interval_4,Interval_7,Interval_9,Interval_7,Interval_7
Interval_2,Interval_5,Interval_7,Interval_8,Interval_7,Interval_7
Interval_2,Interval_3,Interval_7,Interval_8,Interval_7,Interval_7
Interval_2,Interval_2,Interval_6,Interval_8,Interval_7,Interval_7
Interval_2,Interval_2,Interval_5,Interval_8,Interval_7,Interval_7
Interval_2,Interval_3,Interval_5,Interval_9,Interval_7,Interval_7
Interval_2,Interval_3,Interval_6,Interval_9,Interval_6,Interval_7
Interval_2,Interval_2,Interval_5,Interval_9,Interval_7,Interval_7
Interval_2,Interval_1,Interval_6,Interval_10,Interval_6,Interval_7
Interval_2,Interval_3,Interval_7,Interval_9,Interval_7,Interval_7
Interval_2,Interval_6,Interval_7,Interval_8,Interval_7,Interval_7
Interval_2,Interval_4,Interval_7,Interval_8,Interval_7,Interval_7
Interval_2,Interval_2,Interval_6,Interval_8,Interval_7,Interval_7
Interval_2,Interval_2,Interval_5,Interval_8,Interval_7,Interval_7
Interval_2,Interval_3,Interval_5,Interval_9,Interval_7,Interval_7
Interval_2,Interval_3,Interval_5,Interval_9,Interval_7,Interval_7
Interval_2,Interval_2,Interval_5,Interval_9,Interval_7,Interval_7
Interval_2,Interval_1,Interval_5,Interval_10,Interval_6,Interval_7
Interval_2,Interval_3,Interval_7,Interval_10,Interval_6,Interval_7
Interval_2,Interval_5,Interval_8,Interval_9,Interval_7,Interval_7
Interval_2,Interval_4,Interval_7,Interval_8,Interval_7,Interval_7
Interval_2,Interval_2,Interval_6,Interval_8,Interval_7,Interval_7
Interval_2,Interval_2,Interval_5,Interval_8,Interval_7,Interval_7
Interval_2,Interval_2,Interval_5,Interval_9,Interval_7,Interval_7
Interval_2,Interval_3,Interval_5,Interval_9,Interval_7,Interval_7
Interval_2,Interval_2,Interval_5,Interval_9,Interval_7,Interval_7
Interval_2,Interval_1,Interval_5,Interval_10,Interval_6,Interval_7
Interval_2,Interval_2,Interval_6,Interval_10,Interval_6,Interval_7
Interval_2,Interval_5,Interval_7,Interval_9,Interval_7,Interval_7
Interval_2,Interval_5,Interval_7,Interval_8,Interval_7,Interval_7
Interval_2,Interval_2,Interval_7,Interval_8,Interval_7,Interval_7
Interval_2,Interval_2,Interval_6,Interval_8,Interval_7,Interval_7
Interval_2,Interval_2,Interval_5,Interval_9,Interval_7,Interval_7
Interval_2,Interval_3,Interval_5,Interval_9,Interval_7,Interval_7
Interval_2,Interval_3,Interval_5,Interval_9,Interval_7,Interval_7
Interval_2,Interval_3,Interval_5,Interval_9,Interval_7,Interval_7
Interval_2,Interval_1,Interval_5,Interval_10,Interval_6,Interval_7
Interval_2,Interval_2,Interval_7,Interval_10,Interval_6,Interval_7
Interval_2,Interval_5,Interval_7,Interval_8,Interval_7,Interval_7
Interval_2,Interval_4,Interval_7,Interval_8,Interval_7,Interval_7
Interval_2,Interval_2,Interval_6,Interval_8,Interval_7,Interval_7
Interval_2,Interval_2,Interval_5,Interval_8,Interval_7,Interval_7
Interval_2,Interval_2,Interval_5,Interval_9,Interval_7,Interval_7
Interval_2,Interval_3,Interval_5,Interval_9,Interval_7,Interval_7
Interval_2,Interval_3,Interval_5,Interval_9,Interval_7,Interval_7
Interval_2,Interval_2,Interval_5,Interval_9,Interval_7,Interval_7
Interval_2,Interval_2,Interval_5,Interval_9,Interval_6,Interval_7
Interval_2,Interval_2,Interval_6,Interval_10,Interval_6,Interval_7
Interval_2,Interval_4,Interval_7,Interval_9,Interval_7,Interval_7
Interval_2,Interval_5,Interval_8,Interval_8,Interval_7,Interval_7
Interval_2,Interval_3,Interval_7,Interval_7,Interval_7,Interval_7
Interval_2,Interval_2,Interval_5,Interval_8,Interval_7,Interval_7
Interval_2,Interval_2,Interval_5,Interval_9,Interval_6,Interval_7
Interval_2,Interval_3,Interval_5,Interval_9,Interval_7,Interval_7
Interval_2,Interval_3,Interval_5,Interval_9,Interval_7,Interval_7
Interval_2,Interval_2,Interval_5,Interval_9,Interval_6,Interval_7
Interval_2,Interval_2,Interval_6,Interval_10,Interval_6,Interval_7
Interval_2,Interval_3,Interval_7,Interval_10,Interval_7,Interval_7
Interval_2,Interval_5,Interval_8,Interval_8,Interval_7,Interval_7
Interval_2,Interval_4,Interval_7,Interval_7,Interval_7,Interval_7
Interval_2,Interval_2,Interval_7,Interval_7,Interval_7,Interval_7
Interval_2,Interval_2,Interval_5,Interval_8,Interval_7,Interval_7
Interval_2,Interval_3,Interval_5,Interval_9,Interval_7,Interval_7
Interval_2,Interval_3,Interval_6,Interval_9,Interval_6,Interval_7
Interval_2,Interval_3,Interval_5,Interval_9,Interval_6,Interval_7
Interval_2,Interval_2,Interval_5,Interval_9,Interval_7,Interval_7
Interval_2,Interval_2,Interval_5,Interval_9,Interval_7,Interval_7
Interval_2,Interval_2,Interval_7,Interval_9,Interval_7,Interval_7
Interval_2,Interval_5,Interval_7,Interval_9,Interval_6,Interval_7
Interval_2,Interval_4,Interval_8,Interval_8,Interval_7,Interval_7
Interval_2,Interval_2,Interval_7,Interval_7,Interval_7,Interval_7
Interval_2,Interval_2,Interval_5,Interval_8,Interval_7,Interval_7
Interval_2,Interval_2,Interval_5,Interval_9,Interval_7,Interval_7
Interval_2,Interval_3,Interval_5,Interval_9,Interval_7,Interval_7
Interval_2,Interval_3,Interval_5,Interval_9,Interval_7,Interval_7
Interval_2,Interval_2,Interval_5,Interval_9,Interval_7,Interval_7
Interval_2,Interval_1,Interval_6,Interval_10,Interval_6,Interval_7
Interval_2,Interval_3,Interval_7,Interval_10,Interval_7,Interval_7
Interval_2,Interval_6,Interval_8,Interval_9,Interval_7,Interval_7
Interval_2,Interval_4,Interval_8,Interval_8,Interval_7,Interval_7
Interval_2,Interval_2,Interval_7,Interval_7,Interval_7,Interval_7
Interval_2,Interval_2,Interval_5,Interval_8,Interval_7,Interval_7
Interval_2,Interval_3,Interval_5,Interval_9,Interval_7,Interval_7
Interval_2,Interval_3,Interval_5,Interval_9,Interval_7,Interval_7
Interval_2,Interval_3,Interval_5,Interval_9,Interval_7,Interval_7
Interval_2,Interval_3,Interval_5,Interval_9,Interval_7,Interval_7
Interval_2,Interval_7,Interval_4,Interval_9,Interval_7,Interval_7
Interval_2,Interval_7,Interval_4,Interval_9,Interval_7,Interval_7
Interval_2,Interval_7,Interval_4,Interval_9,Interval_7,Interval_7
Interval_2,Interval_7,Interval_4,Interval_9,Interval_7,Interval_7
Interval_2,Interval_7,Interval_4,Interval_9,Interval_7,Interval_7
Interval_2,Interval_7,Interval_5,Interval_9,Interval_7,Interval_7
Interval_2,Interval_7,Interval_5,Interval_10,Interval_8,Interval_7
Interval_2,Interval_7,Interval_6,Interval_9,Interval_8,Interval_7
Interval_2,Interval_7,Interval_7,Interval_8,Interval_7,Interval_7
Interval_2,Interval_7,Interval_7,Interval_9,Interval_7,Interval_7
Interval_2,Interval_7,Interval_7,Interval_9,Interval_7,Interval_7
Interval_2,Interval_7,Interval_7,Interval_9,Interval_7,Interval_7
Interval_2,Interval_7,Interval_7,Interval_9,Interval_7,Interval_7
Interval_2,Interval_7,Interval_7,Interval_9,Interval_7,Interval_7
Interval_2,Interval_6,Interval_8,Interval_8,Interval_7,Interval_7
Interval_2,Interval_7,Interval_8,Interval_9,Interval_7,Interval_7
Interval_2,Interval_7,Interval_9,Interval_9,Interval_6,Interval_7
Interval_2,Interval_7,Interval_9,Interval_8,Interval_10,Interval_7
Interval_2,Interval_6,Interval_11,Interval_8,Interval_8,Interval_7
Interval_2,Interval_6,Interval_11,Interval_8,Interval_6,Interval_7
Interval_2,Interval_6,Interval_11,Interval_8,Interval_7,Interval_7
Interval_2,Interval_5,Interval_11,Interval_8,Interval_7,Interval_7
Interval_2,Interval_5,Interval_11,Interval_9,Interval_7,Interval_7
Interval_2,Interval_6,Interval_11,Interval_9,Interval_6,Interval_7
Interval_2,Interval_6,Interval_11,Interval_8,Interval_7,Interval_7
Interval_2,Interval_5,Interval_11,Interval_9,Interval_7,Interval_7
Interval_2,Interval_6,Interval_11,Interval_9,Interval_7,Interval_7
Interval_2,Interval_6,Interval_11,Interval_9,Interval_7,Interval_7
Interval_2,Interval_6,Interval_11,Interval_9,Interval_7,Interval_7
Interval_2,Interval_6,Interval_11,Interval_9,Interval_7,Interval_7
Interval_2,Interval_6,Interval_11,Interval_9,Interval_7,Interval_7
Interval_2,Interval_6,Interval_11,Interval_9,Interval_7,Interval_7
Interval_2,Interval_6,Interval_11,Interval_9,Interval_7,Interval_7
Interval_2,Interval_6,Interval_11,Interval_9,Interval_7,Interval_7
Interval_2,Interval_6,Interval_11,Interval_9,Interval_7,Interval_7
Interval_2,Interval_6,Interval_11,Interval_9,Interval_7,Interval_7
Interval_2,Interval_6,Interval_11,Interval_9,Interval_7,Interval_7
Interval_2,Interval_6,Interval_11,Interval_9,Interval_7,Interval_7
Interval_2,Interval_6,Interval_11,Interval_9,Interval_7,Interval_7
Interval_2,Interval_6,Interval_11,Interval_9,Interval_7,Interval_7
Interval_2,Interval_6,Interval_11,Interval_9,Interval_7,Interval_7
Interval_2,Interval_6,Interval_11,Interval_9,Interval_7,Interval_7
Interval_2,Interval_6,Interval_11,Interval_9,Interval_7,Interval_7
Interval_2,Interval_6,Interval_11,Interval_9,Interval_7,Interval_7
Interval_2,Interval_6,Interval_11,Interval_9,Interval_7,Interval_7
Interval_2,Interval_6,Interval_11,Interval_9,Interval_7,Interval_7
Interval_2,Interval_6,Interval_11,Interval_8,Interval_7,Interval_7
Interval_2,Interval_6,Interval_11,Interval_9,Interval_7,Interval_7
Interval_2,Interval_6,Interval_11,Interval_9,Interval_7,Interval_7
Interval_2,Interval_6,Interval_11,Interval_9,Interval_7,Interval_7
Interval_2,Interval_6,Interval_11,Interval_9,Interval_7,Interval_7
Interval_2,Interval_6,Interval_11,Interval_9,Interval_7,Interval_7
Interval_2,Interval_6,Interval_11,Interval_9,Interval_7,Interval_7
Interval_2,Interval_6,Interval_11,Interval_8,Interval_7,Interval_7
Interval_2,Interval_6,Interval_11,Interval_9,Interval_6,Interval_7
Interval_2,Interval_6,Interval_9,Interval_8,Interval_2,Interval_7
Interval_2,Interval_6,Interval_6,Interval_8,Interval_4,Interval_7
Interval_2,Interval_6,Interval_4,Interval_9,Interval_7,Interval_7
Interval_2,Interval_6,Interval_5,Interval_9,Interval_8,Interval_7
Interval_2,Interval_6,Interval_6,Interval_8,Interval_6,Interval_7
Interval_2,Interval_6,Interval_5,Interval_9,Interval_5,Interval_7
Interval_2,Interval_6,Interval_3,Interval_8,Interval_6,Interval_7
Interval_2,Interval_6,Interval_3,Interval_9,Interval_7,Interval_7
Interval_2,Interval_6,Interval_3,Interval_9,Interval_7,Interval_7
Interval_2,Interval_6,Interval_4,Interval_9,Interval_7,Interval_7
Interval_2,Interval_6,Interval_4,Interval_9,Interval_7,Interval_7
Interval_2,Interval_7,Interval_4,Interval_9,Interval_7,Interval_7
Interval_2,Interval_7,Interval_4,Interval_9,Interval_7,Interval_7
Interval_2,Interval_7,Interval_4,Interval_8,Interval_7,Interval_7
Interval_2,Interval_7,Interval_4,Interval_8,Interval_7,Interval_7
Interval_2,Interval_7,Interval_5,Interval_9,Interval_8,Interval_7
Interval_2,Interval_7,Interval_7,Interval_11,Interval_8,Interval_7
Interval_2,Interval_6,Interval_6,Interval_12,Interval_7,Interval_7
Interval_2,Interval_6,Interval_5,Interval_9,Interval_8,Interval_8
Interval_2,Interval_4,Interval_7,Interval_7,Interval_9,Interval_8
Interval_2,Interval_3,Interval_9,Interval_7,Interval_12,Interval_7
Interval_2,Interval_3,Interval_9,Interval_9,Interval_6,Interval_7
Interval_2,Interval_3,Interval_9,Interval_9,Interval_7,Interval_7
Interval_2,Interval_3,Interval_8,Interval_9,Interval_6,Interval_7
Interval_2,Interval_3,Interval_9,Interval_8,Interval_6,Interval_7
Interval_2,Interval_3,Interval_9,Interval_8,Interval_7,Interval_7
Interval_2,Interval_3,Interval_9,Interval_9,Interval_7,Interval_7
Interval_2,Interval_3,Interval_8,Interval_9,Interval_7,Interval_7
Interval_2,Interval_3,Interval_9,Interval_9,Interval_6,Interval_7
Interval_2,Interval_3,Interval_8,Interval_9,Interval_7,Interval_7
Interval_2,Interval_3,Interval_9,Interval_9,Interval_6,Interval_7
Interval_2,Interval_3,Interval_8,Interval_8,Interval_7,Interval_7
Interval_2,Interval_3,Interval_9,Interval_8,Interval_7,Interval_7
Interval_2,Interval_3,Interval_8,Interval_9,Interval_7,Interval_7
Interval_2,Interval_3,Interval_8,Interval_9,Interval_7,Interval_7
Interval_2,Interval_3,Interval_8,Interval_9,Interval_7,Interval_7
Interval_2,Interval_3,Interval_9,Interval_9,Interval_7,Interval_7
Interval_2,Interval_3,Interval_9,Interval_9,Interval_7,Interval_7
Interval_2,Interval_3,Interval_10,Interval_10,Interval_5,Interval_7
Interval_2,Interval_4,Interval_9,Interval_10,Interval_4,Interval_7
Interval_2,Interval_5,Interval_8,Interval_9,Interval_7,Interval_7
Interval_2,Interval_6,Interval_9,Interval_7,Interval_6,Interval_7
Interval_2,Interval_6,Interval_9,Interval_7,Interval_4,Interval_7
Interval_2,Interval_6,Interval_7,Interval_8,Interval_4,Interval_7
Interval_2,Interval_6,Interval_4,Interval_8,Interval_5,Interval_7
Interval_2,Interval_6,Interval_3,Interval_8,Interval_8,Interval_7
Interval_2,Interval_6,Interval_4,Interval_9,Interval_7,Interval_7
Interval_2,Interval_6,Interval_4,Interval_9,Interval_7,Interval_7
Interval_2,Interval_6,Interval_5,Interval_9,Interval_7,Interval_7
Interval_2,Interval_6,Interval_5,Interval_9,Interval_7,Interval_7
Interval_2,Interval_6,Interval_5,Interval_9,Interval_7,Interval_7
Interval_2,Interval_6,Interval_5,Interval_9,Interval_7,Interval_7
Interval_2,Interval_6,Interval_5,Interval_9,Interval_7,Interval_7
Interval_2,Interval_6,Interval_6,Interval_9,Interval_7,Interval_7
Interval_2,Interval_6,Interval_5,Interval_9,Interval_7,Interval_7
Interval_2,Interval_6,Interval_5,Interval_9,Interval_7,Interval_7
Interval_2,Interval_6,Interval_6,Interval_9,Interval_7,Interval_7
Interval_2,Interval_6,Interval_6,Interval_9,Interval_7,Interval_7
Interval_2,Interval_6,Interval_6,Interval_9,Interval_7,Interval_7
Interval_2,Interval_6,Interval_6,Interval_9,Interval_7,Interval_7
Interval_2,Interval_6,Interval_6,Interval_9,Interval_7,Interval_7
Interval_2,Interval_6,Interval_6,Interval_9,Interval_7,Interval_7
Interval_2,Interval_6,Interval_6,Interval_9,Interval_7,Interval_7
Interval_2,Interval_7,Interval_6,Interval_7,Interval_6,Interval_7
Interval_2,Interval_9,Interval_7,Interval_5,Interval_6,Interval_7
Interval_2,Interval_10,Interval_8,Interval_8,Interval_8,Interval_7
Interval_2,Interval_11,Interval_9,Interval_9,Interval_6,Interval_7
Interval_2,Interval_11,Interval_8,Interval_9,Interval_4,Interval_7
Interval_2,Interval_11,Interval_8,Interval_9,Interval_4,Interval_7
Interval_2,Interval_11,Interval_7,Interval_9,Interval_9,Interval_7
Interval_2,Interval_11,Interval_8,Interval_9,Interval_11,Interval_7
Interval_2,Interval_10,Interval_9,Interval_9,Interval_7,Interval_7
Interval_2,Interval_11,Interval_9,Interval_9,Interval_8,Interval_7
Interval_2,Interval_11,Interval_9,Interval_9,Interval_6,Interval_7
Interval_2,Interval_11,Interval_9,Interval_9,Interval_5,Interval_7
Interval_2,Interval_10,Interval_8,Interval_10,Interval_9,Interval_8
Interval_2,Interval_8,Interval_8,Interval_9,Interval_7,Interval_8
Interval_2,Interval_7,Interval_9,Interval_9,Interval_4,Interval_8
Interval_2,Interval_6,Interval_5,Interval_8,Interval_6,Interval_7
Interval_2,Interval_6,Interval_6,Interval_8,Interval_8,Interval_7
Interval_2,Interval_6,Interval_6,Interval_8,Interval_6,Interval_7
Interval_2,Interval_6,Interval_5,Interval_9,Interval_6,Interval_7
Interval_2,Interval_6,Interval_4,Interval_9,Interval_7,Interval_7
Interval_2,Interval_6,Interval_5,Interval_9,Interval_7,Interval_7
Interval_2,Interval_6,Interval_5,Interval_9,Interval_7,Interval_7
Interval_2,Interval_6,Interval_5,Interval_9,Interval_7,Interval_7
Interval_2,Interval_6,Interval_5,Interval_9,Interval_7,Interval_7
Interval_2,Interval_6,Interval_5,Interval_9,Interval_7,Interval_7
Interval_2,Interval_6,Interval_6,Interval_9,Interval_7,Interval_7
Interval_2,Interval_6,Interval_6,Interval_9,Interval_7,Interval_7
Interval_2,Interval_6,Interval_6,Interval_9,Interval_7,Interval_7
Interval_2,Interval_6,Interval_6,Interval_9,Interval_7,Interval_7
Interval_2,Interval_6,Interval_6,Interval_9,Interval_7,Interval_7
Interval_2,Interval_6,Interval_6,Interval_9,Interval_7,Interval_7
Interval_2,Interval_6,Interval_6,Interval_9,Interval_7,Interval_7
Interval_2,Interval_6,Interval_6,Interval_9,Interval_7,Interval_7
Interval_2,Interval_6,Interval_6,Interval_9,Interval_7,Interval_7
Interval_2,Interval_6,Interval_6,Interval_9,Interval_7,Interval_7
Interval_2,Interval_6,Interval_6,Interval_9,Interval_7,Interval_7
Interval_2,Interval_6,Interval_6,Interval_9,Interval_7,Interval_7
Interval_2,Interval_6,Interval_6,Interval_9,Interval_7,Interval_7
Interval_2,Interval_6,Interval_6,Interval_9,Interval_7,Interval_7
Interval_2,Interval_6,Interval_6,Interval_9,Interval_7,Interval_7
Interval_2,Interval_6,Interval_6,Interval_9,Interval_7,Interval_7
Interval_2,Interval_6,Interval_6,Interval_9,Interval_7,Interval_7
Interval_2,Interval_6,Interval_6,Interval_9,Interval_6,Interval_7
Interval_2,Interval_6,Interval_6,Interval_9,Interval_7,Interval_7
Interval_2,Interval_6,Interval_6,Interval_9,Interval_7,Interval_7
Interval_2,Interval_6,Interval_6,Interval_9,Interval_7,Interval_7
Interval_2,Interval_6,Interval_6,Interval_9,Interval_6,Interval_7
Interval_2,Interval_6,Interval_7,Interval_10,Interval_7,Interval_7
Interval_2,Interval_6,Interval_7,Interval_11,Interval_7,Interval_7
Interval_2,Interval_6,Interval_7,Interval_11,Interval_9,Interval_7
Interval_2,Interval_6,Interval_7,Interval_7,Interval_8,Interval_8
Interval_2,Interval_4,Interval_9,Interval_7,Interval_7,Interval_8
Interval_2,Interval_8,Interval_7,Interval_9,Interval_7,Interval_7
Interval_2,Interval_8,Interval_7,Interval_9,Interval_7,Interval_7
Interval_2,Interval_8,Interval_8,Interval_9,Interval_7,Interval_7
Interval_2,Interval_6,Interval_8,Interval_8,Interval_9,Interval_8
Interval_2,Interval_3,Interval_9,Interval_7,Interval_10,Interval_8
Interval_2,Interval_3,Interval_10,Interval_9,Interval_5,Interval_7
Interval_2,Interval_4,Interval_10,Interval_10,Interval_6,Interval_7
Interval_2,Interval_4,Interval_10,Interval_8,Interval_8,Interval_7
Interval_2,Interval_3,Interval_10,Interval_8,Interval_8,Interval_7
Interval_2,Interval_4,Interval_9,Interval_8,Interval_8,Interval_7
Interval_2,Interval_3,Interval_10,Interval_8,Interval_7,Interval_7
Interval_2,Interval_3,Interval_9,Interval_9,Interval_8,Interval_7
Interval_2,Interval_3,Interval_8,Interval_9,Interval_8,Interval_7
Interval_2,Interval_3,Interval_8,Interval_9,Interval_6,Interval_7
Interval_2,Interval_3,Interval_8,Interval_8,Interval_6,Interval_7
Interval_2,Interval_3,Interval_9,Interval_8,Interval_5,Interval_7
Interval_2,Interval_3,Interval_9,Interval_9,Interval_3,Interval_7
Interval_2,Interval_3,Interval_9,Interval_10,Interval_5,Interval_7
Interval_2,Interval_4,Interval_10,Interval_11,Interval_5,Interval_7
Interval_2,Interval_4,Interval_10,Interval_8,Interval_6,Interval_7
Interval_2,Interval_3,Interval_10,Interval_7,Interval_7,Interval_7
Interval_2,Interval_3,Interval_10,Interval_8,Interval_7,Interval_7
Interval_2,Interval_3,Interval_10,Interval_10,Interval_7,Interval_7
Interval_2,Interval_3,Interval_8,Interval_10,Interval_7,Interval_7
Interval_2,Interval_3,Interval_8,Interval_8,Interval_6,Interval_7
Interval_2,Interval_3,Interval_9,Interval_7,Interval_6,Interval_8
Interval_2,Interval_3,Interval_10,Interval_9,Interval_4,Interval_7
Interval_2,Interval_3,Interval_9,Interval_11,Interval_4,Interval_7
Interval_2,Interval_4,Interval_10,Interval_9,Interval_5,Interval_7
Interval_2,Interval_4,Interval_10,Interval_9,Interval_5,Interval_7
Interval_2,Interval_3,Interval_10,Interval_8,Interval_5,Interval_7
Interval_2,Interval_3,Interval_10,Interval_9,Interval_5,Interval_7
Interval_2,Interval_3,Interval_9,Interval_9,Interval_6,Interval_7
Interval_2,Interval_3,Interval_8,Interval_10,Interval_5,Interval_7
Interval_2,Interval_3,Interval_8,Interval_9,Interval_5,Interval_7
Interval_2,Interval_3,Interval_8,Interval_8,Interval_5,Interval_7
Interval_2,Interval_3,Interval_9,Interval_9,Interval_5,Interval_7
Interval_2,Interval_3,Interval_9,Interval_10,Interval_5,Interval_7
Interval_2,Interval_3,Interval_9,Interval_10,Interval_6,Interval_7
Interval_2,Interval_3,Interval_9,Interval_10,Interval_5,Interval_7
Interval_2,Interval_4,Interval_9,Interval_8,Interval_5,Interval_8
Interval_2,Interval_3,Interval_10,Interval_8,Interval_7,Interval_7
Interval_2,Interval_3,Interval_11,Interval_9,Interval_7,Interval_7
Interval_2,Interval_3,Interval_10,Interval_10,Interval_7,Interval_7
Interval_2,Interval_3,Interval_9,Interval_9,Interval_7,Interval_7
Interval_2,Interval_4,Interval_8,Interval_7,Interval_8,Interval_7
Interval_2,Interval_3,Interval_9,Interval_7,Interval_7,Interval_7
Interval_2,Interval_3,Interval_10,Interval_9,Interval_7,Interval_7
Interval_2,Interval_3,Interval_10,Interval_10,Interval_8,Interval_7
Interval_2,Interval_4,Interval_9,Interval_9,Interval_8,Interval_7
Interval_2,Interval_3,Interval_9,Interval_8,Interval_8,Interval_7
Interval_2,Interval_3,Interval_10,Interval_7,Interval_10,Interval_7
Interval_2,Interval_3,Interval_9,Interval_8,Interval_8,Interval_7
Interval_2,Interval_3,Interval_9,Interval_7,Interval_8,Interval_7
Interval_2,Interval_3,Interval_9,Interval_8,Interval_7,Interval_7
Interval_2,Interval_3,Interval_9,Interval_9,Interval_7,Interval_7
Interval_2,Interval_3,Interval_9,Interval_9,Interval_6,Interval_7
Interval_2,Interval_4,Interval_9,Interval_9,Interval_7,Interval_7
Interval_2,Interval_3,Interval_10,Interval_9,Interval_7,Interval_7
Interval_2,Interval_4,Interval_10,Interval_9,Interval_7,Interval_7
Interval_2,Interval_3,Interval_10,Interval_9,Interval_7,Interval_7
Interval_2,Interval_4,Interval_10,Interval_8,Interval_7,Interval_7
Interval_2,Interval_4,Interval_10,Interval_8,Interval_7,Interval_7
Interval_2,Interval_3,Interval_10,Interval_8,Interval_8,Interval_7
Interval_2,Interval_3,Interval_10,Interval_8,Interval_8,Interval_7
Interval_2,Interval_3,Interval_10,Interval_8,Interval_8,Interval_7
Interval_2,Interval_3,Interval_9,Interval_8,Interval_8,Interval_7
Interval_2,Interval_3,Interval_9,Interval_8,Interval_8,Interval_7
Interval_2,Interval_3,Interval_9,Interval_8,Interval_7,Interval_7
Interval_2,Interval_3,Interval_9,Interval_9,Interval_7,Interval_7
Interval_2,Interval_3,Interval_9,Interval_9,Interval_6,Interval_7
Interval_2,Interval_3,Interval_9,Interval_9,Interval_7,Interval_7
Interval_2,Interval_3,Interval_9,Interval_9,Interval_7,Interval_7
Interval_2,Interval_3,Interval_9,Interval_9,Interval_7,Interval_7
Interval_2,Interval_3,Interval_9,Interval_8,Interval_6,Interval_7
Interval_2,Interval_4,Interval_9,Interval_8,Interval_6,Interval_7
Interval_2,Interval_3,Interval_10,Interval_8,Interval_8,Interval_7
Interval_2,Interval_3,Interval_9,Interval_9,Interval_8,Interval_7
Interval_2,Interval_3,Interval_9,Interval_8,Interval_9,Interval_7
Interval_2,Interval_3,Interval_9,Interval_8,Interval_8,Interval_7
Interval_2,Interval_3,Interval_9,Interval_8,Interval_8,Interval_7
Interval_2,Interval_3,Interval_9,Interval_9,Interval_7,Interval_7
Interval_2,Interval_3,Interval_9,Interval_9,Interval_6,Interval_7
Interval_2,Interval_3,Interval_9,Interval_9,Interval_5,Interval_7
Interval_2,Interval_3,Interval_9,Interval_9,Interval_4,Interval_7
Interval_2,Interval_3,Interval_9,Interval_9,Interval_5,Interval_7
Interval_2,Interval_3,Interval_10,Interval_8,Interval_7,Interval_7
Interval_2,Interval_3,Interval_10,Interval_8,Interval_9,Interval_7
Interval_2,Interval_3,Interval_9,Interval_8,Interval_9,Interval_7
Interval_2,Interval_3,Interval_9,Interval_10,Interval_8,Interval_7
Interval_2,Interval_3,Interval_8,Interval_9,Interval_7,Interval_7
Interval_2,Interval_4,Interval_9,Interval_8,Interval_8,Interval_7
Interval_2,Interval_3,Interval_11,Interval_8,Interval_7,Interval_7
Interval_2,Interval_4,Interval_10,Interval_8,Interval_8,Interval_7
Interval_2,Interval_3,Interval_10,Interval_9,Interval_8,Interval_7
Interval_2,Interval_4,Interval_10,Interval_8,Interval_8,Interval_7
Interval_2,Interval_4,Interval_10,Interval_8,Interval_7,Interval_7
Interval_2,Interval_3,Interval_10,Interval_8,Interval_7,Interval_7
Interval_2,Interval_3,Interval_10,Interval_9,Interval_7,Interval_7
Interval_2,Interval_3,Interval_9,Interval_8,Interval_8,Interval_7
Interval_2,Interval_3,Interval_9,Interval_8,Interval_8,Interval_7
Interval_2,Interval_3,Interval_9,Interval_8,Interval_6,Interval_7
Interval_2,Interval_3,Interval_9,Interval_9,Interval_7,Interval_7
Interval_2,Interval_3,Interval_9,Interval_10,Interval_4,Interval_7
Interval_2,Interval_3,Interval_9,Interval_9,Interval_5,Interval_7
Interval_2,Interval_3,Interval_9,Interval_9,Interval_6,Interval_7
Interval_2,Interval_3,Interval_9,Interval_9,Interval_5,Interval_7
Interval_2,Interval_4,Interval_10,Interval_8,Interval_6,Interval_7
Interval_2,Interval_3,Interval_10,Interval_9,Interval_4,Interval_7
Interval_2,Interval_3,Interval_10,Interval_8,Interval_7,Interval_7
Interval_2,Interval_3,Interval_9,Interval_10,Interval_5,Interval_7
Interval_2,Interval_3,Interval_8,Interval_9,Interval_7,Interval_7
Interval_2,Interval_3,Interval_8,Interval_8,Interval_7,Interval_7
Interval_2,Interval_3,Interval_8,Interval_9,Interval_4,Interval_7
Interval_2,Interval_3,Interval_9,Interval_9,Interval_4,Interval_7
Interval_2,Interval_3,Interval_10,Interval_11,Interval_3,Interval_7
Interval_2,Interval_3,Interval_9,Interval_10,Interval_5,Interval_7
Interval_2,Interval_4,Interval_9,Interval_9,Interval_5,Interval_7
Interval_2,Interval_3,Interval_9,Interval_7,Interval_6,Interval_7
Interval_2,Interval_3,Interval_10,Interval_8,Interval_8,Interval_7
Interval_2,Interval_3,Interval_10,Interval_10,Interval_9,Interval_7
Interval_2,Interval_3,Interval_8,Interval_10,Interval_7,Interval_7
Interval_2,Interval_3,Interval_8,Interval_9,Interval_6,Interval_7
Interval_2,Interval_4,Interval_12,Interval_12,Interval_7,Interval_7
Interval_2,Interval_7,Interval_11,Interval_12,Interval_11,Interval_7
Interval_2,Interval_9,Interval_9,Interval_10,Interval_11,Interval_7
Interval_2,Interval_10,Interval_10,Interval_10,Interval_9,Interval_7
Interval_2,Interval_10,Interval_8,Interval_9,Interval_8,Interval_7
Interval_2,Interval_10,Interval_7,Interval_9,Interval_7,Interval_7
Interval_2,Interval_10,Interval_7,Interval_9,Interval_8,Interval_7
Interval_2,Interval_10,Interval_7,Interval_9,Interval_6,Interval_7
Interval_2,Interval_10,Interval_6,Interval_9,Interval_7,Interval_7
Interval_2,Interval_10,Interval_6,Interval_9,Interval_7,Interval_7
Interval_2,Interval_10,Interval_6,Interval_9,Interval_6,Interval_7
Interval_2,Interval_10,Interval_6,Interval_9,Interval_6,Interval_7
Interval_2,Interval_10,Interval_6,Interval_8,Interval_4,Interval_7
Interval_2,Interval_9,Interval_8,Interval_5,Interval_3,Interval_8
Interval_2,Interval_6,Interval_11,Interval_1,Interval_4,Interval_8
Interval_2,Interval_2,Interval_12,Interval_6,Interval_3,Interval_8
Interval_2,Interval_3,Interval_10,Interval_9,Interval_9,Interval_7
Interval_2,Interval_3,Interval_10,Interval_10,Interval_6,Interval_7
Interval_2,Interval_4,Interval_9,Interval_8,Interval_7,Interval_7
Interval_2,Interval_4,Interval_10,Interval_7,Interval_9,Interval_7
Interval_2,Interval_3,Interval_11,Interval_8,Interval_9,Interval_7
Interval_2,Interval_3,Interval_9,Interval_9,Interval_7,Interval_7
Interval_2,Interval_4,Interval_8,Interval_8,Interval_9,Interval_7
Interval_2,Interval_3,Interval_8,Interval_8,Interval_5,Interval_7
Interval_2,Interval_3,Interval_6,Interval_4,Interval_4,Interval_7
Interval_2,Interval_7,Interval_5,,,Interval_7
Interval_2,Interval_9,Interval_7,Interval_7,Interval_4,Interval_7
Interval_2,Interval_10,Interval_7,Interval_9,Interval_6,Interval_7
Interval_2,Interval_10,Interval_5,Interval_9,Interval_6,Interval_7
Interval_2,Interval_10,Interval_5,Interval_8,Interval_5,Interval_7
Interval_2,Interval_11,Interval_5,Interval_8,Interval_6,Interval_7
Interval_2,Interval_11,Interval_5,Interval_8,Interval_6,Interval_7
Interval_2,Interval_10,Interval_5,Interval_8,Interval_5,Interval_7
Interval_2,Interval_9,Interval_4,Interval_12,Interval_9,Interval_7
Interval_2,Interval_8,Interval_4,,Interval_10,Interval_8
Interval_2,Interval_4,Interval_4,Interval_6,,Interval_8
Interval_2,Interval_1,Interval_10,Interval_9,Interval_9,Interval_7
Interval_2,Interval_3,Interval_8,Interval_12,Interval_4,Interval_7
Interval_2,Interval_4,Interval_6,Interval_8,Interval_8,Interval_7
Interval_2,Interval_3,Interval_8,Interval_7,Interval_9,Interval_7
Interval_2,Interval_3,Interval_10,Interval_9,Interval_7,Interval_7
Interval_2,Interval_3,Interval_10,Interval_10,Interval_6,Interval_7
Interval_2,Interval_3,Interval_9,Interval_9,Interval_7,Interval_7
Interval_2,Interval_4,Interval_10,Interval_8,Interval_7,Interval_7
Interval_2,Interval_4,Interval_10,Interval_7,Interval_8,Interval_7
Interval_2,Interval_4,Interval_10,Interval_8,Interval_8,Interval_7
Interval_2,Interval_3,Interval_10,Interval_9,Interval_8,Interval_7
Interval_2,Interval_3,Interval_9,Interval_9,Interval_8,Interval_7
Interval_2,Interval_4,Interval_8,Interval_8,Interval_8,Interval_7
Interval_2,Interval_3,Interval_8,Interval_8,Interval_8,Interval_7
Interval_2,Interval_3,Interval_9,Interval_8,Interval_7,Interval_7
Interval_2,Interval_3,Interval_9,Interval_9,Interval_6,Interval_7
Interval_2,Interval_3,Interval_9,Interval_9,Interval_6,Interval_7
Interval_2,Interval_3,Interval_10,Interval_10,Interval_7,Interval_7
Interval_2,Interval_3,Interval_9,Interval_9,Interval_5,Interval_7
Interval_2,Interval_4,Interval_10,Interval_8,Interval_8,Interval_7
Interval_2,Interval_3,Interval_11,Interval_8,Interval_7,Interval_7
Interval_2,Interval_4,Interval_10,Interval_9,Interval_7,Interval_7
Interval_2,Interval_3,Interval_10,Interval_9,Interval_6,Interval_7
Interval_2,Interval_4,Interval_9,Interval_9,Interval_6,Interval_7
Interval_2,Interval_3,Interval_9,Interval_8,Interval_6,Interval_7
Interval_2,Interval_3,Interval_9,Interval_8,Interval_6,Interval_7
Interval_2,Interval_3,Interval_9,Interval_9,Interval_6,Interval_7
Interval_2,Interval_3,Interval_9,Interval_9,Interval_7,Interval_7
Interval_2,Interval_3,Interval_10,Interval_9,Interval_8,Interval_7
Interval_2,Interval_3,Interval_9,Interval_10,Interval_6,Interval_7
Interval_2,Interval_4,Interval_10,Interval_8,Interval_8,Interval_7
Interval_2,Interval_3,Interval_10,Interval_8,Interval_7,Interval_7
Interval_2,Interval_4,Interval_10,Interval_8,Interval_8,Interval_7
Interval_2,Interval_3,Interval_10,Interval_8,Interval_8,Interval_7
Interval_2,Interval_3,Interval_9,Interval_9,Interval_7,Interval_7
Interval_2,Interval_3,Interval_9,Interval_8,Interval_8,Interval_7
Interval_2,Interval_3,Interval_9,Interval_8,Interval_8,Interval_7
Interval_2,Interval_3,Interval_9,Interval_9,Interval_7,Interval_7
Interval_2,Interval_3,Interval_9,Interval_9,Interval_7,Interval_7
Interval_2,Interval_3,Interval_5,Interval_9,Interval_7,Interval_7
Interval_2,Interval_3,Interval_5,Interval_9,Interval_7,Interval_7
Interval_2,Interval_3,Interval_5,Interval_9,Interval_7,Interval_7
Interval_2,Interval_3,Interval_5,Interval_9,Interval_7,Interval_7
Interval_2,Interval_3,Interval_5,Interval_9,Interval_7,Interval_7
Interval_2,Interval_3,Interval_5,Interval_9,Interval_7,Interval_7
Interval_2,Interval_3,Interval_5,Interval_9,Interval_7,Interval_7
Interval_2,Interval_3,Interval_5,Interval_9,Interval_7,Interval_7
Interval_2,Interval_3,Interval_5,Interval_9,Interval_7,Interval_7
Interval_2,Interval_2,Interval_5,Interval_9,Interval_6,Interval_7
Interval_2,Interval_1,Interval_5,Interval_10,Interval_6,Interval_7
Interval_2,Interval_3,Interval_7,Interval_9,Interval_7,Interval_7
Interval_2,Interval_5,Interval_7,Interval_9,Interval_7,Interval_7
Interval_2,Interval_4,Interval_7,Interval_8,Interval_7,Interval_7
Interval_2,Interval_3,Interval_6,Interval_8,Interval_7,Interval_7
Interval_2,Interval_2,Interval_6,Interval_8,Interval_7,Interval_7
Interval_2,Interval_2,Interval_4,Interval_9,Interval_7,Interval_7
Interval_2,Interval_3,Interval_5,Interval_9,Interval_7,Interval_7
Interval_2,Interval_1,Interval_5,Interval_10,Interval_6,Interval_7
Interval_2,Interval_2,Interval_6,Interval_10,Interval_6,Interval_7
Interval_2,Interval_5,Interval_7,Interval_9,Interval_7,Interval_7
Interval_2,Interval_5,Interval_7,Interval_8,Interval_7,Interval_7
Interval_2,Interval_3,Interval_7,Interval_8,Interval_7,Interval_7
Interval_2,Interval_2,Interval_6,Interval_8,Interval_7,Interval_7
Interval_2,Interval_2,Interval_5,Interval_8,Interval_7,Interval_7
Interval_2,Interval_3,Interval_5,Interval_9,Interval_7,Interval_7
Interval_2,Interval_2,Interval_5,Interval_9,Interval_7,Interval_7
Interval_2,Interval_1,Interval_5,Interval_10,Interval_7,Interval_7
Interval_2,Interval_2,Interval_6,Interval_9,Interval_7,Interval_7
Interval_2,Interval_5,Interval_7,Interval_9,Interval_7,Interval_7
Interval_2,Interval_4,Interval_7,Interval_8,Interval_7,Interval_7
Interval_2,Interval_2,Interval_6,Interval_8,Interval_7,Interval_7
Interval_2,Interval_2,Interval_5,Interval_8,Interval_7,Interval_7
Interval_2,Interval_2,Interval_5,Interval_9,Interval_7,Interval_7
Interval_2,Interval_3,Interval_5,Interval_9,Interval_6,Interval_7
Interval_2,Interval_2,Interval_5,Interval_9,Interval_6,Interval_7
Interval_2,Interval_1,Interval_5,Interval_9,Interval_7,Interval_7
Interval_2,Interval_3,Interval_7,Interval_9,Interval_7,Interval_7
Interval_2,Interval_5,Interval_7,Interval_8,Interval_7,Interval_7
Interval_2,Interval_3,Interval_6,Interval_9,Interval_7,Interval_7
Interval_2,Interval_2,Interval_6,Interval_8,Interval_7,Interval_7
Interval_2,Interval_2,Interval_5,Interval_8,Interval_7,Interval_7
Interval_2,Interval_2,Interval_5,Interval_9,Interval_7,Interval_7
Interval_2,Interval_3,Interval_5,Interval_9,Interval_7,Interval_7
Interval_2,Interval_2,Interval_5,Interval_9,Interval_7,Interval_7
Interval_2,Interval_1,Interval_5,Interval_10,Interval_7,Interval_7
Interval_2,Interval_3,Interval_7,Interval_9,Interval_7,Interval_7
Interval_2,Interval_6,Interval_7,Interval_9,Interval_7,Interval_7
Interval_2,Interval_3,Interval_7,Interval_8,Interval_7,Interval_7
Interval_2,Interval_2,Interval_6,Interval_7,Interval_7,Interval_7
Interval_2,Interval_2,Interval_5,Interval_8,Interval_7,Interval_7
Interval_2,Interval_3,Interval_5,Interval_9,Interval_7,Interval_7
Interval_2,Interval_3,Interval_5,Interval_9,Interval_7,Interval_7
Interval_2,Interval_2,Interval_5,Interval_9,Interval_7,Interval_7
Interval_2,Interval_1,Interval_5,Interval_9,Interval_7,Interval_7
Interval_2,Interval_2,Interval_6,Interval_9,Interval_7,Interval_7
Interval_2,Interval_5,Interval_7,Interval_9,Interval_6,Interval_7
Interval_2,Interval_5,Interval_7,Interval_8,Interval_7,Interval_7
Interval_2,Interval_2,Interval_6,Interval_8,Interval_7,Interval_7
Interval_2,Interval_2,Interval_5,Interval_8,Interval_7,Interval_7
Interval_2,Interval_2,Interval_4,Interval_9,Interval_7,Interval_7
Interval_2,Interval_3,Interval_5,Interval_9,Interval_6,Interval_7
Interval_2,Interval_3,Interval_5,Interval_9,Interval_7,Interval_7
Interval_2,Interval_3,Interval_5,Interval_9,Interval_7,Interval_7
Interval_2,Interval_2,Interval_5,Interval_10,Interval_6,Interval_7
Interval_2,Interval_2,Interval_6,Interval_9,Interval_7,Interval_7
Interval_2,Interval_4,Interval_7,Interval_9,Interval_7,Interval_7
Interval_2,Interval_5,Interval_7,Interval_8,Interval_7,Interval_7
Interval_2,Interval_3,Interval_6,Interval_8,Interval_7,Interval_7
Interval_2,Interval_2,Interval_6,Interval_8,Interval_7,Interval_7
Interval_2,Interval_2,Interval_5,Interval_8,Interval_7,Interval_7
Interval_2,Interval_3,Interval_5,Interval_9,Interval_7,Interval_7
Interval_2,Interval_3,Interval_5,Interval_8,Interval_7,Interval_7
Interval_2,Interval_3,Interval_5,Interval_9,Interval_7,Interval_7
Interval_2,Interval_2,Interval_5,Interval_9,Interval_7,Interval_7
Interval_2,Interval_1,Interval_5,Interval_10,Interval_7,Interval_7
Interval_2,Interval_3,Interval_7,Interval_9,Interval_7,Interval_7
Interval_2,Interval_6,Interval_7,Interval_8,Interval_7,Interval_7
Interval_2,Interval_3,Interval_7,Interval_8,Interval_7,Interval_7
Interval_2,Interval_2,Interval_6,Interval_8,Interval_7,Interval_7
Interval_2,Interval_2,Interval_5,Interval_8,Interval_7,Interval_7
Interval_2,Interval_3,Interval_5,Interval_9,Interval_7,Interval_7
Interval_2,Interval_3,Interval_5,Interval_9,Interval_7,Interval_7
Interval_2,Interval_3,Interval_5,Interval_9,Interval_7,Interval_7
Interval_2,Interval_2,Interval_5,Interval_9,Interval_7,Interval_7
Interval_2,Interval_1,Interval_5,Interval_10,Interval_6,Interval_7
Interval_2,Interval_3,Interval_6,Interval_9,Interval_7,Interval_7
Interval_2,Interval_5,Interval_7,Interval_9,Interval_7,Interval_7
Interval_2,Interval_4,Interval_7,Interval_8,Interval_7,Interval_7
Interval_2,Interval_2,Interval_6,Interval_8,Interval_7,Interval_7
Interval_2,Interval_2,Interval_5,Interval_8,Interval_7,Interval_7
Interval_2,Interval_2,Interval_5,Interval_9,Interval_7,Interval_7
Interval_2,Interval_3,Interval_5,Interval_9,Interval_7,Interval_7
Interval_2,Interval_3,Interval_5,Interval_9,Interval_7,Interval_7
Interval_2,Interval_3,Interval_5,Interval_9,Interval_7,Interval_7
Interval_2,Interval_2,Interval_5,Interval_9,Interval_6,Interval_7
Interval_2,Interval_2,Interval_6,Interval_10,Interval_7,Interval_7
Interval_2,Interval_4,Interval_7,Interval_10,Interval_7,Interval_7
Interval_2,Interval_5,Interval_7,Interval_8,Interval_7,Interval_7
Interval_2,Interval_3,Interval_6,Interval_7,Interval_7,Interval_7
Interval_2,Interval_2,Interval_5,Interval_8,Interval_7,Interval_7
Interval_2,Interval_2,Interval_4,Interval_8,Interval_7,Interval_7
Interval_2,Interval_3,Interval_5,Interval_9,Interval_7,Interval_7
Interval_2,Interval_3,Interval_5,Interval_9,Interval_7,Interval_7
Interval_2,Interval_3,Interval_5,Interval_9,Interval_6,Interval_7
Interval_2,Interval_3,Interval_5,Interval_9,Interval_7,Interval_7
Interval_2,Interval_3,Interval_5,Interval_9,Interval_7,Interval_7
Interval_2,Interval_3,Interval_5,Interval_9,Interval_7,Interval_7
Interval_2,Interval_3,Interval_5,Interval_9,Interval_7,Interval_7
Interval_2,Interval_3,Interval_5,Interval_9,Interval_7,Interval_7
Interval_2,Interval_3,Interval_5,Interval_9,Interval_7,Interval_7
Interval_2,Interval_3,Interval_5,Interval_9,Interval_7,Interval_7
Interval_2,Interval_2,Interval_5,Interval_9,Interval_7,Interval_7
Interval_2,Interval_1,Interval_5,Interval_10,Interval_6,Interval_7
Interval_2,Interval_3,Interval_7,Interval_9,Interval_7,Interval_7
Interval_2,Interval_6,Interval_7,Interval_8,Interval_7,Interval_7
Interval_2,Interval_4,Interval_7,Interval_8,Interval_7,Interval_7
Interval_2,Interval_2,Interval_6,Interval_8,Interval_7,Interval_7
Interval_2,Interval_2,Interval_5,Interval_8,Interval_7,Interval_7
Interval_2,Interval_3,Interval_5,Interval_9,Interval_7,Interval_7
Interval_2,Interval_2,Interval_5,Interval_9,Interval_6,Interval_7
Interval_2,Interval_1,Interval_5,Interval_10,Interval_6,Interval_7
Interval_2,Interval_3,Interval_7,Interval_10,Interval_6,Interval_7
Interval_2,Interval_6,Interval_8,Interval_8,Interval_7,Interval_7
Interval_2,Interval_3,Interval_7,Interval_8,Interval_7,Interval_7
Interval_2,Interval_2,Interval_5,Interval_7,Interval_7,Interval_7
Interval_2,Interval_2,Interval_5,Interval_9,Interval_7,Interval_7
Interval_2,Interval_3,Interval_5,Interval_9,Interval_6,Interval_7
Interval_2,Interval_3,Interval_5,Interval_9,Interval_7,Interval_7
Interval_2,Interval_1,Interval_4,Interval_9,Interval_7,Interval_7
Interval_2,Interval_2,Interval_6,Interval_10,Interval_6,Interval_7
Interval_2,Interval_5,Interval_7,Interval_9,Interval_6,Interval_7
Interval_2,Interval_5,Interval_7,Interval_8,Interval_7,Interval_7
Interval_2,Interval_2,Interval_6,Interval_7,Interval_7,Interval_7
Interval_2,Interval_2,Interval_5,Interval_8,Interval_7,Interval_7
Interval_2,Interval_2,Interval_5,Interval_9,Interval_7,Interval_7
Interval_2,Interval_3,Interval_5,Interval_9,Interval_7,Interval_7
Interval_2,Interval_2,Interval_5,Interval_9,Interval_7,Interval_7
Interval_2,Interval_1,Interval_5,Interval_10,Interval_6,Interval_7
Interval_2,Interval_3,Interval_7,Interval_9,Interval_6,Interval_7
Interval_2,Interval_6,Interval_7,Interval_8,Interval_7,Interval_7
Interval_2,Interval_3,Interval_7,Interval_8,Interval_7,Interval_7
Interval_2,Interval_2,Interval_6,Interval_7,Interval_7,Interval_7
Interval_2,Interval_2,Interval_5,Interval_8,Interval_7,Interval_7
Interval_2,Interval_3,Interval_5,Interval_9,Interval_7,Interval_7
Interval_2,Interval_3,Interval_5,Interval_9,Interval_7,Interval_7
Interval_2,Interval_2,Interval_4,Interval_9,Interval_6,Interval_7
Interval_2,Interval_1,Interval_6,Interval_10,Interval_6,Interval_7
Interval_2,Interval_4,Interval_7,Interval_9,Interval_7,Interval_7
Interval_2,Interval_6,Interval_8,Interval_8,Interval_7,Interval_7
Interval_2,Interval_3,Interval_7,Interval_7,Interval_7,Interval_7
Interval_2,Interval_2,Interval_5,Interval_8,Interval_7,Interval_7
Interval_2,Interval_2,Interval_5,Interval_9,Interval_7,Interval_7
Interval_2,Interval_3,Interval_5,Interval_9,Interval_7,Interval_7
Interval_2,Interval_3,Interval_5,Interval_9,Interval_7,Interval_7
Interval_2,Interval_2,Interval_5,Interval_9,Interval_6,Interval_7
Interval_2,Interval_1,Interval_6,Interval_10,Interval_7,Interval_7
Interval_2,Interval_4,Interval_7,Interval_9,Interval_6,Interval_7
Interval_2,Interval_5,Interval_8,Interval_8,Interval_7,Interval_7
Interval_2,Interval_3,Interval_7,Interval_7,Interval_7,Interval_7
Interval_2,Interval_2,Interval_5,Interval_8,Interval_7,Interval_7
Interval_2,Interval_2,Interval_5,Interval_9,Interval_7,Interval_7
Interval_2,Interval_3,Interval_5,Interval_9,Interval_7,Interval_7
Interval_2,Interval_3,Interval_5,Interval_9,Interval_6,Interval_7
Interval_2,Interval_2,Interval_5,Interval_9,Interval_6,Interval_7
Interval_2,Interval_2,Interval_6,Interval_10,Interval_7,Interval_7
Interval_2,Interval_4,Interval_7,Interval_9,Interval_6,Interval_7
Interval_2,Interval_6,Interval_8,Interval_8,Interval_7,Interval_7
Interval_2,Interval_3,Interval_7,Interval_8,Interval_7,Interval_7
Interval_2,Interval_2,Interval_6,Interval_8,Interval_7,Interval_7
Interval_2,Interval_2,Interval_5,Interval_9,Interval_7,Interval_7
Interval_2,Interval_3,Interval_5,Interval_9,Interval_7,Interval_7
Interval_2,Interval_3,Interval_5,Interval_9,Interval_6,Interval_7
Interval_2,Interval_2,Interval_4,Interval_9,Interval_6,Interval_7
Interval_2,Interval_2,Interval_6,Interval_10,Interval_7,Interval_7
Interval_2,Interval_4,Interval_7,Interval_9,Interval_6,Interval_7
Interval_2,Interval_5,Interval_7,Interval_8,Interval_7,Interval_7
Interval_2,Interval_3,Interval_7,Interval_7,Interval_7,Interval_7
Interval_2,Interval_2,Interval_5,Interval_8,Interval_7,Interval_7
Interval_2,Interval_2,Interval_5,Interval_9,Interval_7,Interval_7
Interval_2,Interval_3,Interval_5,Interval_9,Interval_7,Interval_7
Interval_2,Interval_3,Interval_5,Interval_9,Interval_7,Interval_7
Interval_2,Interval_2,Interval_5,Interval_9,Interval_6,Interval_7
Interval_2,Interval_2,Interval_6,Interval_10,Interval_7,Interval_7
Interval_2,Interval_4,Interval_7,Interval_9,Interval_6,Interval_7
Interval_2,Interval_6,Interval_8,Interval_8,Interval_7,Interval_7
Interval_2,Interval_3,Interval_7,Interval_7,Interval_7,Interval_7
Interval_2,Interval_2,Interval_6,Interval_7,Interval_7,Interval_7
Interval_2,Interval_2,Interval_5,Interval_9,Interval_6,Interval_7
Interval_2,Interval_3,Interval_5,Interval_9,Interval_6,Interval_7
Interval_2,Interval_3,Interval_5,Interval_9,Interval_7,Interval_7
Interval_2,Interval_2,Interval_5,Interval_9,Interval_6,Interval_7
Interval_2,Interval_2,Interval_6,Interval_10,Interval_7,Interval_7
Interval_2,Interval_4,Interval_7,Interval_9,Interval_6,Interval_7
Interval_2,Interval_5,Interval_7,Interval_8,Interval_7,Interval_7
Interval_2,Interval_3,Interval_7,Interval_7,Interval_7,Interval_7
Interval_2,Interval_2,Interval_5,Interval_8,Interval_7,Interval_7
Interval_2,Interval_2,Interval_5,Interval_9,Interval_7,Interval_7
Interval_2,Interval_3,Interval_5,Interval_9,Interval_7,Interval_7
Interval_2,Interval_3,Interval_5,Interval_9,Interval_7,Interval_7
Interval_2,Interval_3,Interval_5,Interval_8,Interval_7,Interval_7
Interval_2,Interval_3,Interval_5,Interval_9,Interval_7,Interval_7
Interval_2,Interval_3,Interval_5,Interval_9,Interval_7,Interval_7
Interval_2,Interval_3,Interval_5,Interval_9,Interval_7,Interval_7
